OBJECTID,PLAN_NUM,PLAN_TITLE,REVIEW_DATE,SUBMIT_DATE,MCP_SIGN_DATE,CCPC_SIGN_DATE,PLAN_ACRES,LOTS_UNITS,BLDG_SQ_FT,PRIMARY_USE,PRIMARY_CODE,PRIMARY_UNITS,PRIMARY_NOTES,SCNDARY_USE,SCNDARY_CODE,SCNDARY_UNITS,TERTIARY_USE,TERTIARY_CODE,TERTIARY_UNITS,EG_ID,LAND_DEV_ID,LAND_DEV_YEAR,DESCRIPTION,PROJECT_NUM,PROJECT_NAME,SHAPEAREA,SHAPELEN
1,LD-01-17-14648,Devon Yard,2017/01/25 00:00:00+00,2016/12/28 00:00:00+00,2017/05/15 00:00:00+00,2017/09/28 00:00:00+00,6.09,3,49220,Commercial,Retail,1,,Commercial,Restaurant,1,Commercial,Unique,1,ed514efd-6431-4fca-b2e3-ae79ba346419,PR-004477-2017,2017,"demolish existing buildings and construct 3 commercial buildings (Restaurant, Retail/Dining and Event Space) and parking",PR-004477-2017,Devon Yard,255887.926544973,3553.5213353354
2,LD-01-17-14651,Ben Fisher Dairy Operation,2017/01/19 13:18:40+00,2016/12/27 00:00:00+00,2017/08/14 00:00:00+00,2017/11/21 00:00:00+00,97.61,3,21517,Commercial,Unique,3,,,,0,,,0,aed96866-7bb6-4a1b-a7f9-256a422c3652,PR-004478-2017,2017,"Proposed Heifer Barn, Feed Building, and Tie-Stall Barn, etc.",PR-004478-2017,Ben Fisher Dairy Operation,4262432.10092919,9314.70448875428
3,LD-01-17-14672,Chatham Financial,2017/02/01 10:30:52+00,2017/01/09 14:17:32+00,2017/04/10 00:00:00+00,2017/05/02 00:00:00+00,15.71,1,0,Commercial,Parking Lot/Garage,1,,,,0,,,0,fc094a52-6dfd-4534-b666-49d1372d5e0a,PR-004488-2017,2017,Parking lot addition of 161 spaces,PR-004488-2017,Chatham Financial,703266.029785868,5012.84597402488
4,LD-01-17-14690,Avon Grove Charter School,2017/02/01 10:10:10+00,2017/01/13 00:00:00+00,2017/04/05 00:00:00+00,2017/05/10 00:00:00+00,21.21,1,7284,Institutional,School,1,,,,0,,,0,59dc4c7e-394c-4c46-8b27-c0746c18149a,PR-004492-2017,2017,"Construct 7,284 SF modular school unit ",PR-004492-2017,Avon Grove Charter School,991161.602694928,4986.97608244696
5,LD-01-17-14693,"Penn Medicine Chester County Hospital, South Entrance Improvements, Amended Site Plan",2017/01/25 00:00:00+00,2017/01/19 00:00:00+00,2017/02/15 00:00:00+00,2017/03/01 00:00:00+00,17.7,1,0,Institutional,Hospital,1,,,,0,,,0,f34c5856-b227-4c84-8b4c-8434c4d18f9a,PROJ-4389,2017,"proposed canopy and other improvements (sidewalks, gates, etc.)",PROJ-4389,Penn Medicine Chester County Hospital Expansion Pr,763214.333886298,4565.07675527559
6,LD-01-17-14698,"Lancaster Chestnut Associates, L.P.",2017/02/13 00:00:00+00,2017/01/25 00:00:00+00,2018/12/20 00:00:00+00,2019/01/24 00:00:00+00,0.82,17,0,Residential,Apartment,17,,,,0,,,0,d1484ebe-a2cd-4eda-8c68-84add9742691,PR-004495-2017,2017,demolish existing dwellings and construct 17 apartments and parking,PR-004495-2017,"Lancaster Chestnut Associates, L.P.  ",35540.0925726953,789.525800557866
7,LD-01-17-14699,951 Howellville Road,2017/02/15 00:00:00+00,2017/01/26 11:03:24+00,,,3.08,20,0,Residential,Townhouse,20,,,,0,,,0,8f667354-86dc-40da-bfa4-995bdfd1655f,PR-004496-2017,2017,Proposed 20 Townhouses,PR-004496-2017,951 Howellville Road,23530.1189044025,669.22355089733
8,LD-01-17-14702,Aldi Store #87 Expansion,2017/02/13 00:00:00+00,2017/01/30 12:44:21+00,2017/12/13 00:00:00+00,2018/02/15 00:00:00+00,5.58,1,1885,Commercial,Addition to Existing,1,,,,0,,,0,fd0e33fa-9d54-4aa0-8a54-4da6e4c2a8fa,PR-004499-2017,2017,"1,885 SF building addition",PR-004499-2017,Aldi Store #87 Expansion,241390.757389265,2740.84933661121
9,LD-01-18-15245,Freddy's Frozen Custard,2018/01/24 00:00:00+00,2018/01/05 13:20:30+00,2018/03/12 00:00:00+00,2018/03/27 00:00:00+00,1.39,1,3386,Commercial,Fast Food,1,,,,0,,,0,cdc2ec3e-9407-4f59-ae2c-9a9fe2f622b0,PR-004722-2018,2018,Proposed building (Freddy's Frozen Custard) and parking,PR-004722-2018,Freddy's Frozen Custard,60941.9361373701,995.900921620696
10,LD-01-18-15251,640 Rice Boulevard - Eagleview Corporate Center,2018/02/09 00:00:00+00,2018/01/16 00:00:00+00,2018/04/09 00:00:00+00,2018/04/30 00:00:00+00,2.94,1,0,Institutional,Child Daycare,1,,,,0,,,0,37ac3191-58a0-4867-bc1a-1d6736e11405,PR-004727-2018,2018,Converting existing building to a day care,PR-004727-2018,640 Rice Boulevard - Eagleview Corporate Center,122574.828888823,1425.08292649255
11,LD-01-18-15253,Airport Diner,2018/02/09 13:20:09+00,2018/01/18 10:25:43+00,,,1.82,1,5170,Commercial,Restaurant,1,,,,0,,,0,6d129144-7049-4cd1-913d-fd4cda51d9c1,PR-004729-2018,2018,proposed building (restaurant) and parking ,PR-004729-2018,Airport Diner,84788.4083130318,1441.40514907451
12,LD-01-18-15255,Citadel Federal Credit Union,2018/01/31 00:00:00+00,2018/01/16 00:00:00+00,2018/10/01 00:00:00+00,2018/10/17 00:00:00+00,11.98,1,2673,Commercial,Bank,1,,,,0,,,0,a2d3ebba-e6fe-492f-be49-392d2f88aece,PR-004730-2018,2018,proposed building and parking,PR-004730-2018,Citadel Federal Credit Union,274325.348578624,3020.2439066453
13,LD-01-18-15264,Multimodal Transportation Center,2018/02/13 00:00:00+00,2018/01/22 14:13:34+00,2018/06/18 00:00:00+00,2018/08/14 00:00:00+00,1.22,1,12865,Institutional,Parking Lot/Garage,1,,,,0,,,0,e29de74d-0e13-4221-aa21-0e19f7c15013,PR-004736-2018,2018,Proposed Parking Garage,PR-004736-2018,Multimodal Transportation Center,54894.0099281165,1190.4298773321
14,LD-01-18-15272,Villa Maria Campus,2018/02/09 00:00:00+00,2018/01/29 13:23:17+00,2018/07/16 00:00:00+00,2018/07/19 00:00:00+00,44.4,1,0,Institutional,Parking Lot/Garage,1,,,,0,,,0,e9bc3aa5-a850-4c4d-b24c-cdd45e54e20b,PR-004741-2018,2018,changes to paving and parking ,PR-004741-2018,Villa Maria Campus,1870240.69774945,7138.80049291597
15,LD-01-18-15273,1723 Vineyards,2018/02/15 12:32:19+00,2018/01/25 00:00:00+00,,,36.37,1,2800,Commercial, ,1,,,,0,,,0,f1180027-5aa6-4edc-b68f-20c40d270fc3,PR-004742-2018,2018,one proposed building and parking,PR-004742-2018,1723 Vineyards,1572498.96408767,7968.9950422513
16,LD-01-18-15274,Taco Bell,2018/02/15 00:00:00+00,2018/01/26 00:00:00+00,2018/11/07 00:00:00+00,2019/06/11 00:00:00+00,2.02,1,2753,Commercial,Fast Food,1,,,,0,,,0,d284e1a3-7b10-4835-976a-ad0f90fc990d,PR-004743-2018,2018,proposed building (Taco Bell) and parking,PR-004743-2018,Taco Bell,92939.9951308811,1547.85240737391
17,LD-01-19-15726,Tasty Baking Oxford,2019/01/16 14:20:35+00,2018/12/28 00:00:00+00,2019/06/17 00:00:00+00,2020/01/29 00:00:00+00,42.55,1,43050,Industrial,Addition to Existing,1,,,,0,,,0,1f9b3fc7-5321-41b7-a5d9-0526bd87f212,PR-004975-2019,2019,proposed building addition (for shipping),PR-004975-2019,Tasty Baking Oxford,1839061.25683905,6075.56515699831
18,LD-01-19-15733,Smucker Fencing,2019/01/23 13:51:26+00,2019/01/09 10:30:53+00,2019/02/13 00:00:00+00,2019/05/24 00:00:00+00,3.65,1,9830,Commercial, ,1,,,,0,,,0,bcb2fa44-45b5-4e69-a203-ed646912e335,PR-004979-2019,2019,Proposed building,PR-004979-2019,Smucker Fencing,160376.768981496,1605.02031685178
19,LD-01-19-15736,Providence Church,2019/02/08 00:00:00+00,2019/01/10 13:58:57+00,2019/05/15 00:00:00+00,2019/08/06 00:00:00+00,2.7,1,11860,Institutional,Addition to Existing,1,,,,0,,,0,731480c7-204d-491c-ae2d-5deb519920e8,PR-004980-2019,2019,2 proposed additions to building,PR-004980-2019,Providence Church,98846.3211716204,1381.31291183194
20,LD-01-19-15742,Landscape Business Development,2019/01/23 13:57:17+00,2019/01/14 13:15:28+00,2019/09/18 00:00:00+00,2019/09/25 00:00:00+00,3.19,1,0,Commercial,Unique,1,,,,0,,,0,357ed171-c399-485e-9953-da7e089793fa,PR-004984-2019,2019,"proposed landscapers yard with storage, parking, lighting, and access drives, etc",PR-004984-2019,Landscape Business Development,117798.566378603,1865.92372111706
21,LD-01-19-15745,Ducklings Early Learning Center,2019/02/14 00:00:00+00,2019/01/23 00:00:00+00,2019/07/16 00:00:00+00,2019/07/17 00:00:00+00,4,1,13815,Institutional,Child Daycare,1,,,,0,,,0,5caa118d-cea0-45e2-b8a8-ce64f01f9160,PR-004986-2019,2019,Proposed building (daycare) and parking,PR-004986-2019,Ducklings Early Learning Center,188163.410010954,1894.39191402473
22,LD-01-19-15748,901 Skelp Level Rd.,2019/02/22 00:00:00+00,2019/01/28 11:45:51+00,2020/06/17 00:00:00+00,2020/07/15 00:00:00+00,6.11,1,50000,Industrial,Warehouse,1,,,,0,,,0,a2a14708-b547-4dbc-a23a-e7eb5b456cff,PR-004989-2019,2019,Proposed building and parking,PR-004989-2019,901 Skelp Level Rd.,257696.827901949,2163.39673880404
23,LD-01-19-15753,Radnor Hunt Indoor Riding Ring,2019/02/27 00:00:00+00,2019/01/30 11:13:57+00,,,8,1,19152,Commercial,Unique,1,,,,0,,,0,553bcc30-1f7b-4702-8802-206b6201cae1,PR-004991-2019,2019,proposed building (Indoor Riding Ring),PR-004991-2019,Radnor Hunt Indoor Riding Ring,336903.236770561,3077.94909722215
24,LD-01-20-16204,Renovate and Expand Amos Hall,2020/01/21 10:25:39+00,2019/12/30 00:00:00+00,,,152.53,1,20000,Institutional,Addition to Existing,1,,,,0,,,0,738797b4-8e31-49ba-a2f7-9a81cbe208bc,PR-005202-2020,2020,building addition,PR-005202-2020,Renovate and Expand Amos Hall,7036177.22306402,16760.6250059624
25,LD-01-20-16208,"DP Fritztown Center, LLC",2020/01/29 00:00:00+00,2020/01/06 00:00:00+00,,,2.06,71,0,Residential,Apartment,71,,,,0,,,0,2f56c502-f065-49f7-a4ba-f02a86625159,PR-005203-2020,2020,71 apartments in 1 building and parking,PR-005203-2020,"DP Fritztown Center, LLC",80491.0691015087,1507.29412018145
26,LD-01-20-16209,Berwyn Sports Club,2020/02/03 00:00:00+00,2020/01/09 00:00:00+00,2020/08/20 00:00:00+00,2021/02/05 00:00:00+00,10.97,1,39636,Commercial,Sports/Recreation ,1,,,,0,,,0,4b97a281-be59-4c2d-84f2-14f1069dff62,PR-005204-2020,2020,"Proposed: 2 buildings (sports & storage), 3 outdoor fields, and parking",PR-005204-2020,Berwyn Sports Club,460078.065419533,2735.70329636697
27,LD-01-20-16210,Enterprise Rent-A-Car,2020/01/21 00:00:00+00,2020/01/14 00:00:00+00,2020/09/23 00:00:00+00,2020/09/28 00:00:00+00,1.15,1,2076,Commercial,,1,,,,0,,,0,9f76abc2-daad-4cc7-963d-e4fce170df73,PR-005206-2020,2020,proposed building (car rental) and parking,PR-005206-2020,Enterprise Rent-A-Car,45071.8520252025,853.096462447149
28,LD-01-20-16224,14 N. Brick Lane,2020/02/21 00:00:00+00,2020/01/29 00:00:00+00,2020/04/21 00:00:00+00,2020/06/11 00:00:00+00,1.35,1,4300,Commercial,Office Building,1,,,,0,,,0,eea00f25-4b96-4cc9-b167-11bc197a6cd6,PR-005209-2020,2020,proposed building (office & storage),PR-005209-2020,14 N. Brick Lane,56601.8544344137,983.921509634494
29,LD-01-20-16227,"Byers Station ""Final Plan for Lot 2A & 2B of Parcel 5C""",2020/02/25 00:00:00+00,2020/01/28 00:00:00+00,2019/09/12 00:00:00+00,2020/11/20 00:00:00+00,13.43,57,26573,Residential,Townhouse,55,,Commercial,Retail,2,,,0,487ef132-149b-4157-a796-9f3617193397,PR-005210-2020,2020,"proposed: 55 Townhouses, 2 buildings (office, retail, and restaurant), roads, and parking",PR-005210-2020,Byers Station (Lot 2A & 2B of Parcel 5C),585310.633025721,3236.37554668276
30,LD-01-21-16591,Church Street Commons ,2021/02/01 15:02:17+00,2021/01/07 08:30:21+00,,,0.9,68,0,Residential,Apartment,68,,,,0,,,0,c4856e9e-aa67-4e7d-81e3-7219a4541a8f,PR-005370-2021,2021,"Development of 0.90 acre site (the former Borough Hall site), into a 4-story 68-unit apartment complex.",PR-005370-2021,Church Street Commons ,39330.6993175361,797.035550796905
31,LD-01-21-16592,Westtown-Thornbury Elementary School,2021/02/01 00:00:00+00,2021/01/07 14:27:43+00,2021/02/16 00:00:00+00,2021/07/09 00:00:00+00,11.08,1,7610,Institutional,School,1,,,,0,,,0,abfe1fa5-8259-45fa-8e2d-a71ef949792b,PR-005371-2021,2021,"proposed 7,610 SF school addition",PR-005371-2021,Westtown Thornbury Elementary School,460355.322297485,2740.66283768056
32,LD-01-21-16597,"Chester Springs Investments, LLC",2021/02/02 00:00:00+00,2021/01/11 13:52:49+00,,,21.346,5,34512,Residential,Single Family Residential,1,,Agricultural,Farm/Pasture Land,4,,,0,932565d4-9c03-4ccc-b87a-b4c965d28b78,PR-005373-2021,2021,"proposed SFR, shed, stable, indoor arena and portable stall",PR-005373-2021,"Chester Springs Investments, LLC",914374.061480019,4479.54517866603
33,LD-01-21-16603,Turnpike Industrial Park,2021/02/12 00:00:00+00,2021/01/14 00:00:00+00,2023/06/12 00:00:00+00,2023/07/06 00:00:00+00,169.4,3,1928880,Industrial,Warehouse,3,,,,0,,,0,09487d10-f6cd-4142-82cb-b5b398b4f7f4,PR-005375-2021,2021,"proposed 3 buildings 1,928,880 SF",PR-005375-2021,Turnpike Industrial Park,6054414.05398862,11381.4142106308
34,LD-01-21-16613,164 Byers Road,2021/02/11 00:00:00+00,2021/01/26 12:20:30+00,2023/11/20 00:00:00+00,2024/03/19 00:00:00+00,0.71,1,4400,Commercial,,1,,,,0,,,0,33fbc78b-a3e0-4e40-a131-2442677c43c0,PR-005380-2021,2021,"proposed 1 commercial, 22 new parking spaces",PR-005380-2021,164 Byers Road,30273.0962324868,711.698306163659
35,LD-01-22-17045,Eagleview Town Center II - Phase II,2022/02/10 00:00:00+00,2022/01/14 15:18:42+00,2022/07/11 00:00:00+00,2022/07/21 00:00:00+00,5.531,82,0,Residential,Apartment,82,,,,0,,,0,11d42e7e-a217-40d3-a1ad-1303935a0876,PR-005315-2020,2022,New apartment building with 82 units,PR-005315-2020,Eagleview Town Center II,194053.545111189,1761.55133671403
36,LD-01-22-17048,1004 Saunders Lane,2022/02/10 12:58:08+00,2022/01/11 09:18:22+00,2023/01/17 00:00:00+00,2023/07/25 00:00:00+00,5.648,1,19325,Commercial,Warehouse,1,,,,0,,,0,9d6bae83-bb90-4624-b7b6-6b738a1f9789,PR-005564-2022,2022,"proposed 19, 325 S.F. warehouse - Building expansion and parking lot revision",PR-005564-2022,1004 Saunders Lane,216451.396215859,2010.29703625892
37,LD-01-22-17049,Alexander Bishop,2022/02/02 08:52:38+00,2022/01/24 10:20:47+00,,,1.9764,1,4048,Commercial,Parking Lot/Garage,1,,,,0,,,0,e31f395a-6883-4a14-9fae-02deb7a38a1e,PR-005565-2022,2022,"proposed 4,048 S.F. garage
140 Graves Road
Oxford, PA 19363",PR-005565-2022,Alexander Bishop,85467.3395539809,1437.36970195999
38,LD-01-22-17053,"Kennett Chicken, LLC",2022/02/09 09:54:10+00,2022/01/31 11:05:17+00,2024/08/12 00:00:00+00,2024/09/05 00:00:00+00,11.34,1,2402,Commercial,Restaurant,1,, , ,0,,,0,0f61a453-6af4-4e33-be61-91988f88ad6a,PR-005568-2022,2022,Construction of Popeyes Restaurant with Drive-Thru,PR-005568-2022,"Kennett Chicken, LLC",461674.377736107,2891.76926477024
39,LD-01-22-17055,"Pothouse-Kimberton, LLC Urgent Care",2022/02/11 11:56:10+00,2022/01/24 14:26:33+00,,,5.305,1,445.6,Commercial,Medical Building,1,,,,0,,,0,c0f7cb83-da5a-451d-a9ff-4baaedbd50a1,PR-005570-2022,2022,Plan for Urgent Care Center,PR-005570-2022,"Pothouse-Kimberton, LLC Urgent Care",222502.558209943,2794.94430693641
40,LD-01-22-17063,11 Senn Drive - Parking Expansion,2022/02/18 08:49:11+00,2022/01/26 10:10:44+00,2022/02/18 00:00:00+00,2023/12/19 00:00:00+00,3.803,1,0,Commercial,Parking Lot/Garage,1,,,,0,,,0,668c939b-e4c8-41a5-b003-c9c4e6f8f061,PR-005573-2022,2022,11 Senn Drive - Parking Expansion Preliminary/Final Land Development Plan,PR-005573-2022,11 Senn Drive,158106.81362369,1709.38789523571
41,LD-01-22-17065,The Willows at Valley Run,2022/02/17 15:56:02+00,2022/01/20 11:32:14+00,2022/09/29 00:00:00+00,2022/09/30 00:00:00+00,15.17,120,0,Residential,Apartment,120,,,,0,,,0,0a141cca-f2d6-4cfd-8c14-fe52728b4740,PR-005572-2022,2022,proposed 5 buildings with 120 total apartments,PR-005572-2022,The Willows at Valley Run,661478.790589419,3747.82989616263
42,LD-01-22-17067,Avon Grove Charter School Early Learning Center,2022/02/11 11:55:56+00,2022/01/20 12:19:38+00,2022/06/01 00:00:00+00,2024/11/22 00:00:00+00,15,1,0,Institutional,Parking Lot/Garage,1,School parking lot,,,0,,,0,3000c492-4d78-4e50-ae80-c18a0e00f47a,PR-004539-2017,2022,add 35 parking spaces,PR-004539-2017,Avon Grove Charter School,605829.310920728,4110.14994462786
43,LD-01-22-17071,Knickerbocker Redevelopment,2022/03/16 09:40:30+00,2022/02/14 11:44:09+00,2023/11/08 00:00:00+00,2023/11/17 00:00:00+00,176.7,280,0,Residential,Townhouse,204,,Residential,Twin,76,,,0,77e8adf9-a2c2-4e90-ae83-915e885d9023,PR-005537-2021,2022,Proposed 204 townhomes and 76 twin units,PR-005537-2021,Knickerbocker Redevelopment,7767377.97136585,15571.010037355
44,LD-01-23-17506,Eagle Animal Hospital,2023/02/01 00:00:00+00,2023/01/09 14:40:46+00,,,1.4,1,1673,Commercial,Unique,1,Animal Hospital,,,0,,,0,9ed74173-cc84-4770-a8d4-5215a9bb597f,PR-005749-2023,2023,"proposed 1,673 SF",PR-005749-2023,Eagle Animal Hospital ,55995.0401673051,915.546114692665
45,LD-01-23-17508,"Benco Associates, LLC",2023/02/01 00:00:00+00,2023/01/09 09:53:33+00,2023/03/16 00:00:00+00,2023/10/30 00:00:00+00,5.29,1,15875,Industrial,Warehouse,1,Bldg. addition,,,0,,,0,ad4fa8bc-9b65-4548-bc6f-726e19e5b0d8,SUB-12150,2023,The project proposes the construction of a building addition and stormwater management basin.,SUB-12150,BENCO PROPERTIES,257601.970020985,2318.74900890678
46,LD-01-23-17509,Independence Park Phase 1 & II,2023/01/25 00:00:00+00,2023/01/06 11:01:13+00,,,96,1,0,Institutional,Park,1,,,,0,,,0,517595a8-8823-4478-b23e-a965b7e5cc57,PR-005751-2023,2023,Proposed Muni Park- Fee waived per Carol Stauffer,PR-005751-2023,Independence Park Phase 1 & II,4141694.54203876,10846.4198694136
47,LD-01-23-17514,6649 Moscow Road,2023/02/01 00:00:00+00,2023/01/10 09:38:43+00,,,6.6,1,26444,Industrial,Warehouse,1,,,,0,,,0,3e17361b-d202-4669-9da0-15473ae76a91,PR-005753-2023,2023,"Construction of a 26,444 square foot, two-floor “flex industrial building” to an existing industrial facility.",PR-005753-2023,6649 Moscow Road,285284.203432018,2788.35559173481
48,LD-01-23-17515,535 North Church Street,2023/02/03 00:00:00+00,2023/01/10 14:20:05+00,2023/03/15 00:00:00+00,2023/06/20 00:00:00+00,2.12,1,0,Commercial,Parking Lot/Garage,1,,,,0,,,0,692e7e65-4a98-438c-9ed8-3a67e12aeee5,PR-005754-2023,2023,Preliminary/Final Land Development plan for the construction of a new parking area with associated stormwater facility.,PR-005754-2023,535 North Church Street,95399.8460742059,1345.77753495287
49,LD-01-23-17516,3982 Lincoln Highway,2023/02/08 00:00:00+00,2023/01/18 16:07:56+00,,,0.932,1,3928,Commercial,Unique,1,farm market,,,0,,,0,f7881a4a-a50d-459a-b183-3e5a7353bb1f,PR-005755-2023,2023,Commercial building addition,PR-005755-2023,3982 Lincoln Highway,41561.7275439568,817.060705440688
50,LD-01-23-17517,Roman Mosaic and Tile Company,2023/03/08 00:00:00+00,2023/02/16 08:49:51+00,,,4,1,10000,Industrial,,1,,,,0,,,0,96ad8475-23fe-45f7-b5ee-17269fe674c5,PR-005756-2023,2023,"Proposed 10,000 SF building",PR-005756-2023,Roman Mosaic and Tile Company,180851.267006908,2127.77137745526
51,LD-01-23-17521,"Traditions of America (603, 604 & 608 E. Reeceville Road)",2023/02/13 00:00:00+00,2023/01/18 14:35:06+00,2026/02/19 00:00:00+00,2026/03/13 00:00:00+00,198.57,268,0,Residential,Single Family Residential,268,,,,0,,,0,ca39241b-1df1-47f8-89d3-b05102e0b96e,PR-005467-2021,2023,268 unit age restricted development with clubhouse,PR-005467-2021,Traditions of America,8650332.16773052,27580.2935627429
52,LD-01-23-17527,Chester County G.O. Carlson Airport,2023/02/09 00:00:00+00,2023/01/18 13:52:09+00,,,359.09,1,4800,Commercial,Unique,1,airport shed,,,0,,,0,160e6947-89dd-403c-8f8b-bb743c811186,PR-005759-2023,2023,"4,800 SF shed, paving and storm water improvements. Preliminary/Final Plan review for Chester County Airport Phase 1 /Accessory to existing commercial use for equipment shed only",PR-005759-2023,Chester County G.O. Carlson Airport,15187920.2438361,28741.2267890575
53,LD-01-23-17542,Proposed Day Care,2023/02/17 00:00:00+00,2023/01/30 07:49:57+00,2024/03/20 00:00:00+00,2024/03/21 00:00:00+00,2.45,2,15000,Commercial,Child Daycare,1,"10,000 SF",Commercial,Retail,1,,,0,d2c779dc-ff41-481b-b49e-1f8ff3ce94e2,PR-005763-2023,2023,"15,000 SF Day Care and Retail, 1 building",PR-005763-2023,Proposed Day Care,218866.241611084,2204.08979224167
54,LD-01-24-17958,"Tel Hai - Residential, Ambulance and Nursing Project",2024/02/05 00:00:00+00,2024/01/22 15:27:51+00,2025/05/01 00:00:00+00,2025/05/12 00:00:00+00,149.1,124,63200,Residential,Townhouse,44,44 cottages,Residential,Apartment,78,Institutional,Nursing Home/Assisted Living,2,43e91652-66a4-4880-ba59-12f113859989,PR-005937-2024,2024,"Proposed construction of a 57,800 square foot nursing wing addition, a 5,400 square foot ambulance center addition, 78 additional apartments in three structures, and 46 separate cottages.",PR-005937-2024,"Tel Hai - Residential, Ambulance & Nursing Project",534297.888789181,3814.7507889671
55,LD-01-24-17959,3766 Horseshoe Pike Land Development,2024/02/05 00:00:00+00,2024/01/22 15:31:04+00,,,1.602,3,6000,Commercial,Unique,1,contractor's shop,Residential,Townhouse,2,,,0,75bbf52e-97fe-44b6-ab90-818214092d8f,PR-005936-2024,2024,"Demolish existing dwelling and construct a 6,000 square foot commercial building, two dwellings and seven parking spaces.",PR-005936-2024,3766 Horseshoe Pike Land Development,67721.4641253391,1408.41258099122
56,LD-01-24-17965,Bush Auto,2024/02/28 00:00:00+00,2024/01/29 11:53:47+00,,,10.49,1,0,Commercial,Retail,1,131 new parking spaces,,,0,,,0,00194ef5-2b14-4288-a976-7efc40859037,PR-005940-2024,2024,Proposed addition of 131 parking spaces,PR-005940-2024,Bush Auto,399754.67664993,2586.88785164463
57,LD-01-24-17966,"PT Phoenixville, LLC",2024/02/09 00:00:00+00,2024/02/05 12:08:18+00,2025/05/22 00:00:00+00,2025/05/23 00:00:00+00,2.7,1,6049,Commercial,Convenience Store,1,,,,0,,,0,ee5c6d7a-bcf1-4951-82a7-2f1a408364fd,PR-005939-2024,2024,"Proposed 6,049 sf Wawa",PR-005939-2024,"PT Phoenixville, LLC",108100.56823952,1368.07332037306
58,LD-01-24-17969,Tara Schlichtig,2024/02/12 00:00:00+00,2024/01/23 16:13:51+00,,,11.939,2,3262,Commercial,Unique,1,Dog grooming bld,Residential,Single Family Residential,1,,,0,4518fffc-e1aa-4708-a3e4-d19b01850aa2,PR-005944-2024,2024,"Development of existing lot, non-residential proposed dog kennel",PR-005944-2024,Tara Schlichtig,563652.338232299,3528.41075653188
59,LD-01-24-17975,440 Highlands Boulevard,2024/02/23 00:00:00+00,2024/01/30 11:38:27+00,,,8.4,2,57600,Industrial,Warehouse,2,,,,0,,,0,10d8d7f8-4529-4b7b-8a31-45681fb37c84,PR-005946-2024,2024,"proposed 57,600 SF warehouse",PR-005946-2024,440 Highlands Boulevard,370254.672732492,2486.79154435279
60,LD-01-25-18370,341 E. Conestoga Road,2025/03/13 00:00:00+00,2025/02/25 08:44:54+00,2025/07/15 00:00:00+00,2025/09/26 00:00:00+00,0.52,1,176,Commercial,Sports/Recreation ,1,3 padel courts,,,0,,,0,90fe9fa2-afe3-45c0-8709-6efa94c73dd3,PR-006121-2025,2025,"The Applicant proposes the construction of 3 outdoor padel courts, a 176 square foot office/administration building,  and 20 parking spaces.",PR-006121-2025,341 E. Conestoga Road,20626.3756808172,638.953467780579
61,LD-01-25-18371,"Access Extension to 47, 49 & 51 Prospect Ave.",2025/02/13 00:00:00+00,2025/01/17 16:19:31+00,,,0.96,1,0,Residential,Single Family Residential,1,Unique - proposed private street,,,0,,,0,0b7da5bb-ea46-4224-9d2e-93811f0a3ec0,PR-006123-2025,2025,Proposal to extend and upgrade Prospect Avenue,PR-006123-2025,"Access Extension to 47, 49 & 51 Prospect Ave",138586.950962846,2472.03283106542
62,LD-01-25-18373,700 Fox Chase Road,2025/02/13 00:00:00+00,2025/01/15 08:54:18+00,2025/11/17 00:00:00+00,2025/12/01 00:00:00+00,3.36,1,1920,Industrial,Addition to Existing,1,,,,0,,,0,5b93ce08-5e94-4fad-9d76-c0603cf40144,PR-005873-2023,2025,"1,900 SF storage area building addition.",PR-005873-2023,700 Fox Chase Road,145022.006069365,1529.09182089492
63,LD-01-25-18391,"CTDI 125,000 SF Warehouse Building",2025/03/06 00:00:00+00,2025/02/25 14:02:12+00,,,35.05,1,125000,Industrial,Warehouse,1,, ,,0,,,0,f7f82cff-6252-41ad-a678-4a0ca5cf243d,PR-006128-2025,2025,"1 building, 125,000 SF and parking proposed. SD & LD plan.  CTDI is proposing to construct a 125,000 s.f. office/warehouse facility, with associated loading area and parking lot on a proposed 11.50-Acre tract in Sadsbury Township.  UPI 37-4-56.38 is currently a vacant 44.55-Acre parcel situated within the Bellaire Business Center, which is Zoned I-1 Light Industrial.",PR-006128-2025,"CTDI 125,000 SF Warehouse Building",1902738.60117723,15812.4343728878
64,LD-01-25-18402,Calvary Chapel Chester Springs,2025/03/05 00:00:00+00,2025/02/07 09:51:07+00,2025/10/13 00:00:00+00,2025/10/21 00:00:00+00,8.07,2,12940,Institutional,Addition to Existing,2,,,,0,,,0,cc754c21-42d4-4a86-a468-2ec95c0b44ec,PR-006129-2025,2025,"2 bldg additions, a covered patio, and parking proposed. SD & LD plan.",PR-006129-2025,Calvary Chapel Chester Springs,346978.307964193,2468.47825907931
65,LD-01-25-18404,Altair Eco Village,2025/03/04 00:00:00+00,2025/02/06 10:30:21+00,,,9.62,30,4700,Residential,Townhouse,29,,Commercial, ,1, , ,0,685bf0b4-fe9a-4251-988d-07c56a18b296,PR-006131-2025,2025,"Proposed: 29 townhouses, 1 clubhouse.  Existing: 1 half of existing twin with frontage on Kimberton Road",PR-006131-2025,Altair Eco Village,409959.153199686,4429.16423187655
66,LD-01-26-18769,341 E. Conestoga Road,2026/01/28 11:43:12+00,2026/01/07 16:17:56+00,,,0.52,1,7764,Commercial,Sports/Recreation ,1,2 outdoor padel courts and a clubhouse building with fitness facilities,,,0,,,0,ce48017e-465b-49cd-a385-1d28f7e02634,PR-006121-2025,2026,"1 proposed COM building, 7,764sf w/ 2 outdoor padel courts (Township description - Modification to an approved plan to construct 2 Padel courts, a fitness center, and associated parking on a currently vacant lot located at 341 E Conestoga Road in Wayne PA.)",PR-006121-2025,341 E. Conestoga Road,20626.33505373,638.953468561078
67,LD-01-26-18770,Penn Oaks Tennis And Fitness Center Padel Courts Addition,2026/02/06 11:42:18+00,2026/01/07 11:44:58+00,,,4.8,1,0,Commercial,Sports/Recreation ,1,3 padel courts,,,0,,,0,8403a1c1-7182-4053-8532-53e319735e15,PR-006293-2026,2026,Proposal of 3 padel courts,PR-006293-2026,Penn Oaks Tennis & Fitness Center Padel Courts,322773.457756747,2688.71105659919
68,LD-01-26-18785,Spring City Borough Complex,2026/02/12 09:40:46+00,2026/01/16 15:30:06+00,,,1.68,2,13522,Institutional,Government,1,Borough Hall building,Institutional,Utility,1,,,0,69b4d27e-ab89-4e5a-8a42-3c3d1bfc2260,PR-006297-2026,2026,"2 proposed buildings - municipal & public works, paving, and parking.     Description by Applicant: New Borough Hall Complex",PR-006297-2026,Spring City Borough Complex,76814.7620589673,1542.4470717394
69,LD-01-26-18789,Township Line Road Development,2026/03/12 15:25:18+00,2026/02/10 14:42:37+00,,,3.43,38,0,Residential,Townhouse,38,,,,0,,,0,1a00ffff-dc04-413d-b6c1-10debad345a8,PR-006298-2026,2026,"LD = 39 townhomes, parking & open space proposed, SD-01-26-18786 = 6 lots into 1 lot. ",PR-006298-2026,Township Line Road Development,155407.445481227,1779.24211070342
70,LD-01-26-18790,257 Kennett Pike,,2026/03/10 10:56:26+00,,,2.3,1,10000,Commercial,Retail,1,,,,0,,,0,f7ebd86f-79b6-47c6-81e2-720828ca477d,PR-006299-2026,,"10,000 SF building proposed, COM/retail (Township description: existing nonconforming commercial use located along PennDOT Rt. 52 proposes partial redevelopment of the lot to construct one new commercial structure and associated improvements. no changes proposed to driveway access or existing buildings.)",PR-006299-2026,257 Kennett Pike,94774.0182721331,1266.2124187675
71,LD-01-26-18793,Simpers Well Water Treatment Plant,2026/02/19 14:48:59+00,2026/01/20 10:24:54+00,,,2,1,1800,Institutional,Unique,1,water treatment plant,,,0,,,0,ecdc0480-bf17-47ba-bd5b-c4d5f791eed1,PR-006300-2026,2026,"Proposed building, paving, etc. for water treatment plant     (Description by Applicant: Simpers Well Water Treatment Plant)",PR-006300-2026,Simpers Well Water Treatment Plant,90430.9128187016,1318.03388366773
72,LD-01-26-18804,Sadsbury CSG 1 LLC Solar Project,2026/03/03 13:47:21+00,2026/02/02 09:23:06+00,,,13.8,1,0,Industrial,Unique,1,Solar panels,,,0,,,0,d07986c5-1f7d-4422-858c-82f6f16b2cd1,PR-006306-2026,2026,354 solar panels w/ 483sf transformer pad proposed,PR-006306-2026,Sadsbury CSG 1 LLC Solar Project,496998.919102476,3172.64092597297
73,LD-02-17-14722,Marquis at Exton,2017/03/10 00:00:00+00,2017/02/14 00:00:00+00,2017/04/12 00:00:00+00,2017/05/23 00:00:00+00,21.5,240,0,Residential,Apartment,240,,,,0,,,0,69068036-8bb2-41e4-bdd6-25a133603f27,PR-004504-2017,2017,"Build 240 apts. in 5 buildings, a clubhouse and parking",PR-004504-2017,Marquis at Exton,894484.723178465,4033.80449161513
74,LD-02-17-14733,Audi Devon - 230 West Lancaster Avenue,2017/03/10 00:00:00+00,2017/02/21 00:00:00+00,2017/06/19 00:00:00+00,2017/12/18 00:00:00+00,7.75,1,0,Commercial,Parking Lot/Garage,1,,,,0,,,0,1f937791-7975-447b-b0de-840570cba704,PR-004507-2017,2017,Demolish existing building to create additional parking for an Audi Dealership,PR-004507-2017,Audi Devon - 230 West Lancaster Avenue,309517.486950353,2425.24128405824
75,LD-02-17-14735,Robert and Patricia Chambers,2017/03/19 00:00:00+00,2017/02/21 00:00:00+00,2017/12/07 00:00:00+00,2017/12/12 00:00:00+00,0.36,7,2400,Residential,Apartment,6,,Commercial,Addition to Existing,1,,,0,290ec8a6-07a9-4f76-97ac-65fb24b34555,PR-004509-2017,2017,proposed building addition and parking,PR-004509-2017,Robert and Patricia Chambers,10395.3410656235,427.627192561113
76,LD-02-17-14743,Kauffman Gas,2017/03/24 00:00:00+00,2017/02/24 00:00:00+00,2017/06/01 00:00:00+00,2017/06/14 00:00:00+00,3.75,1,2920,Commercial,Addition to Existing,1,,,,0,,,0,e5c0c274-9265-4328-ab92-0402fbf5db44,PR-004514-2017,2017,"2,920 SF garage addition",PR-004514-2017,Kauffman Gas,126455.415885947,1534.46658842013
77,LD-02-18-15275,Overall Farm,2018/02/26 00:00:00+00,2018/01/31 00:00:00+00,2018/07/18 00:00:00+00,2018/08/03 00:00:00+00,68.7,1,0,Residential,Single Family Residential,1,,,,0,,,0,9298504d-d66c-4a95-99b5-41e83980ebe6,PR-004744-2018,2018,Proposed SFR on existing lot,PR-004744-2018,Overall Farm,4347334.58806496,12398.004024988
78,LD-02-18-15276,Ivy Prep Academy,2018/02/27 00:00:00+00,2018/02/01 11:07:57+00,,,1.61,1,1821,Institutional,School,1,,,,0,,,0,15d27cf3-6ba9-4a2f-b9f1-e2a39b81c80e,PR-004745-2018,2018,"Convert existing building into a school, add a building addition and parking.",PR-004745-2018,Ivy Prep Academy,57882.3886521475,1032.69176044978
79,LD-02-18-15281,"Proposed Self Storage Facility, 1464 Pottstown Pike",2018/03/02 00:00:00+00,2018/02/06 00:00:00+00,2018/03/28 00:00:00+00,2019/03/28 00:00:00+00,2.66,1,88000,Commercial,Unique,1,,,,0,,,0,60f8ec06-0a40-4ba8-b425-4e8ede1982ed,PR-004746-2018,2018,"Proposed three-story 88,000 square foot self-storage facility and parking.",PR-004746-2018,"Self Storage Facility, 1464 Pottstown Pike ",110038.193484643,1312.66219128867
80,LD-02-18-15289,CTDI Sadsbury,2018/03/12 00:00:00+00,2018/02/14 14:40:37+00,2018/09/19 00:00:00+00,2018/09/24 00:00:00+00,27.87,1,137600,Industrial,Addition to Existing,1,,,,0,,,0,258ebe9d-e010-4e1d-8351-b3f5a193e2bb,PR-004750-2018,2018,two building additions and adding parking,PR-004750-2018,CTDI Sadsbury,1221808.89896637,4528.99785737136
81,LD-02-18-15295,Darlington Ridge at West Chester,2018/03/23 00:00:00+00,2018/02/21 14:33:52+00,2018/09/11 00:00:00+00,2019/09/06 00:00:00+00,86.46,106,0,Residential,Townhouse,106,,,,0,,,0,94ed7f95-bac1-49fa-a232-788b822ff6f8,PR-004753-2018,2018,"106 Townhouses, roads, and open space on 3 lots",PR-004753-2018,Darlington Ridge at West Chester,3680513.96297262,12924.1668706166
82,LD-02-18-15298,The Village at Byers Station - Lot 2 Commercial,2018/03/20 00:00:00+00,2018/02/23 00:00:00+00,,,29.79,4,40713,Commercial,Retail,3,"30,713 sq. ft. commercial sq. footage",Institutional,Educational Facility,1,,,0,919f3731-d3d5-4a7a-a189-92eb22f13fe3,PR-004754-2018,2018,4 proposed buildings and parking,PR-004754-2018,The Village at Byers Station - Lot 2 Commercial,1350517.35888284,5013.26026093794
83,LD-02-18-15302,1237 Lancaster LLC,2018/03/27 00:00:00+00,2018/02/28 13:08:19+00,2019/04/14 00:00:00+00,2019/06/19 00:00:00+00,0.34,5,2398,Commercial,Retail,1,,Residential,Apartment,4,,,0,0a56d38d-2504-42b1-b016-7e938efe45cc,PR-004757-2018,2018,Demolish existing building. proposed building (COM and APT) and parking.,PR-004757-2018,1237 Lancaster LLC,13932.0128242207,484.932097157791
84,LD-02-19-15761,1420 Phoenixville Pike,2019/02/27 00:00:00+00,2019/02/01 00:00:00+00,,,12.04,1,36000,Industrial, ,1,,,,0,,,0,c025384d-2bbd-4d03-88ae-c98417868440,PR-004994-2019,2019,Proposed building (flex) and parking ,PR-004994-2019,1420 Phoenixville Pike,537422.223528558,3169.46611967136
85,LD-02-19-15767,"Downingtown Investors, LLC",2019/03/06 00:00:00+00,2019/02/06 12:46:29+00,,,1.74,1,2753,Commercial,Fast Food,1,,,,0,,,0,ab566667-b8fe-4226-af94-87a5c5e1de2f,PR-004914-2018,2019,"Proposed building (Taco Bell), drive-thru and parking",PR-004914-2018,"Downingtown Investors, LLC",65487.8493944421,1065.11935645296
86,LD-02-19-15772,Hy-Tech Mushroom at 155 Valley Road,2019/03/07 00:00:00+00,2019/02/08 11:47:15+00,,,50.33,3,167480,Commercial,Mushroom House,3,,,,0,,,0,24b95aa2-d4f1-4d4c-a75c-e292ea9631db,PR-004999-2019,2019,"Proposed 3 buildings (mushroom houses), 2 concrete tanks and parking",PR-004999-2019,Hy-Tech Mushroom at 155 Valley Road,2058689.84912478,10709.1487411848
87,LD-02-19-15783,956 South Matlack Street,2019/03/15 00:00:00+00,2019/02/15 15:20:03+00,2019/07/23 00:00:00+00,2019/08/15 00:00:00+00,4,205,0,Residential,Apartment,205,,,,0,,,0,a1db8a5d-1003-4ea2-a0f5-723943e86e27,PR-005005-2019,2019,"Construct a 4 story, 205 unit apartment building and parking",PR-005005-2019,956 South Matlack Street,193758.442065791,1762.5241897008
88,LD-02-19-15789,Benjamin Y. & Fannie B. Fisher,2019/03/21 00:00:00+00,2019/02/21 00:00:00+00,2020/04/15 00:00:00+00,2020/05/20 00:00:00+00,65,1,1440,Institutional,School,1,,,,0,,,0,e64201d0-9c26-440e-bc49-fb3540edca9a,PR-005007-2019,2019,"Review is for existing schoolhouse, which was not reviewed in the past.",PR-005007-2019,Benjamin Y. & Fannie B. Fisher,2813347.66936889,7450.18995692491
89,LD-02-19-15793,Airport Diner,2019/03/21 00:00:00+00,2019/02/25 11:19:05+00,,,1.75,1,5170,Commercial,Restaurant,1,,,,0,,,0,29d6db74-57b6-4bcc-84e3-9884427bb07a,PR-005009-2019,2019,Proposed building (restaurant) and parking lot,PR-005009-2019,Airport Diner,84788.4083130318,1441.40514907451
90,LD-02-19-15797,"CSH Exton, LLC Oaklands Business Park (Lot 1)",2019/03/22 00:00:00+00,2019/02/26 13:00:53+00,2019/06/12 00:00:00+00,2019/10/02 00:00:00+00,4.05,1,76240,Institutional,Nursing Home/Assisted Living,1,,,,0,,,0,5fccebe9-d363-4b2c-bd6f-ea85dac370ce,PR-005010-2019,2019,"Proposed 76,240 square foot assisted living facility (99 beds) and parking.",PR-005010-2019,"CSH Exton, LLC Oaklands Business Park (Lot 1)",177526.914507555,1664.0545656586
91,LD-02-20-16232,Uptown Worthington,2020/02/26 00:00:00+00,2020/01/31 00:00:00+00,2022/02/09 00:00:00+00,2022/04/06 00:00:00+00,103.01,510,294104,Residential,Apartment,500,,Commercial,Office Building,3,Commercial,Retail,7,f08244d0-081c-4d34-a240-81198d910d11,PROJ-2449,2020,"500 APT in 2 bldgs, a movie theater, 3 office bldgs, 7 retail bldgs, parking and roads",PROJ-2449,Uptown Worthington,4375385.80084128,11529.8572366772
92,LD-02-20-16233,RV Parking Expansion,2020/03/03 00:00:00+00,2020/02/03 00:00:00+00,,,1.24,1,0,Commercial,Parking Lot/Garage,1,,,,0,,,0,a7161b32-0190-4825-a86a-36732a45cda2,PR-005216-2020,2020,proposed parking,PR-005216-2020,RV Parking Expansion,54432.4728401839,1093.33221797562
93,LD-02-20-16236,Life Time Healthy Way of Life,2020/03/05 00:00:00+00,2020/02/05 13:45:40+00,,,5.38,1,32640,Commercial,Office Building,1,,,,0,,,0,d9f38c75-f274-43dc-b095-589f02df785f,PR-005218-2020,2020,proposed building (office) and parking,PR-005218-2020,Life Time Healthy Way of Life,234609.064508785,2238.47670878356
94,LD-02-20-16238,Charity's Place,2020/03/02 00:00:00+00,2020/02/05 15:07:12+00,,,2.97,9,0,Residential,Townhouse,9,,,,0,,,0,06bc06fd-256b-40e7-ad99-514fbc101ca2,PR-005219-2020,2020,9 Townhouses proposed,PR-005219-2020,Charity's Place,130366.346612285,1466.7022715283
95,LD-02-20-16251,Springer Corporate Center,2020/03/05 00:00:00+00,2020/02/05 00:00:00+00,2020/06/15 00:00:00+00,2020/07/23 00:00:00+00,1.83,1,2400,Commercial,Addition to Existing,1,,,,0,,,0,6620cb84-376a-4c6c-809b-0489d3b175d7,PR-005221-2020,2020,proposed building addition and parking,PR-005221-2020,Springer Corporate Center,76408.8339018617,1147.41081210135
96,LD-02-20-16266,Mark Properties - Avondale,2020/03/02 00:00:00+00,2020/02/12 00:00:00+00,2020/12/02 00:00:00+00,2022/11/18 00:00:00+00,9.53,4,48000,Commercial,Unique,4,,,,0,,,0,1a09ff8c-343a-42c0-a3b1-0cc7121552e4,PR-005225-2020,2020,"4 proposed buildings (storage) and parking spaces for RV's, campers, and boats. only water is proposed, no sewer.",PR-005225-2020,Mark Properties - Avondale,413378.088557649,2476.8560436579
97,LD-02-20-16267,Null's Towing,2020/03/02 00:00:00+00,2020/02/12 00:00:00+00,2020/07/23 00:00:00+00,2020/08/06 00:00:00+00,7.06,1,10000,Commercial,Unique,1,,,,0,,,0,75b6b740-aa28-481a-81f0-f528caec1fb5,PR-005226-2020,2020,proposed building (storage shed). no water or sewer proposed.,PR-005226-2020,Null's Towing,282181.286514069,2345.7326707424
98,LD-02-20-16277,Red Lion Equipment / Storage Building,2020/03/10 00:00:00+00,2020/02/24 00:00:00+00,2020/03/03 00:00:00+00,2020/05/20 00:00:00+00,309.6,2,18700,Commercial,Unique,2,,,,0,,,0,80152ae1-2697-4296-9252-6fd9667b9389,PR-005231-2020,2020,two proposed buildings and parking,PR-005231-2020,Red Lion Equipment / Storage Building,13526221.3950958,15859.0016139265
99,LD-02-20-16278,California Closets / Fricks Lock Road,2020/03/10 09:35:36+00,2020/02/24 00:00:00+00,2021/02/23 00:00:00+00,2021/05/07 00:00:00+00,4.29,1,6000,Commercial,Addition to Existing,1,,,,0,,,0,bc9f2375-76d9-4d7e-9076-1cd8b2b718b0,PR-005232-2020,2020,proposed building addition and parking,PR-005232-2020,California Closets / Fricks Lock Road,192880.792507027,1835.2040704325
100,LD-02-21-16619,Glen Acres Elementary School,2021/03/12 00:00:00+00,2021/02/10 00:00:00+00,2022/01/18 00:00:00+00,2022/02/02 00:00:00+00,11.715,1,15394,Institutional,Educational Facility,1,,,,0,,,0,cb1eb36f-307e-45ef-a029-0dfe2f3ec866,PR-005382-2021,2021,"15,394 square foot addition",PR-005382-2021,Glen Acres Elementary School,487805.781323261,3443.49445288888
101,LD-02-21-16621,R&S Land Development,2021/03/01 00:00:00+00,2021/02/05 11:54:27+00,,,15.095,2,14400,Industrial,Warehouse,2,,,,0,,,0,647a50e1-94f9-47d5-982e-7ac0fa2d07d0,PR-005383-2021,2021,"Proposed 14,400 SF warehouse",PR-005383-2021,R&S Land Development,578205.776651096,3913.24675655445
102,LD-02-21-16623,431 West Baltimore Pike,2021/03/01 00:00:00+00,2021/02/08 08:55:45+00,2021/05/12 00:00:00+00,2022/01/04 00:00:00+00,15.2489,1,2000,Industrial, ,1,addition to building (office addition),,,0,,,0,1bc39bfb-f63d-4e11-90c0-42c78b7f92fa,PR-005384-2021,2021,"proposed 2,000 SF addition to bldg.",PR-005384-2021,431 West Baltimore Pike,621956.658593781,4209.67660572659
103,LD-02-21-16627,French Creek West (Steelpointe) Phase 5,2021/03/09 16:12:46+00,2021/02/16 00:00:00+00,2022/03/07 00:00:00+00,2022/03/08 00:00:00+00,7,272,0,Residential,Apartment,272,,,,0,,,0,d2bed4ed-e8bc-4a41-a100-54bd88a6f21c,PR-005386-2021,2021,proposed 272 apartment units,PR-005386-2021,French Creek West (Steelpointe),1519570.93431333,5614.42836686789
104,LD-02-21-16628,Allen R. Lapp,2021/02/19 00:00:00+00,2021/02/08 00:00:00+00,2021/04/14 00:00:00+00,2021/10/15 00:00:00+00,38.39,2,6000,Residential,Single Family Residential,1,,Industrial,Unique,1,,,0,1e83c5c6-bf83-41c7-a38b-3dca90623453,PR-005387-2021,2021,"proposed 6,000 SF bldg",PR-005387-2021,Allen R. Lapp,1673548.30126619,6625.82804947673
105,LD-02-21-16631,Commons at Great Valley Lot 15,2021/03/12 00:00:00+00,2021/02/10 13:06:46+00,2021/09/08 00:00:00+00,2022/08/02 00:00:00+00,2.85,1,0,Commercial,Parking Lot/Garage,1,,,,0,,,0,35c7fd3f-e3b8-490b-96b3-5c7bc9e33df5,PR-005388-2021,2021,proposed parking lot with 31 spaces,PR-005388-2021,Commons at Great Valley Lot 15,125312.695537669,2194.35118440689
106,LD-02-22-17086,"10 Malin Road Associates, L.P.",2022/03/10 13:01:42+00,2022/02/08 14:54:15+00,,,3.25,1,11000,Industrial,Warehouse,1,, , ,0,,,0,ab78199a-612b-439c-80cc-169fe7ac08a5,PR-005577-2022,2022,"proposed 11,000 S.F. building",PR-005577-2022,"10 Malin Road Associates, L.P.",142814.707856317,2001.12449734385
107,LD-02-22-17087,Kendal Longwood Health Center,2022/02/22 11:34:34+00,2022/02/03 12:55:51+00,,,133,1,32200,Institutional,Addition to Existing,1,,,,0,,,0,a935579d-805f-4aae-948a-02ff0b73f259,PROJ-1098,2022,"sketch plan - proposed 32,200 S.F. building addition",PROJ-1098,Kendal @ Longwood Congregate Care,5212153.04599724,10126.7308778537
108,LD-02-22-17092,211 High Street,2022/03/11 11:50:34+00,2022/02/15 15:53:01+00,2022/06/14 00:00:00+00,2022/07/15 00:00:00+00,1,8,0,Residential,Apartment,8,,,,0,,,0,9a88f073-582f-4890-9893-a49b63f4a97a,PR-005555-2021,2022,"Remove and replace existing blighted dwelling with 8 apartment units
8 unit multifamily building.",PR-005555-2021,211 High Street,7026.94886757764,498.076844768146
109,LD-02-22-17098,West Goshen Hotel,2022/03/30 12:37:08+00,2022/03/03 09:33:13+00,,,5.29,1,213000,Commercial,Hotel/Resort/Inn,1,,,,0,,,0,ac749b63-4bb4-458e-877e-92c01c186861,PR-005582-2022,2022,"Proposed 213,000 S.F. Hotel",PR-005582-2022,West Goshen Hotel,229657.018736289,2371.61020513693
110,LD-02-22-17111,West Whiteland Township Public Works,2022/03/18 12:44:10+00,2022/02/17 08:48:03+00,,,25.07,1,39200,Institutional,Government,1,Public Works Facility,,,0,,,0,b761c3a3-7866-4e9a-b907-08b9f1ad07f8,SUB-03722,2022,Township's New Public Works Facility,SUB-03722,WEST WHITELAND TOWNSHIP,1125346.58983967,4868.67440053911
111,LD-02-22-17114,Cheyney University Proposed Athletic Complex,2022/03/14 00:00:00+00,2022/03/03 09:05:29+00,,,24,1,160247,Institutional,Sports/Recreation ,1,,,,0,,,0,685cf704-21fe-40da-aa01-2cbc2dbc65b0,PR-005585-2022,2022,"proposed indoor performance facility, 160,247 S.F.",PR-005585-2022,Cheyney University Proposed Athletic Complex,5163810.92730794,11657.46879751
112,LD-02-22-17117,Providence Capital Group Evergreen Lane,2022/04/11 10:43:03+00,2022/03/15 09:44:08+00,2022/08/09 00:00:00+00,2023/01/25 00:00:00+00,1,10,0,Residential,Townhouse,10,,,,0,,,0,4861ef0b-a65c-4cee-9d73-0036f96b1d61,PR-005587-2022,2022,"Combine the existing residential parcels and subdivide into five (5) lots. The resultant lots will all be multi-family lots containing a two-unit structure each with a unit on the first floor, and a unit on the second floor.",PR-005587-2022,Providence Capital Group Evergreen Lane,28066.1607820054,726.054285924877
113,LD-02-22-17120,1305 Wilmington Pike,2022/04/12 13:37:51+00,2022/03/15 16:06:48+00,,,3.099,3,31292,Commercial,Retail,1,,Commercial,Restaurant,1,Commercial,Office Building,1,2aade347-6780-408e-8539-d1f2ec38d2cc,PR-005195-2019,2022,"31,292 SF Commercial/Office Building and associated 115 Space Parking Area",PR-005195-2019,1305 Wilmington Pike,134599.388993194,1507.02310960307
114,LD-02-23-17547,Columbia Cottage at Boot Road,2023/03/03 00:00:00+00,2023/02/02 09:10:37+00,,,8.14,1,64908,Institutional,Nursing Home/Assisted Living,1,75 beds,,,0,,,0,e346a0be-8029-432f-81a3-726c7ad1e829,PR-005764-2023,2023,"64,908 square foot assisted living facility (75 beds). Refer to CCPC# SD-02-23-17545 for concurrent lot consolidation plan.",PR-005764-2023,Columbia Cottage at Boot Road,319268.573308849,2695.67722395768
115,LD-02-23-17551,"Megill Holdings, LLC",2023/03/03 00:00:00+00,2023/02/03 13:30:37+00,2023/06/21 00:00:00+00,2023/09/21 00:00:00+00,0.56,4,0,Residential,Townhouse,4,, ,,0,,,0,dbe596c1-7281-482c-bbb8-c7431017a08d,PR-005765-2023,2023,4 proposed townhouses. Reverse subdivision and land development of parcels 1-13-28 and 1-13-29,PR-005765-2023,"Megill Holdings, LLC",24245.8008351885,648.37768152202
116,LD-02-23-17557,New Elementary School - Tax Map Parcel 26-03A-004.00,2023/03/07 00:00:00+00,2023/02/16 10:00:49+00,2023/06/14 00:00:00+00,2024/01/29 00:00:00+00,29.51,1,105000,Institutional,Educational Facility,1,,,,0,,,0,ca4932f2-c971-46ab-bc82-1e0da7ddd2fe,PR-005767-2023,2023,"105,000 SF elementary school, ball field, play area and parking. preliminary land development plans for new elementary school - Phoenixville Area School District",PR-005767-2023,New Elementary School - Tax Parcel 26-03A-004.00,1220067.0674801,5261.79558245598
117,LD-02-23-17559,Eagleview Lot 1A for The Hankin Group,2023/03/03 00:00:00+00,2023/02/21 14:04:50+00,2023/06/19 00:00:00+00,2024/09/30 00:00:00+00,13.645,1,60600,Commercial,Unique,1,Flex Building,,,0,,,0,0d9a8e3d-6583-4b3e-9602-2a2a79034b3b,PR-004802-2018,2023,"Eagleview Corporate Center Lot 1A land development plan proposed 60,600 SF flex bldg with parking.",PR-004802-2018,Eagleview Lot 1C,592257.818053884,3355.54877536793
118,LD-02-23-17564,New Garden Elementary School,2023/03/20 00:00:00+00,2023/02/21 12:32:16+00,2024/06/28 00:00:00+00,2024/07/10 00:00:00+00,25,1,105240,Institutional,School,1,,,,0,,,0,260df33f-49b0-4200-9c79-6f71cbe0fd5b,SUB-426,2023,"105,240 SF Elementary School. KCSD is applying to construct a new elementary school behind the existing New Garden Elementary School, with associated parking, driveways, SWM, and playgrounds.",SUB-426,NEW GARDEN ELEMENTARY SCHOOL,1075038.94209962,4408.24984021549
119,LD-02-23-17565,(Composting Bunkers) for Kaolin Mushrooms,2023/03/03 00:00:00+00,2023/02/17 13:11:20+00,,,59.75,2,6467,Agricultural,Mushroom House,2,composting bunkers,,,0,,,0,d19cd0c9-ed10-4a55-9d81-2c509d4fbdb8,PR-005771-2023,2023,"6,467.51 SF composting bunkers. Addition of two ""Bunker"" buildings to the existing Mushroom operations of the facility. (over pd by $22.61.  Did refund)",PR-005771-2023,(Composting Bunkers) for Kaolin Mushrooms,2523195.82119248,12374.7813456577
120,LD-02-23-17568,1134 Ridge Road,2023/03/21 00:00:00+00,2023/02/27 10:18:02+00,,,3.2,1,5000,Institutional,Unique,1,Flex Space,, ,0,,,0,4b43eae0-01b8-4c8e-9d88-241f2570e47f,PR-005773-2023,2023,Construction of a new building on a commercial property with two existing buildings,PR-005773-2023,1134 Ridge Road,110533.333835533,1475.50887937249
121,LD-02-23-17570,Paradise Village,2023/03/20 00:00:00+00,2023/02/24 14:23:28+00,,,5.86,202,12670,Residential,Apartment,200,,Commercial,Office Building,1,Commercial,Restaurant,1,3adb8579-4b1b-4181-94d7-a792851211ac,PR-005728-2022,2023,"200 APT, 12,670 SF office, coffee shop, restaurant, and parking. This plan proposes to construct 5-story building with 12,670 square feet of commercial space on the ground floor, 200 residential units (264 bedrooms) above, the Hall Street extension, surface and under-building parking (252 residential, 88 commercial spaces) and associated storm water management.",PR-005728-2022,Paradise Village,260628.881359457,3658.74368407388
122,LD-02-23-17572,AT&T Mobility,2023/03/20 00:00:00+00,2023/03/14 13:12:37+00,2024/04/08 00:00:00+00,2024/05/23 00:00:00+00,0.36,1,44,Industrial,Unique,1,Equipment shelter,,,0,,,0,b9f03675-c877-4212-812d-09785004ebd9,PR-005774-2023,2023,Construction of a cellular communications facility and a 44 square foot equipment building,PR-005774-2023,At&T Mobility,2641813.77982475,6543.59175060276
123,LD-02-23-17573,410 South High Street,2023/03/29 00:00:00+00,2023/02/27 09:46:55+00,,,1.29,126,9200,Residential,Apartment,125,,Commercial,Retail,1,,,0,842196f4-d7f4-4d1e-b5ce-6b426c85f522,PR-005775-2023,2023,"Redevelopment of existing site.  New mixed-use building. 125 apts. and 9,200 SF commercial",PR-005775-2023,410 South High Street,54552.8718173663,1009.39952164028
124,LD-02-24-17983,Aldi Food Market & Chase Bank,2024/02/28 00:00:00+00,2024/02/08 09:14:04+00,2025/04/01 00:00:00+00,2025/05/09 00:00:00+00,9.74,2,23155,Commercial,Shopping Center,2,ALDI & Chase Bank, ,,0,,,0,e4e8bbae-0395-4d26-a88a-1f6f9efe4f2e,PR-005948-2024,2024,"The proposed development includes the construction of a 19,680 SF ALDI Food Market & 3,475 SF Chase Bank. Additional improvements include lighting, landscaping, grading, walkways, driveways, utilities, parking and associated items.",PR-005948-2024,ALDI Food Market & Chase Bank,439667.699630349,2830.74351815459
125,LD-02-24-17986,"6 Prizer Road & 2185-2195 Kimberton Road, Phoenixville, PA 19460",2024/02/16 00:00:00+00,2024/02/07 09:49:17+00,2025/04/01 00:00:00+00,2025/04/22 00:00:00+00,0.52,6,0,Residential,Apartment,6,, ,,0,,,0,7f38c41d-820b-4786-95c2-022463804875,PR-005950-2024,2024,2 lots into 1 lot. Reverse subdivision of Parcels 26-2Q-6 and 26-2Q-7 6-apartment addition to historic structure,PR-005950-2024,6 Prizer Road & 2185-2195 Kimberton Road,23038.8380518759,605.904866442336
126,LD-02-24-17988,Devon Townhomes,2024/03/15 00:00:00+00,2024/02/15 14:19:42+00,2025/07/15 00:00:00+00,2025/10/16 00:00:00+00,0.428,5,0,Residential,Townhouse,5,,,,0,,,0,4cfa9779-ebf2-42cc-9375-8ac37fb4601d,PR-005952-2024,2024,5 unit multi-family building,PR-005952-2024,Devon Townhomes,18819.3482526553,576.406144304455
127,LD-02-24-17990,Valley View Lot 8A,2024/03/14 00:00:00+00,2024/02/15 12:02:58+00,,,19.51,1,81931,Industrial,Warehouse,1,,,,0,,,0,ab2f5ab2-0755-4604-b817-f9aab462e04f,PR-005953-2024,2024,"1 proposed bldg, 81,931 SF and parking. Valley View Lot 8A",PR-005953-2024,Valley View Lot 8A,850235.348885168,4844.69692088412
128,LD-02-24-17993,St John Vianney Church,2024/03/08 00:00:00+00,2024/02/26 12:39:10+00,2024/12/16 00:00:00+00,2025/01/17 00:00:00+00,15.79,1,8360,Institutional,Medical Building,1,,,,0,,,0,d18a770e-1560-4cb1-9bbd-1bb8002d5ae4,PR-005955-2024,2024,"St  John Vienney Church - 8,360 square foot addition",PR-005955-2024,Saint John Vianney Center,657383.514706508,3418.43998051366
129,LD-02-24-18000,Autozone Store No 5705,2024/03/05 00:00:00+00,2024/02/23 00:00:00+00,2024/05/07 00:00:00+00,2025/08/27 00:00:00+00,9.91,1,7381,Commercial,Retail,1,Auto parts store,,,0,,,0,5514b64b-a5f4-49fb-9a67-7263ead04e82,PR-005602-2022,2024,"proposed 7,381 SF retail auto parts store",PR-005602-2022,AutoZone 5705,430567.250891778,2640.60163035377
130,LD-02-24-18003,Camphill Special Schools Inc.,2024/03/05 00:00:00+00,2024/03/01 10:38:20+00,2025/03/12 00:00:00+00,2025/06/09 00:00:00+00,76.7,1,11826,Institutional,School,1,,,,0,,,0,e6d255d6-8569-430f-9e73-8baf89a6236e,SUB-12347,2024,"Additions to 3 buildings, new pavilion, driveway and parking revisions, walking paths. Installation of underground utilities and 7 stormwater facilities. Update to Master Plan.",SUB-12347,CAMPHILL SPECIAL SCHOOLS,2458697.58060802,7387.2824171091
131,LD-02-24-18008,Meadowview,2024/03/22 00:00:00+00,2024/02/28 09:44:33+00,,,29.847,130,0,Residential,Townhouse,130,,,,0,,,0,e57aeb5f-cb20-4251-a4b8-13f8b45b2669,PR-005961-2024,2024,130 Townhome units.,PR-005961-2024,Meadowview,1333936.09949053,7094.37655598298
132,LD-02-25-18415,Dutch Country Farm Market,2025/03/05 00:00:00+00,2025/02/18 10:09:30+00,,,16.9,2,13820,Commercial,Addition to Existing,1,,Commercial,Unique,1,,,0,9c0e4bde-22c9-453d-9976-298afe893881,PR-006137-2025,2025,"1 proposed bldg and 1 proposed bldg addition, totaling 13,820 SF.",PR-006137-2025,Dutch Country Farm Market,728452.932712107,3706.38814385842
133,LD-02-25-18425,Waynesborough Country Club,2025/03/19 00:00:00+00,2025/02/18 08:10:16+00,2025/05/19 00:00:00+00,2025/05/21 00:00:00+00,186.7,1,866,Commercial,Addition to Existing,1,,,,0,,,0,a7e65371-68a7-4807-a94b-a5ab934b6228,PR-004909-2018,2025,866 square foot building addition to existing paddle hut building,PR-004909-2018,Waynesborough Country Club,8069436.12718955,12286.1411086551
134,LD-02-25-18426,Convenience Store w/Drive Thru,2025/03/06 00:00:00+00,2025/02/24 14:47:01+00,2025/11/12 00:00:00+00,2026/03/20 00:00:00+00,4,1,6139,Commercial,Convenience Store,1,,,,0,,,0,f9569ad3-07c4-48ca-95e3-cbb2b55b650f,PR-006141-2025,2025,"6,139 square foot Convenience Store w/Drive Thru",PR-006141-2025,Convenience Store w/ Drive Thru,150118.383050502,1530.2107251957
135,LD-02-25-18427,181 St. Joseph's Lane,2025/04/09 00:00:00+00,2025/03/10 09:56:18+00,,,0.36,2,0,Residential,Twin,2,, , ,0,,,0,25093648-64ba-45a2-88d5-c1502bac59b3,PR-006150-2025,2025,Construction of a two unit dwelling on existing lot,PR-006150-2025,181 St. Joseph's Lane,17632.9202912816,602.997418080879
136,LD-02-25-18431,461 Schuykill Road,2025/03/05 00:00:00+00,2025/02/20 14:41:37+00,,,14.48,128,6000,Residential,Apartment,126,,Commercial,Fast Food,1,Commercial,Restaurant,1,90f7b1c9-3cc5-488c-ba16-e187dfc8ac48,PR-006144-2025,2025,Sketch Plan for 461 Schuylkill Road,PR-006144-2025,461 Schuykill Road,457033.941416399,3628.80081113071
137,LD-02-25-18436,Samuel Fisher,2025/04/11 00:00:00+00,2025/03/14 11:20:15+00,2026/01/05 00:00:00+00,2026/01/09 00:00:00+00,31.86,1,0,Residential,Single Family Residential,1,, , ,0,,,0,a739ea6e-c3b5-459f-b971-3cd2a1cc7e24,PR-006145-2025,2025,"new proposal for a dwelling, barn, greenhouse and gravel driveway",PR-006145-2025,Samuel Fisher,1386597.42452777,6396.36785484573
138,LD-02-25-18438,"Syncarpha Honeybrook, LLC",2025/04/02 00:00:00+00,2025/03/03 13:51:36+00,2025/09/25 00:00:00+00,2025/09/29 00:00:00+00,68,1,0,Institutional,Unique,1,Proposed solar panel farm,,,0,,,0,420130f7-d69d-4980-bca4-1c71d850f22b,PR-006147-2025,2025,Proposed solar farm with an access drive.,PR-006147-2025,"Syncarpha Honeybrook, LLC",2797114.49807301,7021.94089603219
139,LD-02-25-18439,Breckenridge Towers,2025/03/06 00:00:00+00,2025/03/04 13:25:08+00,,,0.43,4,0,Residential,Townhouse,4,, , ,0, , ,0,68128c3e-5b9c-4889-bd6a-e4b9cfec3d3e,PR-006146-2025,2025,LD= 4 townhouse / SD-02-25-18437 = create 5 lots,PR-006146-2025,Breckenridge Towers,19688.119801982,1033.78746827811
140,LD-02-25-18440,Kevin Andrew & Jeffery A. Bright,2025/04/02 00:00:00+00,2025/03/03 14:47:23+00,,,1.6,1,3600,Industrial,Unique,1,Building use not specified,,,0,,,0,e2774488-3db6-4880-993a-730164669011,PR-006148-2025,2025,"Proposal of 3,600 sf building w/ 8 parking spaces.",PR-006148-2025,Kevin Andrew & Jeffery A. Bright,70337.87703014,1123.50374830428
141,LD-02-25-18441,Addition to Exton Elementary School,2025/04/16 00:00:00+00,2025/03/31 12:26:56+00,,,16.3,1,4380,Institutional,Addition to Existing,1,"4,380 sf addition for elementary school",,,0,,,0,11efa598-1f90-4cb0-a1db-e329c3455b4b,PR-006149-2025,2025,"Construction of a 4,380 square foot addition to the elementary school building.",PR-006149-2025,Addition to Exton Elementary School,537950.721429576,3047.23459865785
142,LD-02-26-18808,WAGABOX-SECCRA,2026/03/06 11:55:51+00,2026/02/05 14:45:00+00,,,2,1,0,Industrial,Unique,1,Equipment to convert landfill gas into renewable gas.,,,0,,,0,80b4f4a1-7129-4b09-b4e2-515e3d2add66,PR-006308-2026,2026,"Install equipment (slab, containers, transformer, vessels, etc.) designed to convert landfill gas into renewable gas. Applicant is lessee.",PR-006308-2026,WAGABOX - SECCRA,3436110.82545936,12153.1874989643
143,LD-02-26-18810,Marco Equipment,2026/03/17 08:50:53+00,2026/02/18 13:11:35+00,,,3,1,24472,Industrial,Manufacturing,1,,,,0,,,0,c2063bf8-209e-41c1-bcfa-1b4575ff11b2,PR-006310-2026,2026,"demo existing building and build 1 new IND building - 24,472 sf ",PR-006310-2026,Marco Equipment,130740.249371956,1460.50054421134
144,LD-02-26-18811,101 High Street,2026/03/06 12:10:13+00,2026/02/09 10:12:17+00,,,0.19,15,0,Residential,Apartment,15,,,,0,,,0,6e528779-1b4d-4e24-92f1-adda593c4bc4,PR-006309-2026,2026,"LD = 15 apartments proposed w/ parking, SD-02-26-18809 = 5 lots into 1 lot",PR-006309-2026,101 High Street,9242.67269957077,387.716863662695
145,LD-02-26-18812,Proposed Shop Building for Amos S. & Mary S. Esh,2026/03/18 08:53:20+00,2026/02/17 10:12:05+00,,,9.4,1,9600,Commercial,Unique,1,Commercial pole barn,,,0,,,0,8200162d-711b-4152-901e-c5216f1aad97,PR-006311-2026,2026,"proposed 9,600 SF building, COM",PR-006311-2026,Proposed Shop Building for Amos S. & Mary S. Esh,409481.705187985,4019.39429229726
146,LD-02-26-18813,496 Highlands Boulevard,2026/03/19 13:44:25+00,2026/02/19 10:23:09+00,,,9.09,1,112705,Industrial,Warehouse,1,,,,0,,,0,433784ad-9b7f-47b0-b75d-fa604c4f0c65,PR-006313-2026,2026,"112,705 SF building proposed, IND/warehouse",PR-006313-2026,496 Highlands Boulevard,396930.005770971,2648.31858959815
147,LD-02-26-18818,Eagleview Town Center - Phase 2 - Lots 17&20,2026/03/18 09:48:33+00,2026/02/19 10:38:10+00,,,8.73,1,116,Commercial,Office Building,1,116sf addition,,,0,,,0,5c770f07-2e0a-4d57-8caa-30821db3f805,PROJ-2103,2026," LD = 116sf addition to existing building, COM w/ 10 new parking spots, SD-02-26-18814 = 2 lots into 1 lot",PROJ-2103,Eagleview Town Center,394311.033892975,2621.68734209916
148,LD-02-26-18824,Proposed Poultry Barn for Levi King Jr.,2026/03/18 09:31:20+00,2026/02/18 13:31:14+00,,,65.3,1,0,Agricultural,Unique,1,"25,000sf poultry barn", , ,0, , ,0,48aa487f-2187-4335-8a95-3ea13422d63b,PR-006315-2026,2026,"25,000sf Poultry Barn proposed, AG",PR-006315-2026,Proposed Poultry Barn for Levi King Jr.,2800132.36503915,6787.19929431224
149,LD-02-26-18826,The Data Centers,,2026/02/18 11:34:12+00,,,62.51,2,1656630,Industrial,Unique,2,Data Center,,,0,,,0,5d080f38-abf1-4d96-aa78-72d4b30ec4a1,PR-006316-2026,,"LD = 2 proposed data centers, ID, 1,656,630 SF, SD-02-26-18825 = 2 lots into 1 lot",PR-006316-2026,The Data Centers,2562591.58787983,9630.33382087042
150,LD-02-26-18828,Parcel # 61-2-111,2026/03/17 11:07:12+00,2026/02/20 14:15:23+00,,,2,1,0,Residential,Single Family Residential,1,,,,0,,,0,2a8ba3cb-f182-4288-ac22-2e7f469e7e11,PR-006241-2025,2026,Proposed SFR on existing residential lot,PR-006241-2025,Parcel # 61-2-111,99394.5767355498,1508.49251912089
151,LD-02-26-18831,West Pump Station Replacement Project,,2026/02/27 12:39:27+00,,,1,2,1836,Institutional,Utility,2,Pump station/electrical building & generator building, , ,0,,,0,0a1b5c49-0aee-4559-90e1-af21af2618af,PR-006318-2026,,"LD = 2 proposed INS buildings,1,836sf, SD-02-26-18830 = 2 lots into 2 lots (lot line revision)",PR-006318-2026,West Pump Station Replacement Project,38416.0651946934,932.998272212579
152,LD-02-26-18835,456 Devon Park Drive,,2026/02/27 09:22:23+00,,,10,1,6476,Industrial,Addition to Existing,1,,,,0,,,0,89abe3fc-4834-4cf9-acf3-c36c0bff72cf,PR-006322-2026,,"6,476 sf building addition, IND/warehouse",PR-006322-2026,456 Devon Park Drive,426241.684979755,2661.49757172687
153,LD-02-26-18843,Arbor's Glen,,2026/03/11 11:44:50+00,,,133.8,170,0,Residential,Twin,170,, , ,0,,,0,16e2260a-d3f4-4592-9d31-afdf6b10ae50,PR-005718-2022,,"LD = 170 twins proposed, 88 parking spaces, open space & multiple outdoor recreation facilities, SD-02-26-18842 = 1 lot into 2 lots",PR-005718-2022,Arbor's Glen,5659585.69206866,11919.2929451363
154,LD-03-17-14749,Valley Investments Group VIII,2017/03/23 00:00:00+00,2017/03/01 13:32:19+00,2017/06/28 00:00:00+00,2017/10/12 00:00:00+00,17.39,1,0,Industrial,Parking Lot/Garage,1,,,,0,,,0,f9864c06-5782-4b3e-9367-6b88d1102dd2,PR-004515-2017,2017,Parking lot expansion to existing parking lot,PR-004515-2017,Valley Investments Group VIII,782054.244155964,4985.50784458835
155,LD-03-17-14752,Parkside,2017/03/28 00:00:00+00,2017/02/28 00:00:00+00,,,16.16,178,5300,Residential,Townhouse,101,,Residential,Apartment,72,Commercial, ,5,05b49bbf-2c56-4b98-89f4-1d97d3b75748,PR-004516-2017,2017,"4 lots into 119 lots. proposed: 101 townhouses, 72 apartments in 6 buildings, 5 commercial units in 1 building and parking",PR-004516-2017,Parkside,693792.167314285,3568.82766797819
156,LD-03-17-14754,Sinclair Springs,2017/03/28 00:00:00+00,2017/03/02 00:00:00+00,2017/06/21 00:00:00+00,2017/07/11 00:00:00+00,26.12,78,0,Residential,Townhouse,78,,,,0,,,0,934ae1ec-b503-48df-afd3-c7f27f4d115a,PR-004518-2017,2017,"proposed: 78 THS, parking, roads, and open space",PR-004518-2017,Sinclair Springs,1128705.56399628,5738.88943126277
157,LD-03-17-14755,Malvern Preparatory School,2017/03/28 00:00:00+00,2017/03/06 00:00:00+00,2018/02/06 00:00:00+00,2018/02/28 00:00:00+00,99.63,2,31815,Institutional,School,2,,,,0,,,0,662797a5-2c4a-446c-a2df-c13cdbf4b4ea,PR-004519-2017,2017,Demolish existing building and construct a middle school and a student center,PR-004519-2017,Malvern Preparatory School,4310911.63925151,8310.13472175933
158,LD-03-17-14757,SECCRA Intermediate Processing Center (IPC),2017/04/04 00:00:00+00,2017/03/07 14:48:15+00,2017/06/07 00:00:00+00,2017/08/30 00:00:00+00,59.4,1,6450,Industrial,Unique,1,,,,0,,,0,b455e749-f119-4abd-a4fa-815e155cbb13,PR-004521-2017,2017,proposed Intermediate Processing Center (recycling) building (no water/sewer proposed),PR-004521-2017,SECCRA Intermediate Processing Center (IPC),2481513.90794973,7655.12907433155
159,LD-03-17-14758,Village Greene Land Development Phase 3,2017/03/27 00:00:00+00,2017/03/07 15:35:44+00,2017/04/12 00:00:00+00,2018/06/19 00:00:00+00,14.86,22,0,Residential,Townhouse,22,,,,0,,,0,1dc6e8bd-723f-4741-9cb5-5c3ba46e5856,PR-004522-2017,2017,Construct 22 Townhouses ,PR-004522-2017,Village Greene Land Development Phase 3,554040.466058248,6930.246830672
160,LD-03-17-14759,"Main Street at Exton, L.P. Residential Development",2017/03/29 00:00:00+00,2017/03/02 00:00:00+00,2017/05/24 00:00:00+00,2018/09/19 00:00:00+00,28.5,410,8992,Residential,Apartment,410,,,,0,,,0,5f5fc687-2367-46e9-a433-8a0fa7e8bbb4,PR-004523-2017,2017,"Proposed: ""The Reserve"": 268 APTS in 3 buildings, ""Ashbridge"": 124 APTS in 3 buildings with retail space in 1 building, and parking",PR-004523-2017,"Main Street at Exton, L.P. Residential Development",1245329.69703347,8551.61022506333
161,LD-03-17-14760,Atwater Village Commercial (Lot 5-Charter School),2017/04/04 00:00:00+00,2017/03/07 00:00:00+00,2017/05/10 00:00:00+00,2017/10/09 00:00:00+00,10.59,1,13200,Institutional,School,1,,,,0,,,0,1c5e6401-ee94-469d-bc2e-a0d8f652f49f,PR-004524-2017,2017,Proposed charter school and parking,PR-004524-2017,Atwater Village Commercial,460586.059603874,3337.33385286378
162,LD-03-17-14761,806 E Market & Wilson Ave,2017/04/05 13:10:51+00,2017/03/07 00:00:00+00,2017/05/24 00:00:00+00,2017/06/15 00:00:00+00,0.72,1,2543,Commercial, ,1,,,,0,,,0,0aa7e442-16c6-4b02-8b79-f1b6e610151d,PR-004525-2017,2017,proposed building and parking,PR-004525-2017,806 E Market & Wilson Ave,23200.1189200895,741.701433114657
163,LD-03-17-14772,McMour L.P.,2017/04/03 00:00:00+00,2017/03/10 00:00:00+00,2017/11/02 00:00:00+00,2017/11/03 00:00:00+00,1.17,1,6271,Industrial,Addition to Existing,1,warehouse addition,,,0,,,0,8c728a05-4af1-4661-8e59-bc9f57f7b4f3,PR-004526-2017,2017,building addition (warehouse addition) and parking,PR-004526-2017,McMour L.P.,48325.9793096068,893.120093781461
164,LD-03-17-14773,400 S. Church Street,2017/04/12 00:00:00+00,2017/03/13 12:07:58+00,2017/07/19 00:00:00+00,2017/09/19 00:00:00+00,0.6,5,0,Residential,Townhouse,5,,,,0,,,0,8599b510-c236-484a-b140-43e280390342,PR-004527-2017,2017,Construct 5 Townhouses (existing SFR to remain),PR-004527-2017,400 S. Church Street,27606.4920333187,665.467584098026
165,LD-03-17-14775,Valley Township Municipal Complex,2017/04/12 00:00:00+00,2017/03/13 12:56:11+00,,,7.58,1,15258,Institutional,Government,1,,,,0,,,0,786e757d-a716-4922-b29b-5cca4ccbf9b5,PR-004529-2017,2017,Proposed Municipal Building and parking. changing access drive.,PR-004529-2017,Valley Township Municipal Complex,327690.009141333,2328.34908575794
166,LD-03-17-14777,Modern Business Park,2017/04/05 13:48:11+00,2017/03/13 13:38:20+00,,,165.12,8,902750,Industrial,Mushroom House,8,, ,Office Building,0,,,0,f824d035-9afe-42d3-8e6f-a19e6aa75862,PR-004530-2017,2017,"Proposed: 8 buildings, parking and roads",PR-004530-2017,Modern Business Park,6400016.6313067,14729.2631888245
167,LD-03-17-14779,The McKee Group,2017/04/12 00:00:00+00,2017/03/13 00:00:00+00,2017/10/16 00:00:00+00,2019/11/22 00:00:00+00,142.73,261,0,Residential,Twin,156,,Residential,Townhouse,105, , ,0,68fe17cc-c00b-4d58-b5e7-9a1eee10ffbb,PR-004531-2017,2017,"Proposed: 156 Twins, 105 Townhouses, parking, roads, open space, a pool and clubhouse. (also proposed is 114 SFR on SD plan)",PR-004531-2017,The McKee Group,6166724.54364306,10934.561709757
168,LD-03-17-14789,Ewing Tract,2017/04/12 00:00:00+00,2017/03/17 00:00:00+00,2018/10/01 00:00:00+00,2018/10/04 00:00:00+00,37.74,1,0,Institutional,Utility,1,,,,0,,,0,85583398-8870-4883-8666-9c0eb9964da2,SUB-10946,2017,extending road (Sunderland Avenue East),SUB-10946,EWING TRACT,1642656.58751857,9099.21459047978
169,LD-03-17-14790,The Woodlynde School,2017/04/04 00:00:00+00,2017/03/20 00:00:00+00,2019/05/13 00:00:00+00,2019/06/03 00:00:00+00,10.66,1,5190,Institutional,Addition to Existing,1,,,,0,,,0,9e83d92e-1894-4a7f-a782-1e3a52e6b740,PR-004535-2017,2017,"Proposed: building addition, 3 sheds, outdoor storage and parking",PR-004535-2017,Woodylnde School,439450.495197169,3253.61059173136
170,LD-03-17-14791,431 West Baltimore Pike,2017/04/03 10:50:07+00,2017/03/22 14:51:42+00,2017/04/19 00:00:00+00,2017/07/17 00:00:00+00,15.25,1,8200,Industrial,Addition to Existing,1,,,,0,,,0,1469ec47-fdf0-4d1d-818f-13a1d424275e,PR-004536-2017,2017,Proposed addition to exisiting building 8200 SF and parking,PR-004536-2017,431 West Baltimore Pike,621956.658593781,4209.67660572659
171,LD-03-17-14793,500 & 502 Ridge Avenue,2017/04/11 13:19:45+00,2017/03/22 00:00:00+00,2017/06/09 00:00:00+00,2017/07/13 00:00:00+00,0.33,1,0,Residential,Single Family Residential,1,,,,0,,,0,9b469656-e134-4b88-b18d-aa77d3d69112,PR-004537-2017,2017,Easement for sewer line and pedestrian trail,PR-004537-2017,500 & 502 Ridge Avenue,14304.8627028042,490.018585112391
172,LD-03-17-14797,Avon Grove Charter School,2017/04/12 13:47:50+00,2017/03/24 00:00:00+00,2017/07/19 00:00:00+00,2017/10/16 00:00:00+00,15.09,1,16865,Institutional,Addition to Existing,1,,,,0,,,0,03a91bf6-53a4-463b-b1d2-1c4009e322a9,PR-004539-2017,2017,"Building addition, parking, expanded playground area, etc. ",PR-004539-2017,Avon Grove Charter School,605829.310920728,4110.14994462786
173,LD-03-17-14800,The Meadows,2017/04/17 00:00:00+00,2017/03/29 00:00:00+00,,,11.72,1,31707,Commercial,Office Building,1,,,,0,,,0,0adca005-bb91-453c-95ce-d8aa3a57d48a,PR-004541-2017,2017,Proposed building and parking ,PR-004541-2017,The Meadows,915612.274408882,4176.08202918404
174,LD-03-18-15304,Valley Suburban Center,2018/03/19 00:00:00+00,2018/03/01 00:00:00+00,,,62.9,293,54000,Residential,Apartment,192,,Residential,Townhouse,98,Commercial,Retail,3,b0174660-4736-4a77-8d0d-751ca830c8af,PR-004758-2018,2018,"192 APT, 98 THS, 5 COM buildings, roads and parking",PR-004758-2018,Valley Suburban Center,2895996.10051663,7431.11589679193
175,LD-03-18-15308,Trevdan Building Supply,2018/03/22 15:02:31+00,2018/03/05 00:00:00+00,2020/02/03 00:00:00+00,2021/03/03 00:00:00+00,1.15,1,6900,Commercial,Warehouse,1,,,,0,,,0,81b2fbaa-c8dc-40c0-9b5f-14b7d34b6e9d,PR-004761-2018,2018,proposed building and parking,PR-004761-2018,Trevdan Building Supply,365922.853943207,2424.35216402362
176,LD-03-18-15314,Cabrini University,2018/03/28 00:00:00+00,2018/03/09 00:00:00+00,,,4.86,1,4323,Institutional,Educational Facility,1,,,,0,,,0,d45088ca-cb36-4416-94a4-a87f50d86ef2,PR-004765-2018,2018,proposed building and parking,PR-004765-2018,Cabrini University ,202324.006200373,1868.65861038606
177,LD-03-18-15322,French Creek West,2018/04/13 00:00:00+00,2018/03/14 11:40:11+00,2020/08/26 00:00:00+00,2020/08/27 00:00:00+00,56.33,551,0,Residential,Townhouse,311,,Residential,Apartment,240,,,0,db80b8ad-80ed-41b5-8772-da11657b7b7b,PR-004770-2018,2018,"311 THS, 240 APT, roads, parking and open space",PR-004770-2018,French Creek West,2313043.99995667,17757.4265439953
178,LD-03-18-15325,St. Patrick Parish School Addition,2018/04/09 00:00:00+00,2018/03/14 14:41:01+00,2019/08/02 00:00:00+00,2019/08/06 00:00:00+00,2.73,1,5067,Institutional,Addition to Existing,1,,,,0,,,0,5c0ea0bd-3026-4651-9938-0723590172c4,PR-004772-2018,2018,Proposed building addition and playground,PR-004772-2018,St. Patrick Parish School Addition,115835.393398108,1363.41249600036
179,LD-03-18-15330,Anthony's Addition & Residence,2018/04/18 00:00:00+00,2018/03/28 00:00:00+00,,,0.54,2,390,Commercial,Addition to Existing,1,,Residential,Apartment,1,,,0,86e7fac1-730e-48b7-9b82-d481f3d6de17,PR-004780-2018,2018,building addition (COM) and APT. a terrace is also proposed.,PR-004780-2018,Anthony's Addition & Residence,23466.905227929,831.938893975727
180,LD-03-18-15333,"Phillips Mushroom Farms, LP",2018/04/06 11:12:32+00,2018/03/14 00:00:00+00,2020/05/01 00:00:00+00,2020/05/06 00:00:00+00,55.31,4,224000,Commercial,Mushroom House,2,,Commercial,Unique,2,,,0,e71c4a99-d292-45c7-b2c7-c3996be97288,PR-004775-2018,2018,4 buildings and parking,PR-004775-2018,"Phillips Mushroom Farms, LP",2355312.375603,6778.55801245462
181,LD-03-18-15334,Eagleview Lot 58,2018/04/10 00:00:00+00,2018/03/19 00:00:00+00,,,5.5,1,50000,Commercial,Office Building,1,,,,0,,,0,9a61e05c-f8d8-4382-a2aa-7fca66d37744,PR-004776-2018,2018,proposed building and parking,PR-004776-2018,Eagleview Lot 58,242644.631280462,2277.40560780086
182,LD-03-18-15341,Apostolic Christian Church Building Addition,2018/04/10 13:54:10+00,2018/03/26 11:26:49+00,2018/05/07 00:00:00+00,2018/07/19 00:00:00+00,2.61,1,4007,Institutional,Addition to Existing,1,,,,0,,,0,9a3a1d22-6786-44ae-97f5-9a5594d60b38,PR-004782-2018,2018,Proposed building addition to church,PR-004782-2018,Apostolic Christian Church Building Addition,106172.896932835,1412.80445390096
183,LD-03-18-15348,Valley Forge Motor Court,2018/04/24 00:00:00+00,2018/03/27 14:57:27+00,,,1.11,1,28652,Commercial,Hotel/Resort/Inn,1,,,,0,,,0,5a18705b-789c-47c3-a47f-e99fdb468c26,PR-004787-2018,2018,Proposed building (hotel) and changing parking,PR-004787-2018,Valley Forge Motor Court,49803.5895145628,1258.07274826006
184,LD-03-18-15350,Premier Motor Group,2018/04/18 00:00:00+00,2018/03/28 13:54:30+00,,,1.69,1,0,Commercial,Parking Lot/Garage,1,,,,0,,,0,86f29f30-6995-4612-87de-adf2b3632b12,PR-004788-2018,2018,proposed parking,PR-004788-2018,Premier Motor Group,48838.6986282824,1106.37692254631
185,LD-03-18-15354,600 Boot Road,2018/04/19 00:00:00+00,2018/03/28 14:32:47+00,2020/09/16 00:00:00+00,2020/09/24 00:00:00+00,35.3,110,0,Residential,Townhouse,110,, , ,0,,,0,f11f151e-8ad9-4a33-923f-0eb5dbcc01b8,PR-004790-2018,2018,"Proposed 110 townhouses, roads and parking",PR-004790-2018,600 Boot Road,1447931.88111909,6092.51944852513
186,LD-03-19-15804,"1580, 1600, 1690 and 1692 Russell Road",2019/03/25 00:00:00+00,2019/03/01 12:47:44+00,,,5.78,1,114543,Institutional,Nursing Home/Assisted Living,1,,,,0,,,0,12ffb55c-d44c-4b6a-ae75-653081e9d21a,PR-005014-2019,2019,"demolish existing buildings, proposed building (assisted living facility, 127 beds) and parking",PR-005014-2019,"1580, 1600, 1690 and 1692 Russell Road",204621.969148426,2400.78235481324
187,LD-03-19-15805,675 E. Swedesford Road,2019/03/27 00:00:00+00,2019/03/01 13:58:46+00,,,10.02,1,146290,Commercial,Office Building,1,,,,0,,,0,2dee17af-f41c-4399-9754-2dcb52614478,PR-005015-2019,2019,"proposed 5 story office building, two level parking garage and surface parking",PR-005015-2019,675 E. Swedesford Road,456234.88070484,3036.47785977573
188,LD-03-19-15807,Chic-fil-A,2019/03/22 00:00:00+00,2019/03/06 12:09:42+00,2021/05/21 00:00:00+00,2021/06/30 00:00:00+00,47.74,1,198,Commercial,Addition to Existing,1,,,,0,,,0,d2ecbf2d-53b4-40d6-b9e5-1d8fc5fe331f,PR-005017-2019,2019,proposed building addition (Chic-fil-A) and additional drive thru lane proposed,PR-005017-2019,Chic-fil-A,2080728.64467933,6056.10512185406
189,LD-03-19-15812,Sadsbury Square,2019/03/25 00:00:00+00,2019/03/07 00:00:00+00,2021/10/18 00:00:00+00,2021/10/20 00:00:00+00,7.24,84,0,Residential,Twin,84,,,,0,,,0,ddc7bc2b-23b4-487a-91fd-02e0d180cab7,PR-005021-2019,2019,84 twin units and parking,PR-005021-2019,Sadsbury Square,337840.510031283,3573.84804671824
190,LD-03-19-15817,Windsor Baptist Church ,2019/03/25 00:00:00+00,2019/03/11 10:19:48+00,,,8.99,1,9190,Institutional,Addition to Existing,1,,,,0,,,0,070c3a78-a312-40f3-bb01-0d96dae7fc87,PR-005023-2019,2019,"proposed building addition, parking, and 2 playgrounds",PR-005023-2019,Windsor Baptist Church ,387825.588339984,2776.43336510546
191,LD-03-19-15820,Rick Avello,2019/04/10 13:52:24+00,2019/03/27 00:00:00+00,2021/01/20 00:00:00+00,2021/04/27 00:00:00+00,1.37,6,0,Residential,Apartment,6,,,,0,,,0,9c826067-aea1-47c7-ac59-ca1f6141420a,PR-005025-2019,2019,6 Apartments in 1 building and parking,PR-005025-2019,Rick Avello,50512.1548571793,867.637508090877
192,LD-03-19-15826,Blackhorse Propane,2019/03/25 14:40:38+00,2019/03/14 00:00:00+00,2019/08/31 00:00:00+00,2019/08/01 00:00:00+00,2.87,1,2984,Commercial,,1,,,,0,,,0,aa1687ee-ce3d-4fdd-af21-56c73d5b8d34,PR-005028-2019,2019,proposed building,PR-005028-2019,Blackhorse Propane,117505.456562159,1471.07722009058
193,LD-03-19-15827,Chester County Intermediate Unit New Horticulture Building,2019/04/02 00:00:00+00,2019/03/18 13:27:51+00,2019/08/29 00:00:00+00,2019/09/03 00:00:00+00,17.8,1,7684,Institutional,School,1,,,,0,,,0,f4146279-6d65-447a-b478-fc74d268fb8e,PR-005029-2019,2019,"3 buildings (Horticulture, Greenhouse, & Operations) and parking",PR-005029-2019,Chester County Intermediate Unit Horticulture Bldg,768707.476322168,4247.99244459562
194,LD-03-19-15850,Crist U. Stoltzfus,2019/04/19 00:00:00+00,2019/03/28 13:52:34+00,,,91.1,1,8400,Agricultural,Farm/Pasture Land,1,,,,0,,,0,ad65f363-2fb3-4de2-8847-437dd5e55714,PR-005038-2019,2019,proposed building ,PR-005038-2019,Crist U. Stoltzfus,3708936.23518165,10698.5273911031
195,LD-03-20-16286,Trumark Financial Credit Union,2020/04/02 00:00:00+00,2020/03/03 00:00:00+00,2020/06/15 00:00:00+00,2020/07/23 00:00:00+00,1.67,1,2635,Commercial,Bank,1,,,,0,,,0,bddca7d6-1dbc-4aca-92b2-5446b26d4c86,PR-005236-2020,2020,proposed building (credit union) and parking,PR-005236-2020,Trumark Financial Credit Union,77711.9886674689,1586.26528538899
196,LD-03-20-16291,475 Creamery Way,2020/04/02 00:00:00+00,2020/03/04 00:00:00+00,2020/05/27 00:00:00+00,2020/09/17 00:00:00+00,16.73,1,113653,Industrial,Addition to Existing,1,,,,0,,,0,1a050bed-5b56-4ab7-9f3c-a2d1a605e759,PR-005237-2020,2020,proposed building addition and parking,PR-005237-2020,475 Creamery Way,727735.427437086,3725.54599137132
197,LD-03-20-16292,Ha's Place Center,2020/03/19 13:50:11+00,2020/03/06 00:00:00+00,,,3.49,1,18800,Commercial, ,1,, , ,0, , ,0,19850b33-625a-47fe-bec1-f9d1e4780146,PR-005238-2020,2020,Proposed building and parking,PR-005238-2020,Ha's Place Center,159982.602185206,1938.17572289483
198,LD-03-20-16294,Three Tun Road (Lot 9),2020/04/02 00:00:00+00,2020/03/05 00:00:00+00,,,2.31,1,16476,Industrial,Warehouse,1,,,,0,,,0,c47a81ae-282a-4a92-bbe7-f920f2c38ff5,PR-005235-2020,2020,proposed building and parking,PR-005235-2020,Three Tun Road (Lot 9),102241.186281826,1337.96398876917
199,LD-03-20-16295,Avon Grove High School,2020/04/01 00:00:00+00,2020/03/11 14:27:53+00,2022/07/27 00:00:00+00,2022/08/17 00:00:00+00,153.81,1,296010,Institutional,School,1,,,,0,,,0,26481885-436c-4956-9dcc-5911be65c5e4,PR-005239-2020,2020,"proposed building (high school), parking, and outdoor sporting areas",PR-005239-2020,Avon Grove High School,6653287.46864555,17211.5766713273
200,LD-03-20-16298,The Tri-M Group,2020/04/01 12:49:48+00,2020/03/16 11:27:13+00,2022/12/05 00:00:00+00,2023/10/06 00:00:00+00,4.97,1,14780,Commercial,Addition to Existing,1,,,,0,,,0,32aaa1aa-c15f-4d82-8e4c-dddb43517857,PR-005241-2020,2020,proposed building addition and changing parking,PR-005241-2020,The Tri-M Group,212878.450788174,1986.86784541093
201,LD-03-21-16655,Chester County / G.O. Carlson Airport,2021/03/23 00:00:00+00,2021/03/01 11:45:36+00,,,340.2,25,386519,Industrial,Unique,25,,,,0,,,0,ca308b4f-daf0-4078-93d5-d3794f317e2d,SUB-2347,2021,"Proposed terminal expansion, 3 buildings & hangers",SUB-2347,CHESTER COUNTY / G.O CARLSON AIRPORT,16226888.9244156,28744.955026959
202,LD-03-21-16663,Radley Run Country Club Clubhouse Improvements,2021/04/02 00:00:00+00,2021/03/10 14:24:09+00,,,105.51,4,8000,Commercial,Unique,4,Golf Course Bldg,,,0,,,0,5b0a2eb0-906e-4c6f-8776-ef129f6f1099,PR-005394-2021,2021,"8,000 square foot golf house building for existing country club, and expansion of existing parking facilities",PR-005394-2021,Radley Run Country Club Clubhouse,4647109.14818386,19210.5641509825
203,LD-03-21-16669,"Lot 8 A, Valley View Industrial Development",2021/04/09 00:00:00+00,2021/03/16 16:55:33+00,,,21.442,2,77154,Industrial,Warehouse,2,,,,0,,,0,f29bacf2-6011-420c-beab-0c6af896683e,PR-005399-2021,2021,"proposed w bldgs. 77,154 SF building",PR-005399-2021,Valley View Lot 8 Industrial Development,1305143.1426501,6763.89378319388
204,LD-03-21-16671,Kennett Library,2021/04/12 11:25:58+00,2021/03/16 10:21:28+00,2021/10/20 00:00:00+00,2021/10/22 00:00:00+00,1.147,1,34230,Commercial,Library,1,,,,0,,,0,6a51e228-0766-4282-8424-5fe43594d007,PR-005400-2021,2021,"proposed 34,230 SF Library",PR-005400-2021,Kennett Library,39148.3664335134,891.683484469382
205,LD-03-21-16673,Eagle Compressor Station Modernization,2021/04/13 00:00:00+00,2021/03/16 13:52:11+00,,,33.5,3,15520,Industrial,Warehouse,3,,,,0,,,0,358685f1-e36b-4afd-a684-a70ca37bccab,PR-005401-2021,2021,Pipeline Compressor Station Modernization,PR-005401-2021,Eagle Compressor Station Modernization,1465889.81111126,5570.99816363602
206,LD-03-21-16675,"Berwyn Square - 578 Lancaster Avenue, 4 Midland Avenue, 5 Woodside Avenue (Multifamily Building)",2021/04/16 00:00:00+00,2021/03/19 15:31:10+00,,,1.61,116,0,Residential,Apartment,116,,,,0,,,0,a25c23b6-43ea-44bf-a9be-b7378fbb1fc3,PR-005292-2020,2021,"116 unit apartment building
Preliminary Land Development Application – Multi-Family Building",PR-005292-2020,"578 Lancaster Ave, 4 Midland Ave, 5 Woodside Ave",71804.1036749378,1723.00034908335
207,LD-03-21-16680,"Berwyn Square - 578 Lancaster Avenue, 4 Midland Avenue, 5 Woodside Avenue (Mixed-Use Building)",2021/04/21 00:00:00+00,2021/03/22 14:58:13+00,,,1.61,115,4925,Residential,Apartment,112,,Commercial,Retail,3,,,0,501ee8cf-81f5-4e97-923b-6033613e720e,PR-005301-2020,2021,"The Applicant proposes to consolidate three existing lots and redevelop the consolidated lot with a 129,000 Sq. Ft. multi-story mixed use building consisting of 112 multi-family units and 3 commercial units.",PR-005301-2020,"578 Lancaster Ave, 4 Midland Ave, 5 Woodside Ave",71804.1036749378,1723.00034908335
208,LD-03-21-16696,Kendal Crosslands Communities,2021/05/03 12:39:10+00,2021/04/07 12:52:57+00,,,159.391,18,0,Residential,Apartment,18,,,,0,,,0,9b135a1c-b4bc-40c2-a943-5f784c2ae47e,PR-005411-2021,2021,proposed 18 units + parking,PR-005411-2021,Kendal-Crosslands,6816325.33002104,14285.3504160774
209,LD-03-22-17125,1350 & 1360 Wilmington Pike Improvement Plan,2022/05/17 11:02:09+00,2022/04/25 15:50:35+00,,,5.21,1,2761,Commercial,Addition to Existing,1,,,,0,,,0,09296f0c-1a92-407d-9f40-4727d617a6f0,PR-005592-2022,2022,Expansion of existing buildings,PR-005592-2022,1350 & 1360 Wilmington Pike,242175.027583273,2439.72055635668
210,LD-03-22-17129,802-810 E. Baltimore Pike,2022/04/07 09:29:40+00,2022/03/11 11:56:40+00,2024/06/03 00:00:00+00,2025/02/19 00:00:00+00,9,3,32772,Commercial,Restaurant,1,"2,332 square feet",Commercial,Convenience Store,1,Commercial,Medical Building,1,a38381f6-70c0-4bab-909a-b7f58c40ddec,PR-005594-2022,2022,"Land development involving a Wawa with gas, a Chipotle, and a medical facility.",PR-005594-2022,802-810 E. Baltimore Pike,350714.954716145,3262.25909647249
211,LD-03-22-17130,703 Lincoln Street,2022/03/28 11:51:04+00,2022/03/03 13:50:27+00,,,3.186,1,9600,Commercial,Office Building,1,, , ,0,,,0,9fd1e351-d909-4195-a5e0-a141ba47b8f0,PR-005593-2022,2022,"proposed 9,600 S.F. Industrial building",PR-005593-2022,703 Lincoln Street,115890.826929348,1366.14087160148
212,LD-03-22-17142,506 Park Road and 150 S. Wall Street,2022/04/12 13:56:09+00,2022/03/10 13:19:58+00,2025/07/21 00:00:00+00,2025/08/28 00:00:00+00,5.508,16,0,Residential,Single Family Residential,2,,Residential,Townhouse,14,,,0,e4c4b45d-2620-4696-8c3e-5b033f130313,PR-005479-2021,2022,Subdivision and Land Development of two existing tracts to create 14 new townhouses and retain 2 existing single family dwellings.,PR-005479-2021,506 Park Road & 150 South Wall Street,222795.950256389,2624.87541759913
213,LD-03-22-17149,Amended Final PRD Plan for Lot 2B of Parcel 5C proposed Commercial Development,2022/04/12 09:26:20+00,2022/03/25 14:06:16+00,,,3.971,7,25520,Commercial,Retail,5,,Commercial,Restaurant,1,Commercial,Child Daycare,1,c982bd4e-6c92-4b06-93e5-319a7e004d35,PROJ-1176,2022,"proposed 6 bldgs. 25,520 SF, Commercial",PROJ-1176,Byers Station,172302.253961336,1873.64613353221
214,LD-03-22-17152,AutoZone 5705,2022/04/20 00:00:00+00,2022/03/23 15:41:27+00,,,9.91,1,7381,Commercial,Retail,1,,,,0,,,0,32db523b-dd59-45d3-997a-59dee0804c6a,PR-005602-2022,2022,"7,381 square foot commercial building and 38 parking spaces",PR-005602-2022,AutoZone 5705,430567.250891778,2640.60163035377
215,LD-03-23-17577,290 Linfield Road,2023/04/06 00:00:00+00,2023/03/07 16:58:25+00,,,12.8,1,7200,Commercial,,1,,,,0,,,0,1423dccf-af5f-47c2-a05a-00b8b820fbb1,PR-005778-2023,2023,"7,200 SF bldg proposed",PR-005778-2023,290 Linfield Road,577559.069228068,4130.37243944485
216,LD-03-23-17578,Bridge & Main LLC,2023/03/21 00:00:00+00,2023/03/02 14:06:38+00,,,0.12,9,5418,Residential,Apartment,8,,Commercial,Addition to Existing,1,,,0,819a66be-ebb1-436b-bd74-feecc6d059f8,PR-005779-2023,2023,"Sketch plan - 8 Apts and 5,418 SF bldg addition. This project proposes interior renovations and additions to existing buildings on site adding eight (8) residential units. A new fourth floor will be constructed above 193 and 195 Bridge Street (on same parcel) and a new partial second and third floor addition will be constructed in the rear of 193 and 195 Bridge Street addresses (on same parcel) visible from Main and Price Streets.",PR-005779-2023,Bridge & Main LLC,5393.90572001768,295.007818920709
217,LD-03-23-17579,Malvern Preparatory School Athletic Facility Improvements,2023/03/17 00:00:00+00,2023/03/03 10:46:30+00,2023/06/20 00:00:00+00,2023/08/22 00:00:00+00,99.63,1,0,Institutional,School,1,Athletic fields,,,0,,,0,0e1f7e77-536a-476b-be22-fc78a632536e,PR-005780-2023,2023,Conversion of two grass athletic fields to synthetic turf and construction of walkways and paved areas to serve site,PR-005780-2023,Malvern Prep School Athletic Facility Improvements,4310911.63925151,8310.13472175933
218,LD-03-23-17583,Phoenixville Plaza Pads Sites,2023/03/23 00:00:00+00,2023/03/16 13:58:32+00,2024/01/05 00:00:00+00,2024/01/30 00:00:00+00,7.03,2,6730,Commercial,Restaurant,1,Starbucks,Commercial,Unique,1,,,0,041fe8ad-008b-4232-84f7-dddadc438051,PR-005781-2023,2023,"This redevelopment project proposes the construction of a new drive-through restaurant building, a car wash facility and other associated improvements in the highly underutilized parking lot of an existing self-storage facility (a former K-Mart store) that will remain unchanged.",PR-005781-2023,Phoenixville Plaza - Pad Sites,289289.604238062,2465.96279711931
219,LD-03-23-17589,TESD Conestoga Athletic Fields,2023/04/14 00:00:00+00,2023/04/07 13:33:44+00,,,39.01,2,15520,Institutional,School,2,Athletic fieldhouse & grounds bldg.,,,0,,,0,0a751269-31f1-4400-a1c6-8a64d6a649c2,PR-005783-2023,2023,"Tredyffrin Easttown School District is proposing the construction of three new athletic fields, tennis courts, a field house building, a grounds maintenance building, additional parking areas and access drives across the two parcels.  To accommodate this expansion, the district proposes to consolidate parcel (UPI# 43-10F-154) with the adjoining parcel (UPI# 43-10F-153.1).",PR-005783-2023,TESD Conestoga Athletic Fields,1429678.97598452,5338.69007090253
220,LD-03-23-17592,20 E Ridge Road,2023/04/14 00:00:00+00,2023/03/21 09:28:58+00,,,20.67,1,20000,Industrial,Warehouse,1,,,,0,,,0,e6a81367-a401-4694-a66e-60996c458d4c,PR-005784-2023,2023,Unofficial Sketch Plan,PR-005784-2023,20 E Ridge Road,888824.648043938,3812.89789578258
221,LD-03-23-17593,Life Time Living,2023/04/14 00:00:00+00,2023/03/27 13:56:49+00,,,5.383,197,0,Residential,Apartment,197,,,,0,,,0,b7d1a7e0-69a3-4c27-9e02-c1d434eaaa5d,PR-005785-2023,2023,"Applicant intends to develop the Property with a Compatible Multifamily Dwelling or Apartment House (""CMD"") in accordance with newly enacted Tredyffrin Township Zoning Ordinance HR-461.",PR-005785-2023,Life Time Living,234609.064508785,2238.47670878356
222,LD-03-23-17596,Odessa Development Major Revision,2023/04/26 00:00:00+00,2023/04/12 14:49:47+00,2023/05/09 00:00:00+00,2025/09/17 00:00:00+00,14.59,392,11808,Residential,Apartment,224,,Residential,Townhouse,166,Commercial,Retail,2,6dbd7683-a1fb-437d-8c64-fc5faaa4ace1,PROJ-4141,2023,"224 apt. building, 166 THS, 11,808 SF of commercial",PROJ-4141,Odessa Development,636317.892179247,4635.13700523488
223,LD-03-23-17599,Calvary Chapel of Honey Brook,2023/04/25 00:00:00+00,2023/04/06 13:34:11+00,2024/10/10 00:00:00+00,2024/10/11 00:00:00+00,3.57,2,0,Institutional,Religious Organization,2,parking lot expansion,,,0,,,0,79935aef-6685-4b48-960e-9ba5d9645f6b,PR-005792-2023,2023,"parking lot expansion-parking lot will be increased to 164 parking spaces and three (3) handicapped accessible parking spots. Impervious cover will be increased by 1.15 acres, which will include the parking lot, and an access road off Todd Rd.
To accommodate the parking lot, 1.12 acres will be purchased from an adjacent lot (UPI# 22-3-75.5) owned by Anna Mae & Ivan S. Stoltzfus.",PR-005792-2023,Calvary Chapel of Honey Brook,1038029.87609505,6055.17240689311
224,LD-03-24-18013,"Malvern Educational Properties, LLC",2024/04/24 00:00:00+00,2024/03/26 08:33:52+00,,,0.97,1,10608,Institutional,Child Daycare,1,,,,0,,,0,02eea5ca-2c94-4d1b-97cc-1545847bcf68,PR-005964-2024,2024,"Sketch Plan Submission - 10,608 square foot daycare facility and parking",PR-005964-2024,"Malvern Educational Properties, LLC",42674.0461580478,843.398551463238
225,LD-03-24-18014,532 N. Walnut Road,2024/03/27 00:00:00+00,2024/03/05 08:38:10+00,2024/09/04 00:00:00+00,2025/03/14 00:00:00+00,9.02,33,0,Residential,Townhouse,33,,,,0,,,0,b39b51ef-4f8c-4070-827f-d852a60c78e5,PR-005965-2024,2024,"33 townhouses proposed, Preliminary/Final LD Plan for 532 N. Walnut Rd.",PR-005965-2024,532 N. Walnut Road,420801.547999654,2747.84526181311
226,LD-03-24-18018,1052 Andrew Drive,2024/04/05 00:00:00+00,2024/03/18 17:07:29+00,2024/11/07 00:00:00+00,2025/09/05 00:00:00+00,2.27,1,16925,Industrial,Warehouse,1,,,,0,,,0,d7374550-bd76-4ae6-8d6e-48b7d77ebc31,PR-005967-2024,2024,"Redevelop existing site with a new 16,925 SF building and new parking area.",PR-005967-2024,1052 ANDREW DRIVE,97993.2925573442,1193.6766386062
227,LD-03-24-18019,Goshen Leisure Development,2024/04/19 00:00:00+00,2024/04/09 17:27:04+00,,,14.09,1,0,Commercial,Office Building,1,,,,0,,,0,f8a7b0cd-0692-4150-9213-c5c7bf0b20dc,PR-005343-2020,2024,Amendment to previously recorded land development plan - reconfigure parking area around proposed building #3.,PR-005343-2020,Goshen Leisure Development,593961.286504847,3329.90705959558
228,LD-03-24-18020,"119 Main Street, LLC",2024/04/09 00:00:00+00,2024/03/15 12:14:12+00,2024/11/12 00:00:00+00,2024/11/25 00:00:00+00,0.1772,13,7620,Residential,Apartment,12,,Commercial, ,1,,,0,1aaa0400-6d0e-4f61-8a19-4d4ad5b932a2,PR-005966-2024,2024,"Mixed use building - 12 apartments and 7,620 SF Com Office Space.  The 1st floor will be office space, and the 2nd and 3rd floors will have six (6) residential units each.  The existing parking lot located at the rear of the site is to remain unchanged.",PR-005966-2024,"119 MAIN STREET, LLC",8085.47456897339,499.788726584268
229,LD-03-24-18021,Tague Lumber,2024/03/27 00:00:00+00,2024/03/11 14:22:50+00,,,4.95,3,26158,Industrial,Manufacturing,3,,, ,0,,,0,b324838c-6fdc-40f3-89fa-fd1c12b59eae,PR-005968-2024,2024,Proposed 3 new buildings,PR-005968-2024,Tague Lumber,195570.103764885,1849.18938488078
230,LD-03-24-18028,Proposed Building for Amos Esh,2024/04/15 00:00:00+00,2024/03/20 12:38:55+00,2025/03/20 00:00:00+00,2025/03/26 00:00:00+00,15.14,1,5384,Commercial,Unique,1,, , ,0, , ,0,986919bc-47f0-43f8-ade5-f84dd50b0dfa,PR-005971-2024,2024,"Proposed 5,384 SF office/workshop building",PR-005971-2024,Proposed Building for Amos Esh,647278.723371527,3833.97036270581
231,LD-03-24-18034,"Devon Donuts, LLC",2024/06/06 00:00:00+00,2024/05/08 14:55:04+00,,,1.28,1,46,Commercial,Restaurant,1,Drive through for Dunkin Donuts,,,0,,,0,95ded143-1b0e-4dc9-98cc-7237538d8cae,PR-005990-2024,2024,Add a drive-through lane and pickup window on the west side of a commercial building.,PR-005990-2024,"Devon Donuts, LLC",61074.4854646894,1510.35104071582
232,LD-03-24-18035,New Elementary School,2024/04/25 13:56:51+00,2024/03/22 09:47:51+00,,,52.2,1,115780,Institutional,School,1,New Elementary School,,,0,,,0,cd87159f-eff8-4fd1-9448-5c7f9bc85562,PR-005976-2024,2024,"115,780 SF new school.  New elementary school and parking",PR-005976-2024,New Elementary School,2208445.65020127,7194.27470277559
233,LD-03-24-18037,558 Highland Rd.,2024/05/09 00:00:00+00,2024/04/12 18:33:08+00,,,6.65,1,6347,Institutional,Religious Organization,1,,,,0,,,0,5af99a75-1a70-4bb3-ac8b-041e571afc58,PR-005982-2024,2024,"Proposed 6,347 square foot church and parking.",PR-005982-2024,558 Highland Rd,279614.729709702,2222.55273668882
234,LD-03-24-18038,"Lands of Schramm, Inc.",2024/04/19 00:00:00+00,2024/03/25 11:28:18+00,,,26.12,1,56400,Industrial,Warehouse,1,,,,0,,,0,c44b773f-2d96-46fd-a5f2-ba10e3b13571,PR-005413-2021,2024,"Amendment to Plan LD-04-21-16699 to construct a 56,400 SF Flex/Warehouse building",PR-005413-2021,Lands of Schramm,1148901.86324663,5786.59762596312
235,LD-03-24-18043,"Chick-Fil-A, Inc. - Drive-Thru Redevelopment - Store #0265",2024/04/24 00:00:00+00,2024/03/27 08:04:01+00,2024/08/21 00:00:00+00,2025/01/07 00:00:00+00,48.2,1,0,Commercial,Parking Lot/Garage,1,parking and drive-thru revisions,,,0,,,0,f4c263a3-49fd-4a6d-9925-e32bc67392de,PR-005978-2024,2024,parking and drive thru revisions. Chick-Fil-A revision,PR-005978-2024,"Chick-Fil-A - Drive-Thru Redevelopment, Store 0265",2080728.64467933,6056.10512185406
236,LD-03-24-18045,Shearon IV Boot Road LP,2024/04/17 00:00:00+00,2024/03/22 10:37:27+00,2024/05/20 00:00:00+00,2024/06/25 00:00:00+00,9.92,1,2000,Industrial,Warehouse,1,pole barn,,,0,,,0,7623315a-87b9-4218-aa2d-4c3307e6aa43,PR-005980-2024,2024,"2,000 SF Pole Barn proposed. Pole Barn addition",PR-005980-2024,Shearon IV Boot Road LP,425660.241052811,4713.47714076829
237,LD-03-24-18046,Eagle Animal Hospital,2024/04/24 00:00:00+00,2024/03/29 10:37:08+00,,,1.1,1,5334,Commercial,,1,,,,0,,,0,8fc2bfa7-5ddb-418a-a467-a81bed2e2a09,PR-005749-2023,2024,"1 proposed bldg, 5,334 SF. Preliminary Land Development Plan for Eagle Animal Hospital, 211 Byers Road, Chester Springs
(not 164 Byers Road entered in error)",PR-005749-2023,Eagle Animal Hospital ,55995.0401673051,915.546114692665
238,LD-03-25-18446,2649 Ridge Road,2025/04/11 00:00:00+00,2025/03/14 14:53:24+00,2026/01/05 00:00:00+00,2026/02/25 00:00:00+00,2,1,7920,Commercial,Unique,1,Storage Building,,,0,,,0,6053df93-b865-4451-b88b-7b994c21e9ff,PR-006153-2025,2025,"Proposal of 7,920 sf storage building. RAMA Properties- 2649 Ridge Road",PR-006153-2025,2649 Ridge Road,81499.7631768144,1205.14037538941
239,LD-03-25-18447,"LUV Car Wash Northeast, LLC",2025/04/11 00:00:00+00,2025/03/13 14:55:59+00,2025/12/18 00:00:00+00,2025/12/22 00:00:00+00,0.94,1,0,Commercial,Unique,1,car wash,,,0,,,0,5eb625a6-cb23-4245-b7f9-ebdbf8cab7d1,PR-006154-2025,2025,Converting property from Gas Station and car wash to car wash only,PR-006154-2025,"LUV Car Wash Northeast, LLC",55084.8096194001,1160.87409834069
240,LD-03-25-18451,Exton Park - Phase II,2025/04/10 00:00:00+00,2025/03/11 18:43:39+00,2025/05/28 00:00:00+00,2026/02/27 00:00:00+00,173.45,1,0,Institutional,Park,1,,,,0,,,0,55de8bed-547d-4865-8736-1e21df498c9f,PR-006158-2025,2025,"Various improvements to the Exton Park: new basketball, tennis and pickle-ball courts, a band shelter, a playground, restroom facilities as well as accessways, sidewalk, off-street parking areas, utilities, landscaping, and lighting.",PR-006158-2025,Exton Park - Phase II,7406957.48977683,13234.0717330154
241,LD-03-25-18452,Mainline Views Senior Apartments,2025/04/16 00:00:00+00,2025/03/17 13:13:55+00,,,7.5,114,0,Residential,Apartment,114,(2) 3 story apartment buildings proposed with 57 units in each,,,0,,,0,2d0a6f68-7fe2-4996-8927-ab5185eadce5,PR-006156-2025,2025,"Construct two age-restricted apartment buildings, 114 units total - refer to SD-03-25-18450 for concurrent lot consolidation plan.",PR-006156-2025,Mainline Views Senior Apartments,337982.65125404,2425.54848558573
242,LD-03-25-18463,1800 & 1804 Horseshoe Pike,2025/04/23 00:00:00+00,2025/03/25 09:57:55+00,,,26.91,12,97400,Commercial,Unique,12,storage buildings, , ,0,,,0,9bbef038-e598-46ff-971e-142b8eb58e72,PR-006160-2025,2025,"12 storage buildings on 1 lot totaling 97,400 SF & 1 AGR lot - SD & LD Plan.",PR-006160-2025,1800 & 1804 Horseshoe Pike,1122358.81311834,5003.91947970339
243,LD-03-25-18466,820 E. Washington St. Automobile Repair Facility,2025/04/18 00:00:00+00,2025/03/26 07:52:54+00,2025/07/15 00:00:00+00,2026/01/05 00:00:00+00,1.86,1,14286,Commercial,Unique,1,Car Repair facility,, ,0,,,0,88532c46-ec17-4a9e-9072-75373d38f75f,PR-005886-2023,2025,Amended Plan to remove previously approved building addition and replace with a smaller stand alone structure.,PR-005886-2023,820 E Washington St. Automobile Repair Facility,176595.222636213,1901.72032910899
244,LD-03-25-18470,Additions and Renovations to Kings Highway Elementary School,2025/04/22 00:00:00+00,2025/03/25 13:08:40+00,,,23.5,1,11878,Institutional,Addition to Existing,1,proposed addition to existing school,,,0,,,0,f511fe4b-6d1a-4f5a-900f-4fcedf11fcca,PR-006161-2025,2025,"LD & SD = 11,878 square foot addition to Kings Highway Elementary School, +37 parking spaces
841 W Kings Highway",PR-006161-2025,Kings Highway Elementary Additions and Renovations,971216.634290881,4499.52131349789
245,LD-03-26-18852,River Station Development,,2026/03/11 09:00:49+00,,,2.65,1,17500,Commercial,Retail,1,Grocery Store,,,0,,,0,6a3193d5-d17d-4e75-ad13-30aee96a0733,PR-004838-2018,,"17,500 SF building, COM/Retail",PR-004838-2018,River Station,99851.0202275446,1366.3502130124
246,LD-03-26-18853,"Jackson Immuno Research Laboratories, Inc.",,2026/03/13 10:19:48+00,,,10.94,1,17117,Industrial,Addition to Existing,1,,,,0,,,0,de9701f5-a7ce-427c-acc3-b886d6ab14b8,PR-006326-2026,,"17,117 SF building addition, IND",PR-006326-2026,"Jackson Immuno Research Laboratories, Inc.",455534.210585846,3113.58529235865
247,LD-03-26-18861,931 W Baltimore Pike,,2026/03/13 12:43:10+00,,,1.1,1,3200,Commercial,Retail,1,,,,0,,,0,2dc8bcf5-7656-4052-acc1-ef581d644b27,PR-006330-2026,,"3,200sf building, COM/retail",PR-006330-2026,931 W Baltimore Pike,42558.530942636,830.612753769581
248,LD-03-26-18865,Spotless Car Wash - Westtown,,2026/03/18 11:14:45+00,,,1.92,1,0,Commercial,Building Conversion,1,Car wash,,,0,,,0,de9a0178-795a-4b14-ad23-01b950cefb35,PR-006329-2026,,"Existing 11,200sf commercial bldg to remain and renovated to a proposed car wash",PR-006329-2026,Spotless Car Wash - Westtown,76505.9184582669,1101.7128830583
249,LD-03-26-18867,Byers Station Amended Final PRD Plans,,2026/03/17 14:08:40+00,,,3.89,1,10500,Commercial,Retail,1,,,,0,,,0,ac573360-9398-41ac-bd67-4d847ffe10be,PR-006201-2025,,"Proposal 10,500 sf commercial bldg & 52 parking spaces",PR-006201-2025,Byers Station Amended Final PRD Plans,172302.197560447,1873.64555749809
250,LD-04-17-14804,Sadsbury Commons,2017/04/26 00:00:00+00,2017/03/31 00:00:00+00,2023/04/22 00:00:00+00,2023/07/20 00:00:00+00,57.65,24,417724,Commercial, ,24,,,,0,,,0,f3b74fcf-f0a1-42c1-a2b9-bfcb3620a0f7,PR-004544-2017,2017,"Proposed: Phase 2 - 6 buildings with 12 COM uses and 488 parking spaces. Phase 3 - 7 buildings with 12 COM uses and 1,641 parking spaces.",PR-004544-2017,Sadsbury Commons,2403832.534011,7317.18389871079
251,LD-04-17-14820,Drury Development,2017/05/03 00:00:00+00,2017/04/07 00:00:00+00,2017/10/18 00:00:00+00,2018/02/07 00:00:00+00,8.27,57,0,Residential,Townhouse,57,,,,0,,,0,297f93ce-6a78-48c0-8034-eff8f8637bde,PR-004557-2017,2017,"Demolish existing buildings and construct 57 THS, roads, and parking",PR-004557-2017,Drury Development,359009.130090162,2480.89741922259
252,LD-04-17-14828,Boy Scouts of America Chester County Council,2017/05/16 00:00:00+00,2017/04/28 00:00:00+00,2017/09/27 00:00:00+00,2018/10/05 00:00:00+00,29.08,1,11674,Institutional,Unique,1,,,,0,,,0,243fa213-2a46-4109-ae4e-28e9db870eb9,PR-004554-2017,2017,Proposed building and parking,PR-004554-2017,Boy Scouts of America Chester County Council,1225376.17684519,5025.42718179282
253,LD-04-17-14838,361 & 363 E. Lancaster Ave.,2017/05/17 00:00:00+00,2017/04/20 00:00:00+00,,,0.76,1,3400,Institutional,Medical Building,1,,,,0,,,0,a1c99ee5-256b-4b3a-a6d5-b887f87cd0ce,PR-004559-2017,2017,Proposed Medical Building and parking,PR-004559-2017,361 & 363 E. Lancaster Ave.,29119.6909402673,784.375024872679
254,LD-04-17-14840,Victory Baptist Church,2017/05/15 00:00:00+00,2017/04/21 00:00:00+00,2017/09/11 00:00:00+00,2017/09/20 00:00:00+00,4,1,4654,Institutional,Religious Organization,1,,,,0,,,0,30cb5aa4-ceee-4635-830d-cb90c2d0fdd0,PR-004560-2017,2017,Proposed building,PR-004560-2017,Victory Baptist Church,178622.411940186,2191.11515660238
255,LD-04-17-14842,"TKC CXCII, LLC",2017/05/09 15:22:09+00,2017/04/21 00:00:00+00,2018/04/25 00:00:00+00,2018/05/03 00:00:00+00,6.81,2,20910,Commercial,Retail,2,, ,,0,,,0,aa8fd636-a0cc-408e-9098-fba7319b1b71,PR-004561-2017,2017,two proposed buildings and parking,PR-004561-2017,"TKC CXCII, LLC",281721.39613773,2641.41557810791
256,LD-04-17-14844,"Landhope Realty, Co.",2017/05/16 10:18:20+00,2017/04/24 00:00:00+00,,,7.99,1,6108,Commercial, ,1,,,,0,,,0,7877e944-e82b-4f9e-a8e7-50aa1dc78264,PR-004562-2017,2017,"Proposed building, gas bay, and parking",PR-004562-2017,"Landhope Realty, Co.",342162.182254434,2973.35611415077
257,LD-04-18-15357,Snowdenville,2018/04/18 00:00:00+00,2018/03/30 00:00:00+00,,,6.57,1,0,Industrial,Cell Tower,1,,,,0,,,0,e44777b2-27c9-45e1-a33a-753500335097,PR-004791-2018,2018,Proposed cell phone tower,PR-004791-2018,Snowdenville,248405.055739713,2325.11733046832
258,LD-04-18-15358,J.J. Kane Auctioneers,2018/04/25 00:00:00+00,2018/04/03 15:39:25+00,,,54.79,1,4800,Commercial,Unique,1,,,,0,,,0,9c57533f-4bb1-4821-a9a6-94af5732be21,PR-004792-2018,2018,Proposed building and parking,PR-004792-2018,J.J. Kane Auctioneers,1977047.38564779,9597.97506241602
259,LD-04-18-15362,Proposed Barn and House,2018/04/20 13:08:33+00,2018/04/02 00:00:00+00,2018/05/14 00:00:00+00,2018/05/31 00:00:00+00,12.26,1,0,Residential,Single Family Residential,1,,,,0,,,0,03e2cf64-197d-44ae-b95c-c1abff436f7a,PR-004796-2018,2018,"Proposed SFR, barn and greenhouse on existing parcel",PR-004796-2018,Proposed Barn and House,529741.171072321,4153.7292625732
260,LD-04-18-15363,Weatherstone Town Center,2018/04/20 13:23:24+00,2018/04/03 00:00:00+00,2018/05/25 00:00:00+00,2019/03/08 00:00:00+00,24.37,1,5585,Commercial,Convenience Store,1,,,,0,,,0,08abe264-a988-4898-b439-b0df0568b406,PR-004797-2018,2018,"Proposed building, gas pumps and parking",PR-004797-2018,Weatherstone Town Center,1067110.36872751,4008.54093962175
261,LD-04-18-15364,Hanover Exton Square Residential Development,2018/05/01 00:00:00+00,2018/04/04 14:17:43+00,2018/08/08 00:00:00+00,2018/11/07 00:00:00+00,4.07,342,0,Residential,Apartment,342,,,,0,,,0,d3988d91-ef02-47d0-b099-4e692603a9e8,PR-004798-2018,2018,342 apartments and parking proposed,PR-004798-2018,Hanover Exton Square Residential Development,427544.450454438,2651.37947419516
262,LD-04-18-15365,Loch Aerie,2018/05/01 00:00:00+00,2018/04/04 14:45:09+00,2019/05/15 00:00:00+00,2019/06/06 00:00:00+00,2.08,1,5135,Commercial,Addition to Existing,1,,,,0,,,0,1edd4ebf-236a-4b2b-8e99-a38bf71284fb,PR-004799-2018,2018,building addition and parking,PR-004799-2018,Loch Aerie,90614.0501937942,1287.08953073822
263,LD-04-18-15366,Redford: 4272 Conestoga Road,2018/04/18 00:00:00+00,2018/04/04 15:12:28+00,2018/11/14 00:00:00+00,2018/11/15 00:00:00+00,20.56,1,0,Residential,Single Family Residential,1,,,,0,,,0,6eec260c-0f6c-40c0-9978-2a4e5924b275,PR-004800-2018,2018,Proposed house and garage on existing lot,PR-004800-2018,Redford: 4272 Conestoga Road,841094.289970829,5962.51619927913
264,LD-04-18-15375,Northridge,2018/04/20 11:18:26+00,2018/04/05 00:00:00+00,2018/12/18 00:00:00+00,2018/12/21 00:00:00+00,34.78,54,0,Residential,Twin,54,,,,0,,,0,85e16a97-9f5b-45ac-9366-c64765d55474,PR-004801-2018,2018,54 Twin homes and roads proposed,PR-004801-2018,Northridge,1589679.66772544,6553.71369747321
265,LD-04-18-15376,Eagleview Lot 1C,2018/05/04 00:00:00+00,2018/04/06 00:00:00+00,2018/11/19 00:00:00+00,2019/06/14 00:00:00+00,20.28,1,113000,Commercial,Office Building,1,,,,0,,,0,c9f8fa77-58a7-4000-843d-59b4479e8e87,PR-004802-2018,2018,proposed building and parking,PR-004802-2018,Eagleview Lot 1C,631463.704657402,3502.18287045566
266,LD-04-18-15377,Eagleview Lot 1B - Maintenance Area,2018/04/23 00:00:00+00,2018/04/06 00:00:00+00,2019/03/08 00:00:00+00,2019/03/19 00:00:00+00,26.51,1,0,Commercial,,1,,,,0,,,0,8cb431dd-f154-47f5-be0b-e9d763156e7f,PR-004804-2018,2018,"proposed maintance area (paving, driveway, etc.)",PR-004804-2018,Eagleview Lot 1B - Maintenance Area,1155485.15392035,5705.24996792476
267,LD-04-18-15379,"959,969,979 Radnor Road & 959 Fairview Avenue",2018/05/03 00:00:00+00,2018/04/06 00:00:00+00,,,1.43,12,0,Residential,Townhouse,12,,,,0,,,0,9baa0479-8ede-469d-a4fa-eafac42f4747,PR-004803-2018,2018,12 Townhouses proposed,PR-004803-2018,"959,969,979 Radnor Road & 959 Fairview Avenue",57708.2701453123,972.135454883347
268,LD-04-18-15380,McDonald's,2018/05/04 09:02:51+00,2018/04/10 00:00:00+00,2018/08/14 00:00:00+00,2018/11/13 00:00:00+00,0.69,1,0,Commercial,Parking Lot/Garage,1,,,,0,,,0,7458a94e-97da-4e35-8ad4-7c9d78c0d873,PR-004805-2018,2018,Proposed parking lot improvements,PR-004805-2018,McDonald's,30392.063015709,703.572394359656
269,LD-04-18-15381,Bank of America @ Phoenixville Plaza,2018/05/04 00:00:00+00,2018/04/10 00:00:00+00,2018/09/06 00:00:00+00,2018/09/05 00:00:00+00,1.3,1,3797,Commercial,Bank,1,,,,0,,,0,5946b315-f12f-4a00-ae0e-9c7d9699fad8,PR-004806-2018,2018,proposed building (bank) and parking,PR-004806-2018,Bank of America @ Phoenixville Plaza,61245.3928814815,1000.14924200939
270,LD-04-18-15382,Barclay Gardens,2018/05/08 10:13:57+00,2018/04/10 00:00:00+00,2021/12/16 00:00:00+00,2021/12/27 00:00:00+00,0.9,125,0,Residential,Apartment,125,,,,0,,,0,f7f0cda2-ad35-4219-8779-4eec86f91c4d,PR-004807-2018,2018,125 apartments and parking in 1 building,PR-004807-2018,Barclay Gardens,39330.6993175361,797.035550796905
271,LD-04-18-15383,State Hill School,2018/05/02 00:00:00+00,2018/04/12 00:00:00+00,2018/06/13 00:00:00+00,2019/01/25 00:00:00+00,24.4,1,1787,Institutional,School,1,,,,0,,,0,3511913c-24a5-46af-98b3-514aa07d009d,PR-004808-2018,2018,proposed building (school) ,PR-004808-2018,State Hill School,1052831.8152644,4653.70203330108
272,LD-04-18-15391,Lochiel Farm,2018/05/18 00:00:00+00,2018/04/18 00:00:00+00,2019/02/13 00:00:00+00,2019/11/21 00:00:00+00,32.36,140,0,Residential,Townhouse,140,,,,0,,,0,7ab2a0c7-4949-4e8e-b37c-bdcfc286f718,PR-004812-2018,2018,"Proposed: 140 Townhouses, roads and parking. Existing: 2 SFR, both are Historic and 1 will be relocated on the property.",PR-004812-2018,Lochiel Farm,1299222.38528647,6039.7730948877
273,LD-04-18-15392,122 Oscar Way,2018/05/16 00:00:00+00,2018/04/19 14:44:13+00,2018/11/13 00:00:00+00,2018/09/26 00:00:00+00,3.18,1,8845,Commercial,Addition to Existing,1,,,,0,,,0,3769418a-fa6c-4e92-a80d-8a0381f378dc,PR-004813-2018,2018,Proposed building addtion ,PR-004813-2018,122 Oscar Way,161310.368976091,1903.99446616037
274,LD-04-18-15393,Vantage Point Retirement Living,2018/05/14 00:00:00+00,2018/04/19 15:09:28+00,2022/08/22 00:00:00+00,2022/08/24 00:00:00+00,4.25,101,0,Residential,Apartment,101,,,,0,,,0,ea44c019-188d-4dac-b7e9-514903c572e3,PR-004814-2018,2018,Proposed assisted living facility with 101 units and parking,PR-004814-2018,Vantage Point Retirement Living,185709.025791791,1852.39649173818
275,LD-04-18-15395,PAC Strapping Expansion,2018/05/07 00:00:00+00,2018/04/19 00:00:00+00,,,4.16,1,11668,Industrial,Addition to Existing,1,,,,0,,,0,97019a4d-19b7-454b-87fb-0187e4d6ff9c,PR-004815-2018,2018,Proposed building addition and changing parking,PR-004815-2018,PAC Strapping Expansion,174816.569587035,1639.92766741306
276,LD-04-18-15397,Engletown Amish School House,2018/05/09 00:00:00+00,2018/04/20 13:01:20+00,,,6.28,1,1924,Institutional,School,1,,,,0,,,0,1c6f87e4-8eba-49a2-b772-1d2b4e8ba44d,PR-004817-2018,2018,"Proposed 1,924 square foot school building",PR-004817-2018,Engletown Amish School House,202610.027136833,1980.45750625198
277,LD-04-18-15414,Pole Barn at 220 Chatham Road,2018/05/15 15:27:35+00,2018/04/27 00:00:00+00,2018/08/08 00:00:00+00,2018/08/23 00:00:00+00,6.96,1,1920,Commercial,Unique,1,,,,0,,,0,6afa08f8-4704-4f72-9d1a-a66d53beac88,PR-004818-2018,2018,Proposed building (Pole Barn),PR-004818-2018,Pole Barn at 220 Chatham Road,295316.247535303,2872.28561953304
278,LD-04-18-15415,Weatherstone Town Center Phase II,2018/05/25 13:23:22+00,2018/04/27 00:00:00+00,2019/05/06 00:00:00+00,2019/05/23 00:00:00+00,22.79,230,0,Residential,Apartment,230,,,,0,,,0,73067fea-5473-4dff-93a9-b91eefff052c,PR-004819-2018,2018,Proposed 230 apartment units,PR-004819-2018,Weatherstone Town Center Phase II,988594.907710382,3798.41210161529
279,LD-04-19-15862,The Schuylkill River Trail - Phase 2,2019/05/01 00:00:00+00,2019/04/04 00:00:00+00,2021/02/25 00:00:00+00,2021/03/10 00:00:00+00,0.89,1,0,Institutional,Sports/Recreation ,1,,,,0,,,0,0e1bbef7-403b-498a-ba89-8eced21432e2,PR-005041-2019,2019,proposed parking on trail,PR-005041-2019,The Schuylkill River Trail - Phase 2,41887.9489356013,1046.03882723449
280,LD-04-19-15865,112 Washington Ave.,2019/05/01 00:00:00+00,2019/04/10 00:00:00+00,2023/04/26 00:00:00+00,2023/04/27 00:00:00+00,0.08,10,1800,Commercial,Building Conversion,1,,Residential,Apartment,9,,,0,a6872753-deb5-4896-b981-1b67120cd604,PR-005043-2019,2019,converting existing building (9 APT & 1 COM) and parking,PR-005043-2019,112 Washington Ave.,3619.4938676714,338.012022656467
281,LD-04-19-15877,Swedesford Plaza,2019/05/17 00:00:00+00,2019/04/17 13:26:57+00,2021/11/15 00:00:00+00,2021/12/22 00:00:00+00,8.6,250,0,Residential,Apartment,250,,,,0,,,0,e2a398c0-04c2-44af-9046-ca4b9fbc4c80,PR-005047-2019,2019,Demolish existing one story building. Proposed apartment building with parking garage,PR-005047-2019,Swedesford Plaza,329399.405463731,2306.30514662406
282,LD-04-19-15878,Goshen Leisure Development,2019/05/15 00:00:00+00,2019/04/17 13:43:34+00,2020/06/15 00:00:00+00,2020/07/23 00:00:00+00,19.25,8,198627,Commercial,,5,,Industrial,,3,,,0,eeea56d7-0a1d-4439-b230-aca647c4a06a,PROJ-3365,2019,8 proposed buildings (5 self storage & 3 flex space) and parking,PROJ-3365,Goshen Leisure Development,767909.276448264,5428.54276550145
283,LD-04-19-15881,Masjid Ar-Rahman Property,2019/05/02 10:15:26+00,2019/04/19 00:00:00+00,,,0.39,1,2285,Institutional,Addition to Existing,1,,,,0,,,0,47675624-26d4-4914-a1e7-11bf37588bb2,PR-005049-2019,2019,proposed building addition to church,PR-005049-2019,Masjid Ar-Rahman Property,17368.2119606299,559.153711792195
284,LD-04-19-15886,Boas Vision Associates,2019/05/08 00:00:00+00,2019/04/29 00:00:00+00,2021/04/12 00:00:00+00,2021/04/30 00:00:00+00,1,1,2040,Commercial,Addition to Existing,1,,,,0,,,0,0e4691ad-8e8a-4807-8638-17af059bcf75,PR-005050-2019,2019,2 additions to 1 building and reconfiguring parking,PR-005050-2019,Boas Vision Associates,37707.6473907923,991.495751512099
285,LD-04-20-16308,190 W. Lincoln Highway,2020/04/10 00:00:00+00,2020/04/02 00:00:00+00,,,2.16,1,29253,Industrial,Manufacturing,1,,,,0,,,0,43624a77-06c6-4d9d-8dd0-ce8b1c86e068,PR-005246-2020,2020,proposed building and parking,PR-005246-2020,190 W. Lincoln Highway,86379.9139760367,1181.80223187344
286,LD-04-20-16316,"G.A. Vietri, Inc.",2020/04/24 00:00:00+00,2020/04/08 12:41:21+00,2020/08/04 00:00:00+00,2020/09/04 00:00:00+00,8.35,1,58835,Industrial, ,1,,,,0,,,0,8f2e8560-bff2-41e1-be4f-4e26c4c17c7b,PR-005249-2020,2020,proposed building and parking,PR-005249-2020,"G.A. Vietri, Inc. ",363892.03959744,2525.41462723921
287,LD-04-20-16317,Eland Point Crossing,2020/05/19 13:52:56+00,2020/04/22 00:00:00+00,2021/01/29 00:00:00+00,2021/02/03 00:00:00+00,4.62,108,0,Residential,Apartment,108,,,,0,,,0,8e56c120-0ca8-49b5-94e1-7e801f6d12c8,PROJ-4266,2020,"Proposed: 108 APT, parking, open space, a pool, etc.",PROJ-4266,Eland Point Crossing ,318752.189679476,4130.17075315308
288,LD-04-20-16319,Blue Rock at Elverson,2020/04/24 00:00:00+00,2020/04/16 00:00:00+00,2020/02/04 00:00:00+00,2020/05/06 00:00:00+00,10.06,28,0,Residential,Townhouse,28,,,,0,,,0,a5cb10dd-f25b-43ef-b06b-c3665b1904a4,PR-005250-2020,2020,"Proposed: 28 THS, a road, and parking",PR-005250-2020,Blue Rock at Elverson,434430.266804519,2974.45110760138
289,LD-04-20-16322,Old Paths Baptist Church-KJV Inc,2020/05/08 00:00:00+00,2020/04/22 00:00:00+00,2020/03/27 00:00:00+00,2020/06/05 00:00:00+00,3.48,1,6000,Institutional,Religious Organization,1,,,,0,,,0,be643198-f8ac-4683-a881-09123d95ccf6,PR-005251-2020,2020,proposed building (church) and parking ,PR-005251-2020,Old Paths Baptist Church-KJV Inc,129982.966169291,1550.66379352209
290,LD-04-21-16697,Eagleview Town Center II,2021/05/10 00:00:00+00,2021/04/13 00:00:00+00,2022/01/10 00:00:00+00,2022/01/18 00:00:00+00,41.575,154,0,Residential,Apartment,154,,,,0,,,0,fc945a85-8a96-4bdf-9628-e1ccff3c8460,PR-005315-2020,2021,Proposed 154 apartments + parking,PR-005315-2020,Eagleview Town Center II,1408284.51043353,6110.86327752665
291,LD-04-21-16699,"Lands of Schramm, Inc.",2021/05/12 00:00:00+00,2021/04/12 10:04:36+00,2022/10/18 00:00:00+00,2022/10/21 00:00:00+00,25.56,1,51200,Industrial,Warehouse,1,,,,0,,,0,1ad828d4-a7a2-4897-aa01-846e60e96782,PR-005413-2021,2021,"51,200 s.f. warehouse building + 131 parking spaces",PR-005413-2021,Lands of Schramm,1284583.31299136,7278.24272796951
292,LD-04-21-16702,East Nields Industrial Center,2021/05/27 00:00:00+00,2021/04/29 15:01:01+00,,,27.1,1,142746,Industrial,Warehouse,1,, , ,0,,,0,828976d5-b358-466f-bc16-c20c7cacc046,PR-005418-2021,2021,"Proposed warehouse 142,746 SF",PR-005418-2021,East Nields Industrial Center,1243113.96015384,5493.23998279312
293,LD-04-21-16704,Pleasant View Welding,2021/05/05 00:00:00+00,2021/04/09 17:10:04+00,2023/09/11 00:00:00+00,2023/09/12 00:00:00+00,7.633,1,57071,Industrial,Warehouse,1,, , ,0,,,0,06436893-3b85-40ea-a661-253999a65c9c,PROJ-2416,2021,"proposed 57,051 s.f. building, IND",PROJ-2416,Pleasant View Welding,287991.985029611,2587.97096203814
294,LD-04-21-16717,Steelworks,2021/05/20 09:20:02+00,2021/04/22 00:00:00+00,,,4.97,379,40600,Residential,Apartment,375,,Commercial,Retail,4,,,0,1814f931-5f12-4884-b127-5a6f349dc187,PR-004430-2016,2021,"Proposed 375 units, 40,600 s.f. commercial - 4 units + parking (mixed-use development)",PR-004430-2016,Steelworks,213506.599489192,2061.18813375369
295,LD-04-21-16725,"Envera LIC, LLC",2021/06/15 00:00:00+00,2021/05/21 14:00:01+00,2021/07/20 00:00:00+00,2021/08/18 00:00:00+00,3.25,1,1064,Industrial,Addition to Existing,1,,,,0,,,0,efb841d0-001f-47ee-9327-19b0ba77c2a3,PR-005422-2021,2021,"building additions totaling 1,064 square feet",PR-005422-2021,"Envera LIC, LLC",125195.898967536,1435.82431714873
296,LD-04-21-16728,40 Liberty Boulevard,2021/05/25 00:00:00+00,2021/04/29 00:00:00+00,2022/03/09 00:00:00+00,2022/04/21 00:00:00+00,11.577,1,0,Commercial,Parking Lot/Garage,1,,,,0,,,0,c022e37b-8be7-4d14-b4f2-390081ea1acf,PR-005423-2021,2021,proposed 43 additional parking spaces,PR-005423-2021,40 Liberty Boulevard,511281.853224084,3056.98238859405
297,LD-04-21-16735,Maple Inn Estates,2021/05/17 00:00:00+00,2021/04/30 12:49:43+00,,,4.126,24,0,Residential,Townhouse,24,,,,0,,,0,f7976f36-a7da-4665-827e-8aabfda0e333,PR-005424-2021,2021,proposed 24 townhouses,PR-005424-2021,Maple Inn Estates,185983.856391353,1728.08952199791
298,LD-04-21-16738,Kaolin Re Holdings Corporation,2021/05/03 00:00:00+00,2021/04/30 08:41:46+00,2021/04/28 00:00:00+00,2021/05/04 00:00:00+00,133.54,12,957766,Agricultural,Mushroom House,12,,,,0,,,0,656eb448-e362-42db-8fc3-932b92cf96ab,PR-005425-2021,2021,Proposed mushroom houses and accessory buildings with parking.,PR-005425-2021,Kaolin Re Holdings Corporation,5709544.017573,12250.4873614328
299,LD-04-22-17161,1401 Gallagherville Road,2022/05/02 09:33:29+00,2022/04/07 14:38:08+00,2022/09/26 00:00:00+00,2022/10/05 00:00:00+00,4,1,7500,Commercial,Unique,1,Seal Coating Business,,,0,,,0,8fe979c1-6b4f-4929-bc58-7f00fbc45f63,PR-005607-2022,2022,"Applicant is proposing to construct a 7,500 square foot pole bar, additional parking, and a new septic system and stormwater management facilities on the Property.",PR-005607-2022,1401 Gallagherville Road,165718.543940211,2079.25239290213
300,LD-04-22-17170,McCausland Plank Tract,2022/05/17 12:59:19+00,2022/05/03 11:43:39+00,2023/08/03 00:00:00+00,2024/06/07 00:00:00+00,21.775,89,0,Residential,Townhouse,89,,,,0,,,0,70146d7c-0a01-45bb-80d2-0a21f22736ad,PR-005610-2022,2022,Proposed 89 Townhouse units.,PR-005610-2022,McCausland Plank Tract,970749.580453658,4747.25359366193
301,LD-04-22-17181,Stillman Volvo,2022/05/24 10:43:35+00,2022/04/28 09:01:51+00,,,4.095,1,600,Commercial,Retail,1,,,,0,,,0,8f6d518c-41ab-4558-aaaf-01f66edef0ee,PR-005613-2022,2022,Construction of 600 SF building on parking lot of existing automobile Dealership,PR-005613-2022,Stillman Volvo,162730.848609114,1730.17349992961
302,LD-04-22-17183,Keystone Court Expansion,2022/05/10 14:04:03+00,2022/05/02 13:56:37+00,2024/10/07 00:00:00+00,2024/10/11 00:00:00+00,22.001,36,0,Residential,Mobile Home,36,,,,0,,,0,991e5a8a-5b75-462f-9c56-b0cb67f33ba6,PR-005614-2022,2022,Keystone Court Mobile Home Park expansion,PR-005614-2022,Keystone Court Mobile Home Park,880347.401647612,4228.64335200712
303,LD-04-23-17605,Keva Flats,2023/05/05 00:00:00+00,2023/04/06 13:44:08+00,2023/07/12 00:00:00+00,2024/05/31 00:00:00+00,19.59,96,0,Residential,Apartment,96,,,,0,,,0,2ca06538-d895-40b0-8991-102fb576eae5,PR-005789-2023,2023,Construction of two new multi-family apartment buildings containing 96 units. Also floodplain restoration project.,PR-005789-2023,Keva Flats,846492.775044098,3914.10996433727
304,LD-04-23-17608,5791 West Lincoln Highway,2023/05/19 00:00:00+00,2023/04/19 00:00:00+00,2024/12/10 00:00:00+00,2024/12/20 00:00:00+00,12.28,3,70025,Commercial,Warehouse,1,"43,200 SF",Commercial,Office Building,1,Commercial,Retail,1,ed66aebb-0d47-4fc7-a58d-d78e301d9a0a,PR-005791-2023,2023,"4 proposed buildings, 70,025 SF. The Applicant is proposing to subdivide the existing single lot located along West Lincoln Highway to create two total lots. The proposed buildings will be used for a contractors shop.",PR-005791-2023,5791 West Lincoln Highway,646348.080467638,3351.89111478574
305,LD-04-23-17612,785A Starr Street Land Development,2023/05/01 00:00:00+00,2023/04/17 13:39:19+00,,,1,1,8800,Commercial,Retail,1,,,,0,,,0,c4a8eb51-388f-4efa-a932-d066cd7421b5,PR-005798-2023,2023,"The proposed development consists of the construction of a new 8,800 square foot commercial building fronting Starr Street with associated parking lot and storm water management facilities.",PR-005798-2023,Phoenixville Shopping Center,164119.862498261,1894.39506735815
306,LD-04-23-17613,Kia Auto Leasing,2023/06/09 00:00:00+00,2023/05/12 12:56:50+00,,,6.465,1,4500,Commercial,Retail,1,Auto dealership,,,0,,,0,03340fd3-8932-4dbd-9ab7-76fce4854edf,PR-005799-2023,2023,"1 lot to 2 lots, build 4,500 SF bldg on new lot and demolish bldg on old lot",PR-005799-2023,Kia Auto Leasing,277665.698181304,2445.83406291166
307,LD-04-23-17615,Purolite Merlin,2023/05/15 00:00:00+00,2023/04/19 14:48:20+00,,,11.72,1,7780,Industrial,Unique,1,,,,0,,,0,1cc30bfe-07a8-4fc9-818b-e3dac919d2ec,PR-005777-2023,2023,Industrial building additions.,PR-005777-2023,Purolite Merlin,497197.197105729,3155.41661533935
308,LD-04-23-17633,Sherwin Williams Unit 2,2023/05/12 00:00:00+00,2023/04/25 11:36:54+00,2023/12/05 00:00:00+00,2023/12/15 00:00:00+00,9.48,1,5000,Commercial,Retail,1,Sherwin Williams,,,0,,,0,194d5fd3-07f4-4785-b6eb-5e12cc353ada,PR-005813-2023,2023,"5,000 square foot retail building.",PR-005813-2023,Sherwin Williams Unit 2,430567.250891778,2640.60163035377
309,LD-04-23-17634,Henry K. Stolzfus,2023/05/31 00:00:00+00,2023/05/01 08:44:41+00,2023/06/13 00:00:00+00,2023/06/29 00:00:00+00,10.46,1,0,Residential,Single Family Residential,1,,, ,0,,,0,931fb1d3-449c-496d-a23c-037be6ef1fab,PR-005815-2023,2023,Proposing a single family dwelling and a carrage shed.,PR-005815-2023,Henry K. Stolzfus,452821.920057497,4631.13532045437
310,LD-04-23-17635,John L. Kauffman,2023/05/17 00:00:00+00,2023/05/01 08:53:45+00,2023/06/13 00:00:00+00,2023/06/29 00:00:00+00,10.52,1,0,Residential,Single Family Residential,1,,, ,0,,,0,5e3063b5-413b-4f45-9a7b-7ae97c130e5a,PR-005816-2023,2023,Proposing single family dwelling and barn.,PR-005816-2023,John L. Kauffman,455954.921530216,3963.48891871087
311,LD-04-23-17638,"Twin County Business Park, LLC",2023/05/23 00:00:00+00,2023/05/03 14:18:59+00,,,53.02,7,286025,Industrial,Warehouse,7,, , ,0,,,0,91006957-0dc7-429d-9aeb-365684a560cc,PR-005817-2023,2023,"Twin County Business Park LLC - construction of seven industrial buildings totaling 286,025 SF.",PR-005817-2023,"Twin County Business Park, LLC",2513531.39691109,9049.95513037257
312,LD-04-23-17641,"HiMedia Laboratories, LLC",2023/05/18 00:00:00+00,2023/05/02 12:48:25+00,,,8.54,3,17936,Industrial,Warehouse,1,,Industrial,Manufacturing,1,Industrial,Office Building,1,bc7613c5-0fc1-43d4-b7fe-f04c3b94de74,PR-005820-2023,2023,"17,936 square foot building for industrial use.",PR-005820-2023,"HiMedia Laboratories, LLC",357374.209448741,2549.75379076981
313,LD-04-24-18054,Westrum Senior Living at West Whiteland,2024/05/03 00:00:00+00,2024/04/03 09:56:27+00,,,6.83,1,54390,Institutional,Nursing Home/Assisted Living,1,, , ,0, , ,0,f4911d21-c2fa-40a9-a451-a0a25f957a58,PR-005683-2022,2024,"Construct a 54,390 square foot personal care facility with 125 parking spaces. Retain two existing buildings on site.  Refer to SD-03-24-18050 for concurrent lot consolidation plan.",PR-005683-2022,Westrum Senior Living at West Whiteland,286486.374790105,2351.28781230537
314,LD-04-24-18058,SHEETZ PHOENIXVILLE,2024/05/01 00:00:00+00,2024/04/03 14:53:11+00,,,2.88,1,6193,Commercial,Convenience Store,1,,,,0,,,0,00b3b240-342f-4511-992f-e48ce98ddca9,PR-005984-2024,2024,Sketch Plan Review - Sheetz Phoenixville,PR-005984-2024,Sheetz Phoenixville,117832.39396696,1406.99934019355
315,LD-04-24-18061,375 Morgan Street,2024/05/07 00:00:00+00,2024/04/10 11:55:10+00,,,0.51,29,0,Residential,Apartment,29,,,,0,,,0,99d2f020-d414-4afd-94d0-0d14bc1a8d44,PR-005986-2024,2024,"Bldg revision, 29 Apt and parking proposed. The project and plan propose to renovate the interior of an existing 4-story warehouse building to twenty-nine (29) one- and two-bedroom dwelling units; associated site improvements including expanded parking, relocated curb cuts, vehicular circulation, pedestrian accessibility, grading and storm water management facilities.",PR-005986-2024,375 Morgan Street,23160.176053024,608.805299284724
316,LD-04-24-18062,Eagleview Market at Town Center,2024/05/01 00:00:00+00,2024/04/10 14:06:06+00,2024/09/09 00:00:00+00,2024/11/18 00:00:00+00,1.94,42,14000,Residential,Apartment,41,,Commercial,,1,,,0,bb3c470a-c4e5-4f52-9d14-6b838b2a8b64,PR-005985-2024,2024,"Mixed use 41 apartments and 14,000 sf of commercial  - Eagleview Market at Town Center",PR-005985-2024,Eagleview Market at Town Center,84496.876188434,1293.84587974658
317,LD-04-24-18064,Spring City Elementary School,2024/05/09 00:00:00+00,2024/04/16 09:13:16+00,,,10,1,7100,Institutional,Addition to Existing,1,,,,0,,,0,72fd9080-54af-41af-95ce-71dce219b6b9,SUB-09609,2024,"4 proposed bldg additions, totaling 7,100 SF and parking",SUB-09609,SPRING CITY ELEMENTARY SCHOOL,430752.039918326,2640.37296821336
318,LD-04-24-18069,Villas at West Whiteland,2024/06/25 00:00:00+00,2024/05/31 11:52:05+00,2024/10/23 00:00:00+00,2025/10/02 00:00:00+00,2.58,32,0,Residential,Apartment,32,,,,0,,,0,1f93bde4-d7ba-4d92-8669-c6cbbf5b8a37,PR-005987-2024,2024,"Develop 32 apartment units (between two buildings) with a community center and 66 parking spaces. The fees were waived, as requested, by Paul Fritz on 5/31/24.",PR-005987-2024,Villas at West Whiteland,122046.720402406,1705.30394110344
319,LD-04-24-18073,201 Pennsylvania Avenue,2024/05/16 00:00:00+00,2024/04/19 15:08:51+00,,,9.7,1,41038,Industrial,Unique,1,,,,0,,,0,b81db5c4-973e-4e2e-9975-3bb9a81ae997,PR-005991-2024,2024,"Construction of a 41,038 square foot industrial building, stream crossing and all other necessary improvements.",PR-005991-2024,201 Pennsylvania Avenue,410455.777843268,3229.27254304528
320,LD-04-24-18077,Byers Station Amended Final PRD Plans,2024/05/07 00:00:00+00,2024/04/24 10:33:03+00,2024/05/20 00:00:00+00,2024/09/13 00:00:00+00,3.887,2,21000,Commercial,Child Daycare,1,,Commercial,Retail,1,,,0,981584f7-09e2-4101-af56-e35231ed3e30,PR-004892-2018,2024,"2 proposed bldgs, totaling 21,000 SF. Byers Station Parcel 5C Lot 2B - revision to prior proposal",PR-004892-2018,Parcel 5-C The Village at Byers Station,172302.253961336,1873.64613353221
321,LD-04-24-18078,604 Lancaster Avenue,2024/05/22 00:00:00+00,2024/04/29 10:28:59+00,2025/04/21 00:00:00+00,2025/04/23 00:00:00+00,0.37,3,105,Commercial,Retail,1,,Residential,Apartment,2,,,0,da2b4936-1fde-4765-acb7-de4a1de27db8,PR-005993-2024,2024,"Construction of a 105 square foot addition to an existing commercial retail building (“boot shop”), the renovation of an existing residence into first floor commercial retail space and two apartment units on the second floor, and 12 parking spaces.",PR-005993-2024,604 Lancaster Avenue,10975.5731432612,458.458252645164
322,LD-04-25-18478,Avon Grove Charter School Academic Building and Campus Improvements,2025/05/07 00:00:00+00,2025/04/08 10:33:49+00,,,21.4,2,13000,Institutional,Educational Facility,2,Existing school & 1 proposed cafeteria building,,,0,,,0,d5889820-ab76-4289-b748-9a2747914fd8,PR-004492-2017,2025,Avon Grove Charter School Proposed Cafeteria Building only,PR-004492-2017,Avon Grove Charter School,991161.20376706,4986.97608247704
323,LD-04-25-18480,100 Walnut Glen Road,2025/05/14 00:00:00+00,2025/04/16 16:19:33+00,,,17.89,2,0,Residential,Single Family Residential,2,1 existing & 1 proposed, , ,0,,,0,7ebff662-188e-4cf4-9517-5daeca6e5154,PR-006167-2025,2025,Add an additional dwelling unit within an existing detached structure,PR-006167-2025,100 Walnut Glen Road,700826.04612242,3762.03908983333
324,LD-04-25-18499,Schoenly - 2568 Schuylkill,2025/06/03 00:00:00+00,2025/05/05 12:58:54+00,,,2.17,1,5000,Commercial,Addition to Existing,1,"5,000 square foot addition to existing building",,,0,,,0,0390a4de-ee89-4711-b6ce-b4196e8106cc,PR-006176-2025,2025,"Addition of 5,000 square feet to an existing commercial building.",PR-006176-2025,Schoenly - 2568 Schuylkill,74528.3520889093,1066.32666318291
325,LD-05-17-14876,Kaolin Mushrooms,2017/05/16 09:30:51+00,2017/05/02 00:00:00+00,2018/04/04 00:00:00+00,2018/07/02 00:00:00+00,40.44,1,21280,Commercial,Mushroom House,1,,,,0,,,0,e3cdce2b-2e61-49ce-8380-2ba13c3fe8bf,PR-004567-2017,2017,Proposed mushroom houses,PR-004567-2017,Kaolin Mushrooms,1760990.33848729,6934.62512384411
326,LD-05-17-14883,1237 Lancaster Avenue,2017/05/26 00:00:00+00,2017/05/09 00:00:00+00,,,0.34,5,7572,Commercial,Retail,1,,Residential,Apartment,4,,,0,040ae225-85b7-4450-b5b8-d9c7c5cc0832,PR-004569-2017,2017,Demolish existing building and construct a building (with retail and residential units) and parking,PR-004569-2017,1237 Lancaster Avenue,13932.0128242207,484.932097157791
327,LD-05-17-14890,Lester Stoltzfus Proposed Poultry Operation,2017/06/05 00:00:00+00,2017/05/12 00:00:00+00,2017/08/09 00:00:00+00,2018/01/05 00:00:00+00,126.67,3,55584,Commercial,Unique,3,,,,0,,,0,e3c64db0-031f-47e3-968f-cd926af4e0ab,PR-004572-2017,2017,Proposed: 2 poultry barns and 1 packer room,PR-004572-2017,Lester Stoltzfus Proposed Poultry Operation,5336614.88614292,10903.5781911946
328,LD-05-17-14891,Daleville M & R Station,2017/06/07 00:00:00+00,2017/05/12 00:00:00+00,2017/04/24 00:00:00+00,2017/06/21 00:00:00+00,1.43,2,1444,Institutional,Utility,2,,,,0,,,0,437b02c0-e142-48d3-9589-302c8c43d136,PR-004573-2017,2017,2 proposed buildings (no water or sewer),PR-004573-2017,Daleville M & R Station,69009.3853601703,1056.35325909082
329,LD-05-17-14895,"North Bacton Hill Road Partners, LLC",2017/06/06 00:00:00+00,2017/05/12 00:00:00+00,,,8.5,2,17854,Industrial, ,2,,,,0,,,0,08a6092f-7459-43fe-8e2d-8535b07d52a5,PR-004574-2017,2017,"1 proposed building, 1 proposed building addition and parking",PR-004574-2017,"North Bacton Hill Road Partners, LLC",374126.768741597,2864.71757004347
330,LD-05-18-15418,Glen Acres Elementary School,2018/05/18 00:00:00+00,2018/05/01 00:00:00+00,2018/06/19 00:00:00+00,2018/07/11 00:00:00+00,11.72,1,2130,Institutional,School,1,,,,0,,,0,00ec1152-8a72-47aa-b75b-fdc5392dad1d,PR-004820-2018,2018,Proposed building (modular classroom),PR-004820-2018,Glen Acres Elementary School,487805.781323261,3443.49445288888
331,LD-05-18-15424,506 Park Road,2018/05/24 13:35:10+00,2018/05/03 00:00:00+00,,,3.4,9,0,Residential,Townhouse,9,,,,0,,,0,79f7057b-9f7b-4b6f-b65e-77ce51e06252,PR-004823-2018,2018,"9 townhouses, a road, and parking",PR-004823-2018,506 Park Road,137501.672242085,1743.75226875526
332,LD-05-18-15428,New Civic and Senior Center,2018/05/24 00:00:00+00,2018/05/09 00:00:00+00,2021/01/08 00:00:00+00,2021/02/12 00:00:00+00,2.95,1,39437,Institutional,Unique,1,,,,0,,,0,751df2d7-b47d-4939-a233-9a0b653d065a,PR-004826-2018,2018,Proposed building and parking,PR-004826-2018,New Civic and Senior Center,130358.26418289,1446.02730339453
333,LD-05-18-15432,Building One River Station Business Park,2018/05/24 00:00:00+00,2018/05/11 00:00:00+00,2019/09/18 00:00:00+00,2019/11/13 00:00:00+00,5.98,1,8752,Industrial,Addition to Existing,1,"Building #1 Expansion-8,752 square foot warehouse (no additional employees)",,,0,,,0,9b3c7028-7fa7-4b66-a308-9600666924c2,PR-004829-2018,2018,Proposed building addition,PR-004829-2018,Building One River Station Business Park,254657.868272401,2041.1825053337
334,LD-05-18-15438,First American Partners L.P. ,2018/06/12 15:18:31+00,2018/05/17 00:00:00+00,,,0.8,2,0,Commercial,Parking Lot/Garage,1,,Residential,Single Family Residential,1,,,0,222024d7-cbf8-4445-9d4c-7d74b67edb9d,PR-004831-2018,2018,Proposed parking,PR-004831-2018,First American Partners L.P. ,31259.7088867836,770.961541504551
335,LD-05-18-15447,"Terra Firma Builders, LLC",2018/06/15 00:00:00+00,2018/05/25 00:00:00+00,2018/07/12 00:00:00+00,2018/04/30 00:00:00+00,2.62,1,0,Commercial,Parking Lot/Garage,1,,,,0,,,0,4b1dc015-1471-4d47-af83-002b44961ef5,PR-004837-2018,2018,proposed parking,PR-004837-2018,"Terra Firma Builders, LLC",102455.863256425,1604.67377816947
336,LD-05-18-15449,River Station,2018/06/26 13:07:25+00,2018/05/29 00:00:00+00,2020/10/20 00:00:00+00,2020/11/23 00:00:00+00,69.04,260,14200,Residential,Apartment,255,,Commercial,Retail,5,,,0,566c1444-93f4-4782-ad3f-847c59c4ba4a,PR-004838-2018,2018,255 apartments and 5 retail in 5 buildings and parking,PR-004838-2018,River Station,3041255.72363139,13441.9715074528
337,LD-05-19-15889,Smith Property,2019/05/29 14:50:06+00,2019/05/06 00:00:00+00,2024/08/21 00:00:00+00,2024/10/14 00:00:00+00,21.24,72,0,Residential,Single Family Residential,72,,,,0,,,0,b63a4817-97b1-4409-b665-362a12f6fbc9,PR-004842-2018,2019,"72 SFR (footprint lots), roads and parking on 3 parcels",PR-004842-2018,Smith Property,943655.955420406,4464.1015180792
338,LD-05-19-15893,Struble Trail - Extension II,2019/05/24 14:40:09+00,2019/05/06 00:00:00+00,,,11.44,1,0,Institutional,Unique,1,trail,,,0,,,0,331beace-ccc3-4dd7-a76a-59ede906a516,PR-005054-2019,2019,Extension of the Struble Trail from Dorlan Mill Road into Marsh Creek State Park,PR-005054-2019,Struble Trail - Extension II,907993.086996028,8718.79950703407
339,LD-05-19-15915,Greystone Elementary School,2019/06/12 11:20:32+00,2019/05/15 00:00:00+00,2019/08/20 00:00:00+00,2019/09/26 00:00:00+00,24.95,1,76542,Institutional,School,1,,,,0,,,0,cad35d12-9a6a-4e6d-ba7c-a927c82667c6,PR-005060-2019,2019,Proposed building (school) and parking,PR-005060-2019,Greystone Elementary School,1203800.89279159,5126.95735196044
340,LD-05-19-15916,215 S. Phoenixville Pike,2019/06/12 00:00:00+00,2019/05/16 10:59:48+00,,,4.14,2,22460,Industrial,Office Building,2,,,,0,,,0,ff7930a6-edc2-4f54-afa4-e75b15c6f064,PR-005061-2019,2019,2 proposed buildings and parking,PR-005061-2019,215 S. Phoenixville Pike,189969.515856328,4151.30283436932
341,LD-05-19-15917,Christian Faith Fellowship,2019/06/05 00:00:00+00,2019/05/17 13:38:54+00,2024/01/09 00:00:00+00,2024/01/18 00:00:00+00,22.88,1,15567,Institutional,Religious Organization,1,,,,0,,,0,cb37ddc7-1c63-44e9-a10e-7f48a3fb9c35,PR-005062-2019,2019,Proposed building (church) and parking,PR-005062-2019,Christian Faith Fellowship,947009.094000523,7587.03341329155
342,LD-05-19-15924,WWTP Improvements Project - Phase 2,2019/06/18 00:00:00+00,2019/05/21 13:57:12+00,2019/07/23 00:00:00+00,2019/08/23 00:00:00+00,16.73,1,5060,Institutional,Utility,1,,,,0,,,0,ef698c5d-98d2-481f-8f61-904a0905cf6c,PR-005069-2019,2019,Proposed Building,PR-005069-2019,WWTP Improvements Project - Phase 2,613989.760278668,3274.93356227652
343,LD-05-19-15928,Kauffman Gas,2019/06/12 00:00:00+00,2019/05/22 13:48:41+00,,,5.17,1,0,Industrial,Unique,1,,,,0,,,0,97185886-22b0-4317-ac49-d2d2ee040b5d,PR-004514-2017,2019,3 liquid gas tanks proposed,PR-004514-2017,Kauffman Gas,193139.071638583,2109.56363598944
344,LD-05-19-15929,Atwater Lot 11B,2019/06/19 00:00:00+00,2019/05/22 00:00:00+00,2020/05/07 00:00:00+00,2020/05/13 00:00:00+00,7.19,1,36218,Commercial,Office Building,1,,,,0,,,0,c4a9ff3e-ce2d-461e-8429-e489520f88cd,PR-005071-2019,2019,Proposed building (office) and parking,PR-005071-2019,Atwater Lot 11B,291902.604742505,2695.46495993494
345,LD-05-19-15931,Conestoga High School Expansion,2019/06/20 00:00:00+00,2019/05/23 11:44:28+00,2019/11/21 00:00:00+00,2020/05/20 00:00:00+00,31.63,1,40320,Institutional,Addition to Existing,1,,,,0,,,0,9ef1cdc2-bfcd-42a5-b6d6-40be489b2612,PR-005073-2019,2019,proposed building addition (to High School) and parking,PR-005073-2019,Conestoga High School Expansion,877686.744566805,4043.49728715689
346,LD-05-20-16331,Sutton Place,2020/06/01 15:33:48+00,2020/04/29 00:00:00+00,,,26.42,229,31145,Residential,Apartment,192,,Residential,Townhouse,35,Commercial,Retail,2,b2cefe52-b066-45a7-9aff-864220970a7c,PR-005254-2020,2020,"Proposed: 192 APT (9 bldgs), 35 THS, 3 commercial spaces (3 bldgs), roads, and parking",PR-005254-2020,Sutton Place,1359821.65519123,5807.61304452276
347,LD-05-20-16336,1303 Goshen Parkway,2020/05/27 00:00:00+00,2020/04/28 00:00:00+00,2020/12/15 00:00:00+00,2021/02/04 00:00:00+00,8.63,1,1921,Industrial,Addition to Existing,1,,,,0,,,0,152a7427-43fa-4d50-8004-f9e824821064,PR-005256-2020,2020,building addition,PR-005256-2020,1303 Goshen Parkway,372196.961534071,2481.14286950429
348,LD-05-20-16345,Kevin and Penny DeFrank,2020/06/04 00:00:00+00,2020/05/13 09:08:36+00,2020/11/10 00:00:00+00,2021/01/13 00:00:00+00,3.77,1,5000,Commercial,Unique,1,,,,0,,,0,4c099556-7473-4fa1-bd26-419dc08e1892,PR-005259-2020,2020,Proposed building with parking spaces,PR-005259-2020,Kevin and Penny DeFrank,162334.588482433,2112.00255471157
349,LD-05-20-16349,Exton Knoll,2020/06/19 00:00:00+00,2020/05/20 12:26:58+00,2020/09/23 00:00:00+00,2021/09/14 00:00:00+00,56.58,319,0,Residential,Townhouse,319,,,,0,,,0,1deca8ca-368c-4485-8906-8ba7d6456282,PR-005260-2020,2020,"319 Townhouse units, roads, parking, and open space proposed",PR-005260-2020,Exton Knoll,2405500.76040698,6299.90563754129
350,LD-05-20-16350,"David E. Callahan Pool Plastering, Inc.",2020/06/22 00:00:00+00,2020/06/01 00:00:00+00,2020/07/14 00:00:00+00,2020/08/05 00:00:00+00,1.91,1,330,Industrial,Addition to Existing,1,,,,0,,,0,3d0a18dd-8f5d-4849-94c9-3ba201c2eb4e,PR-005263-2020,2020,building addition,PR-005263-2020,"David E. Callahan Pool Plastering, Inc. ",113992.105982917,1488.06149230427
351,LD-05-20-16351,"97,598 S.F. Machine Shop",2020/07/11 00:00:00+00,2020/06/11 00:00:00+00,2020/07/21 00:00:00+00,2020/09/04 00:00:00+00,8.29,1,99998,Industrial,Manufacturing,1,,,,0,,,0,d84741aa-93d6-499d-89c3-8f2f08f94e06,PR-005264-2020,2020,proposed building and parking,PR-005264-2020,"97,598 S.F. Machine Shop",361506.845981381,2766.17201222712
352,LD-05-20-16354,Hunter's Crossing,2020/06/16 14:56:57+00,2020/05/20 00:00:00+00,,,9.4,2,18183,Commercial,Retail,2,,,,0,,,0,6ae18bdf-f3fa-400d-ac15-99c27cebded1,PR-005262-2020,2020,"2 proposed buildings (Wawa & CVS), and parking",PR-005262-2020,Hunter's Crossing,400767.037687773,2952.21249510735
353,LD-05-21-16742,"Stanberry West Goshen, LLC",2021/06/11 00:00:00+00,2021/05/14 00:00:00+00,,,16.98,3,26396,Commercial,Retail,2,,Commercial,Restaurant,1, , ,0,2dfd7014-a755-4460-b602-85f0a5a07102,PR-005428-2021,2021,"3 commercial buildings totaling 26,396 SF",PR-005428-2021,"Stanberry West Goshen, LLC",695874.864772,4810.810430756
354,LD-05-21-16746,Devon Preparatory School,2021/06/10 00:00:00+00,2021/05/12 14:53:04+00,2022/08/18 00:00:00+00,2022/08/24 00:00:00+00,19.92,1,10000,Institutional,Sports/Recreation ,1,, , ,0,,,0,92273fb5-50ae-4580-93b3-10de1e36e9c3,SUB-11059,2021,"proposed artificial turf athletic field, indoor practice facility",SUB-11059,DEVON PREPARATORY SCHOOL,866806.400957114,4026.57945822741
355,LD-05-22-17198,Sycamore International,2022/06/01 09:25:05+00,2022/05/12 09:09:10+00,2022/07/13 00:00:00+00,2023/01/27 00:00:00+00,15.25,1,25200,Industrial,Unique,1,,,,0,,,0,2dc64734-de25-4f9e-9dd8-1a9544e6db65,PR-005620-2022,2022,"An additional building, truck turnaround area and associated parking for the proposed building will be developed on the site.",PR-005620-2022,Sycamore International,621956.658593781,4209.67660572659
356,LD-05-22-17202,Tri-County Investment Group,2022/05/17 13:09:57+00,2022/05/12 10:15:58+00,2022/07/13 00:00:00+00,2023/09/14 00:00:00+00,5.933,1,9408,Industrial,Manufacturing,1,, , ,0, , ,0,06483233-1d25-4179-b5af-91fb17bb9606,PR-005623-2022,2022,"proposed 9,408 SF addition",PR-005623-2022,Tri County Investments Group,236339.08904162,2021.49827745412
357,LD-05-22-17215,Andrien Properties LLC,2022/06/02 10:55:50+00,2022/05/23 11:34:27+00,,,1.09,1,3040,Industrial,Warehouse,1,,,,0,,,0,c22873b5-b8c8-4295-a119-08bf6fc0897e,PR-005626-2022,2022,"3,040 square foot industrial building",PR-005626-2022,Andrien Properties LLC,44169.3099719673,891.028858772049
358,LD-05-22-17222,Valley Suburban Center,2022/06/22 13:01:40+00,2022/05/27 08:25:49+00,,,56.51,100,0,Residential,Townhouse,100,, , ,0, , ,0,46d9a8d2-8b7c-406e-a741-7e1350e096b5,PR-004758-2018,2022,100  Townhouses proposed,PR-004758-2018,Valley Suburban Center,2577573.79487373,7455.68493455766
359,LD-05-22-17224,"Thorndale Realestate, LLC",2022/06/08 11:43:01+00,2022/05/31 12:16:35+00,2023/05/31 00:00:00+00,2023/06/07 00:00:00+00,10.52,3,4554,Commercial,Restaurant,2,,Commercial,Retail,1,,,0,ab09616c-dfca-41c4-ac9a-09fffee53ccd,PR-005629-2022,2022,2 proposed restaurants,PR-005629-2022,"Thorndale Realestate, LLC",429359.030490279,2683.69967744812
360,LD-05-22-17225,Longwood Gardens-Sanitary Improvements,2022/06/21 00:00:00+00,2022/05/31 09:29:32+00,2023/01/03 00:00:00+00,2023/01/24 00:00:00+00,206.6,2,0,Institutional,Unique,2,additional Effluent Storage Lagoon,,,0,,,0,5667a22f-7e2e-4e2d-a67e-3218c9f5a10b,PR-005631-2022,2022,Preliminary/Final Land Development Plan for Longwood Gardens-Sewer Improvements,PR-005631-2022,Longwood Gardens - Sanitary Improvements,8953138.50387195,17405.1455066619
361,LD-05-22-17227,379 / 383 Valley Road,2022/06/15 15:45:42+00,2022/06/28 12:48:50+00,,,0.43,9,0,Residential,Apartment,9,,,,0,,,0,68a3f187-7c0f-4573-ad93-8480332ca40c,PR-005634-2022,2022,9 apartments and parking proposed,PR-005634-2022,379 / 383 Valley Road,18920.443526789,564.008313762592
362,LD-05-22-17228,GVSD New 5/6 Center,2022/08/04 00:00:00+00,2022/07/22 14:09:22+00,2024/06/10 00:00:00+00,2024/07/18 00:00:00+00,53.61,1,172000,Institutional,Educational Facility,1,,,,0,,,0,db2c7b66-c0a3-464b-86ea-309cf88d4edf,PR-005472-2021,2022,"proposed 172,000 SF school",PR-005472-2021,GVSD New 5/6 Center,2275753.26630228,9015.86867375995
363,LD-05-23-17653,330 West Market Street,2023/06/08 00:00:00+00,2023/05/09 15:01:16+00,,,1.74,186,3980,Residential,Apartment,185,,Commercial,Retail,1,,,0,dcc38bfd-dcdf-4cb3-ba7c-5c5f70755c09,PR-005845-2023,2023,"185 apt & 3,980 SF commercial",PR-005845-2023,330 West Market Street,76797.515265204,1192.17961173018
364,LD-05-23-17671,Oakwood Apartments Expansion,2023/06/28 00:00:00+00,2023/06/12 15:10:48+00,,,4,30,0,Residential,Apartment,30,,,,0,,,0,366d5147-cad2-4ba1-a909-d30e525ecaac,PR-005830-2023,2023,"4 lots to 1 lot.  This land development and lot consolidation application and plan propose the demolition of three (3) existing residential structures, the construction of two (2) multi-family residential buildings containing thirty (30) new apartment dwelling units; parking supply, location and designation changes; associated site improvements including lighting, storm water management and landscaping.",PR-005830-2023,Oakwood Apartments,173339.266145571,1665.49501468118
365,LD-05-23-17678,524 Gap Newport Pike,2023/07/03 00:00:00+00,2023/05/22 13:45:01+00,,,5.148,1,46990,Commercial,Unique,1,indoor storage facility & retail,,,0,,,0,8e88a631-359c-45da-805d-72c8f9927ce9,PR-005834-2023,2023,"46,990 SF bldg proposed. Commercial Storage, Office, and Retail Space",PR-005834-2023,524 Gap Newport Road,210289.274835236,2013.92967018075
366,LD-05-23-17685,Cemetery for Cambridge Mennonite Church,2023/06/09 00:00:00+00,2023/05/31 09:44:35+00,2023/09/27 00:00:00+00,2023/11/03 00:00:00+00,4,1,0,Institutional,Cemetery,1,, , ,0,,,0,6471a6f7-ee0f-44bd-9107-598f7f5f1392,PR-005837-2023,2023,Proposed parking and plots. Cemetery for Cambridge Mennonite Church,PR-005837-2023,Cemetery for Cambridge Mennonite Church,160938.623609637,1861.84744845078
367,LD-05-23-17691,Collegium Charter School - Proposed Athletic Fields,2023/06/22 00:00:00+00,2023/05/26 09:40:17+00,2023/10/25 00:00:00+00,2024/09/06 00:00:00+00,37.27,1,0,Institutional,School,1,athletic fields & parking,,,0,,,0,2a3005e1-745b-43af-9e4c-1bc2683a7458,PR-005838-2023,2023,Proposed: new athletic fields and parking. Lot consolidation of two lots into one lot.,PR-005838-2023,Collegium Charter School: Proposed Athletic Fields,1504314.77276633,5693.69107147761
368,LD-05-23-17692,1221 Airport Road,2023/08/04 00:00:00+00,2023/07/06 09:20:26+00,,,95.06,237,0,Residential,Apartment,45,,Residential,Townhouse,192,,,0,e4537984-de08-4a69-95e1-34fca0b26b96,PR-005839-2023,2023,237 residential units composed of 45 apartments and 192 single-family attached units.,PR-005839-2023,1221 Airport Road,4059607.85482844,10778.3785730631
369,LD-05-24-18082,410 South High Street II,2024/06/06 00:00:00+00,2024/05/08 10:45:01+00,,,1.29,139,0,Residential,Apartment,139,,,,0,,,0,8c8b6d3e-5d82-4a62-857f-e5563349c5f8,PR-005775-2023,2024,proposed 139 apts in 1 bldg and parking.,PR-005775-2023,410 South High Street,54552.8718173663,1009.39952164028
370,LD-05-24-18083,2416 Chestnut Tree Road,2024/06/05 00:00:00+00,2024/05/08 16:18:04+00,,,12.62,1,50000,Industrial,Manufacturing,1,,,,0,,,0,da667b4d-9e09-4479-b123-4ae820045805,PR-005994-2024,2024,Developing the land to build an industrial building.,PR-005994-2024,2416 Chestnut Tree Road,535667.310717243,3047.60913306357
371,LD-05-24-18086,Honey Brook Hardware,2024/05/22 00:00:00+00,2024/05/13 09:53:26+00,2024/07/01 00:00:00+00,2024/09/26 00:00:00+00,12.398,1,50966,Commercial,Retail,1,Hardware Store,,,0,,,0,5a41379b-7583-41dc-b22a-779ef8fe1e96,PR-005995-2024,2024,"Honey Brook Hardware Land Development Plan proposed 50,966 SF hardware store",PR-005995-2024,Honey Brook Hardware,521226.585618422,3053.86882615798
372,LD-05-24-18090,Good Samaritan Services,2024/07/02 00:00:00+00,2024/06/11 11:29:08+00,,,0.09,1,6272,Institutional,Unique,1,Homeless shelter,,,0,,,0,0bf376d8-c125-4e63-9817-4e96f1c5e2ae,PR-005996-2024,2024,"1 proposed building. The redevelopment project and plan propose a lot consolidation, demolition of the existing structures containing three (3) interconnected dwelling units, and the construction of a single attached building that will include the same occupant count in a more private, safe and code compliant setting.",PR-005996-2024,Good Samaritan Services,4549.29271929567,279.247219343998
373,LD-05-24-18091,Stoneyfield Estates,2024/06/14 00:00:00+00,2024/05/17 13:33:04+00,2024/08/27 00:00:00+00,2025/03/25 00:00:00+00,42.1,3,2600,Institutional,Unique,1,wastewater treatment plant,Institutional,Unique,1,Institutional,Unique,1,3971158b-3f55-4704-8d23-9a5f83598efa,PROJ-3885,2024,The intent of this project is to replace a wastewater treatment plant servicing the residential community called Stoneyfield Estates.,PROJ-3885,Stoneyfield Estates,1813385.46701672,7105.76633335086
374,LD-05-24-18094,224-226 Nutt Road,2024/06/04 00:00:00+00,2024/05/24 11:34:19+00,,,0.14,16,0,Residential,Apartment,16,,,,0,,,0,30180fea-f8a9-471c-83f4-63af1494a487,PR-006000-2024,2024,"16 Apt proposed in 1 bldg. The application and plan propose to consolidate two parcels, demolish the existing dwellings, accessory structures, impervious surfaces and utilities and construct a 4-story apartment building with sixteen (16) dwelling units, improved walkways, utilities, parking a stormwater management facilities.",PR-006000-2024,224-226 Nutt Road,15954.4362724803,516.167087764966
375,LD-05-24-18096,KIA Auto Leasing,2024/06/04 00:00:00+00,2024/05/24 10:42:40+00,2024/11/05 00:00:00+00,2024/11/06 00:00:00+00,5.2,1,4500,Commercial,Office Building,1,,,,0,,,0,f6e52c72-4fcf-4b6e-8b2c-4c3bf669f177,PR-005799-2023,2024,Land Development 4500sf w/ 221 parking spaces,PR-005799-2023,Kia Auto Leasing,277665.698181304,2445.83406291166
376,LD-05-24-18098,Riepe Center For Advanced Veterinary Education,2024/06/21 00:00:00+00,2024/05/22 14:56:03+00,2025/01/06 00:00:00+00,2025/01/21 00:00:00+00,213,1,11835,Institutional,Educational Facility,1,1 Bldg spans 2 parcels, , ,0,,,0,c6b1ba6d-5130-41a3-8538-0ef0f1c58847,PR-006003-2024,2024,Riepe Center (New Building),PR-006003-2024,Riepe Center for Advanced Veterinary Education,9221539.44063774,15321.3240795019
377,LD-05-24-18101,Hillsdale Elementary School,2024/07/10 00:00:00+00,2024/06/10 12:05:09+00,2024/11/07 00:00:00+00,2025/05/28 00:00:00+00,19,1,6728,Institutional,School,1,,,,0,,,0,d26fc2c0-297e-4810-93ef-f5f05b9b0656,PR-006002-2024,2024,"Construct a classroom addition on the rear of the existing school, construct a new entrance to the school and construct two smaller additions for storage. Other improvements include separating the bus and parent drop off and pick up lanes.",PR-006002-2024,Hillsdale Elementary School,783333.964986507,4292.49552198975
378,LD-05-24-18102,Herr's Farm,2024/06/26 00:00:00+00,2024/05/31 15:18:01+00,,,123.2,4,1120000,Industrial,Warehouse,4,,,,0,,,0,cf178ec8-766c-443e-a038-d85156e739b1,PR-006004-2024,2024,Industrial zoned property proposed with 4 warehouses.,PR-006004-2024,Herr's Farm,5147226.08403104,14002.5884515888
379,LD-05-25-18504,Impact Church Building Addition,2025/06/02 00:00:00+00,2025/05/06 12:06:52+00,2025/11/06 00:00:00+00,2025/11/14 00:00:00+00,3.54,1,1368,Institutional,Addition to Existing,1,,,,0,,,0,ab3df309-d11f-4055-89b7-9190541031b5,PR-006182-2025,2025,"1,368 SF building addition.    ACT 47 for lot consolidation for Impact Church at 101 E. 1st Avenue, Parkesburg Borough",PR-006182-2025,Impact Church Building Addition,157935.14705792,1631.4450812548
380,LD-05-25-18505,London Grove West Apartments,2025/06/06 00:00:00+00,2025/05/07 12:25:29+00,,,19.57,192,0,Residential,Apartment,192,,,,0,,,0,390ffe5e-c198-40e9-acb6-630dc905bca2,PR-006179-2025,2025,SD & LD plan. 192 apartments and parking proposed.,PR-006179-2025,London Grove West Apartments,724872.86408966,3938.15339799107
381,LD-05-25-18506,Star Roses and Plants,2025/06/20 00:00:00+00,2025/05/22 13:09:16+00,,,80.33,1,17445,Commercial,Addition to Existing,1,,,,0,,,0,f22ce23e-5610-4f4b-acb2-76552795fcb7,PR-006181-2025,2025,"17,445 square foot commercial building addition",PR-006181-2025,Star Roses and Plants,3416349.17335343,8547.77969836631
382,LD-05-25-18513,California Closets Building Expansion,2025/06/10 00:00:00+00,2025/05/13 12:42:53+00,2025/10/13 00:00:00+00,2026/03/20 00:00:00+00,3.8,1,6000,Commercial,Addition to Existing,1,6000 sf addition to existing building,,,0,,,0,8cfb0438-e234-44f8-adf9-4d1d04dfbcc8,PR-006186-2025,2025,"6,000 square foot addition to an existing commercial building.",PR-006186-2025,California Closets Building Expansion,192880.792507027,1835.2040704325
383,LD-05-25-18517,Herr's Farm,2025/06/20 14:14:09+00,2025/05/21 07:45:45+00,,,122.9,3,940640,Industrial,Warehouse,3,,,,0,,,0,00f5724a-cc32-4b99-9f14-b5a7bd9e2a1b,SUB-05735,2025,"3 industrial warehouse buildings totaling 940,640 SF.",SUB-05735,"HERRS FOOD, INC. SD",5147226.08403104,14002.5884515888
384,LD-05-25-18532,Preliminary/Final Land Development Plan for JD Eckman Inc.,2025/07/11 00:00:00+00,2025/06/24 21:45:29+00,,,38.356,1,24000,Commercial,Parking Lot/Garage,1,, ,,0,,,0,558679bf-970f-4600-a773-d865965be9c7,PR-006192-2025,2025,"24,000 SF Proposed truck garage, parking lot and stormwater",PR-006192-2025,J.D. Eckman Inc.,1636647.19810687,5370.49098570206
385,LD-05-25-18544,"Pharmablock, LLC.",2025/07/21 00:00:00+00,2025/06/23 15:30:09+00,2025/11/06 00:00:00+00,2026/03/04 00:00:00+00,4,1,3924,Industrial,Addition to Existing,1,"3,924 square feet",,,0,,,0,5dc080e2-f95d-4717-9832-ba07dceb39c8,PR-006194-2025,2025,"Proposed building additions totaling 3,924 square feet",PR-006194-2025,"Pharmablock, LLC.",182483.146848049,1719.3576328678
386,LD-06-17-14922,Howard Reyburn Swine Operation,2017/06/09 13:16:55+00,2017/05/31 00:00:00+00,2017/09/11 00:00:00+00,2014/10/24 00:00:00+00,77,2,40098,Commercial,Unique,2,swine barns,,,0,,,0,4843cea0-af22-4a66-9625-2e5cd6ff3544,PR-004581-2017,2017,Construct 2 Swine Barns,PR-004581-2017,Howard Reyburn Swine Operation,3306692.18680339,8752.90239068246
387,LD-06-17-14925,Aldi Inc.,2017/06/23 00:00:00+00,2017/06/02 00:00:00+00,2017/08/09 00:00:00+00,2018/08/06 00:00:00+00,2.97,1,19054,Commercial,Retail,1,,,,0,,,0,b017b397-bd4a-4009-ad3b-8d07176b4309,PR-004582-2017,2017,Demolish existing building and construct Aldi Grocery Store. also changing parking.,PR-004582-2017,"Aldi, Inc.",129274.652219757,1636.77222587473
388,LD-06-17-14934,935 W Cypress Street,2017/06/22 15:01:03+00,2017/06/08 00:00:00+00,2018/01/09 00:00:00+00,2018/01/11 00:00:00+00,0.6,1,5332,Commercial,,1,,,,0,,,0,348ef444-b34f-44c0-b044-47c02c4a01cc,PR-004584-2017,2017,demolish existing building and construct new building and parking,PR-004584-2017,935 W Cypress Street,20947.4218796819,619.800508550427
389,LD-06-17-14950,New Car Dealership,2017/07/05 00:00:00+00,2017/06/16 13:07:06+00,2017/08/21 00:00:00+00,2019/10/09 00:00:00+00,0.69,1,5054,Commercial,Addition to Existing,1,auto sales/service building,,,0,,,0,4d8cc2b6-e9d9-4464-b113-fc452fc42e83,PR-004588-2017,2017,Demolish part of existing building and construct new building addition,PR-004588-2017,New Car Dealership,32547.8822844212,813.304248427774
390,LD-06-17-14955,Eagleview East,2017/06/27 00:00:00+00,2017/05/25 00:00:00+00,,,237.39,400,580000,Residential,Single Family Residential,127,,Residential,Townhouse,273,Commercial,,0,a3357b06-b959-488c-a831-0c24a5b3d04c,PR-004589-2017,2017,"Proposed: 127 SFR, 273 townhouses, 500,000 SF commercial and 80,000 SF institutional on 5 parcels",PR-004589-2017,Eagleview East,10022900.9618333,23850.3726380463
391,LD-06-17-14960,Loretta's Mobile Home Park Expansion,2017/07/19 00:00:00+00,2017/06/19 00:00:00+00,2018/04/09 00:00:00+00,2018/06/04 00:00:00+00,10.03,17,0,Residential,Mobile Home,17,,,,0,,,0,be31973b-0528-4cf6-b256-1ea57e997ffe,PR-004590-2017,2017,"Proposed: 17 mobile homes, road and parking",PR-004590-2017,Loretta's Mobile Home Park Expansion,417081.303871551,3287.24240488005
392,LD-06-17-14963,School House Townhome Community,2017/07/10 14:17:52+00,2017/06/21 00:00:00+00,2017/07/10 00:00:00+00,2018/06/28 00:00:00+00,39.9,150,0,Residential,Townhouse,150,,,,0,,,0,70a9f3e9-4ee7-4448-8e42-eb4e4296307b,PR-004592-2017,2017,"proposed: 150 townhouses, roads, and parking",PR-004592-2017,School House Townhome Community,1764086.70249293,6281.84104196365
393,LD-06-17-14969,FedEx Ground,2017/07/11 00:00:00+00,2017/06/26 00:00:00+00,2017/08/23 00:00:00+00,2018/04/03 00:00:00+00,14.4,1,0,Commercial,Parking Lot/Garage,1,,,,0,,,0,e9b2db34-77ee-499c-beb3-054bc8cd2244,PR-004594-2017,2017,proposed additional parking,PR-004594-2017,FedEx Ground,635669.673727532,3500.38513659511
394,LD-06-18-15459,Flint Hill Farms Distillery LLC,2018/06/20 13:36:46+00,2018/06/11 13:19:46+00,,,13.7,2,4493,Commercial,Addition to Existing,2,,,,0,,,0,219cf1d5-a23e-4001-86a1-d80ae63f7b20,PR-004843-2018,2018,"proposed building, building addition and parking",PR-004843-2018,Flint Hill Farms Distillery LLC,573108.6900845,4050.92134572663
395,LD-06-18-15460,St. Peter's Village,2018/06/20 00:00:00+00,2018/06/11 14:02:57+00,,,122.33,159,0,Residential,Single Family Residential,65,,Residential,Twin,60,Residential,Townhouse,34,c121d265-b6e0-4fe8-b68e-d2d199bda9d6,PR-004844-2018,2018,"65 SFR, 60 twins, 34 townhouses and roads",PR-004844-2018,St. Peter's Village,5270204.23356245,22614.6414685219
396,LD-06-18-15461,Longwood Gardens Nursery Greenhouse,2018/06/22 00:00:00+00,2018/06/11 00:00:00+00,,,119.8,2,78370,Institutional,Unique,2,,,,0,,,0,60df2738-fa7c-4200-be50-c6f298256b1b,PR-004845-2018,2018,2 buildings and parking,PR-004845-2018,Longwood Gardens Nursery Greenhouse,5120285.37370165,10103.1206727109
397,LD-06-18-15462,"Fair Share Properties, L.P.",2018/07/06 00:00:00+00,2018/06/14 12:56:40+00,2019/06/03 00:00:00+00,2019/06/05 00:00:00+00,3.24,2,27786,Commercial,Office Building,1,,Institutional,School,1,,,0,26b02a87-278b-4dff-b4f2-c0e31429fc4f,PR-004846-2018,2018,2 proposed buildings (school and office) and parking,PR-004846-2018,"Fair Share Properties, L.P.",143139.665948983,2006.52730271783
398,LD-06-18-15465,"Islamic Society of Delaware Cemetery, Phase 1",2018/07/09 00:00:00+00,2018/06/18 13:33:57+00,2019/04/08 00:00:00+00,2019/08/23 00:00:00+00,16.12,1,0,Institutional,Cemetery,1,,,,0,,,0,0a56f398-d247-46ec-ab3a-f8c336898fa7,PR-004847-2018,2018,Proposed cemetery with parking ,PR-004847-2018,"Islamic Society of Delaware Cemetery, Phase 1",597187.848639054,3366.09924729458
399,LD-06-18-15472,Meredith Manor,2018/07/16 14:52:31+00,2018/06/21 00:00:00+00,2019/03/04 00:00:00+00,2019/05/06 00:00:00+00,5.78,1,8496,Commercial,Unique,1,,,,0,,,0,ac7f0cf6-9d02-4031-8975-bde44d9833ca,PR-004850-2018,2018,building conversion/addition and new building,PR-004850-2018,Meredith Manor,255359.847329171,2151.04660617935
400,LD-06-18-15473,Mosteller / 17 North Church Street,2018/07/20 00:00:00+00,2018/06/22 00:00:00+00,2018/10/17 00:00:00+00,2018/11/26 00:00:00+00,0.5,1,48085,Commercial,Office Building,1,,,,0,,,0,03ea1fce-9328-42cd-a854-a4a6dbbc745d,PR-004851-2018,2018,demolish existing building and construct new building,PR-004851-2018,Mosteller / 17 North Church Street,21644.4681585587,645.38727230779
401,LD-06-18-15483,Parkside/North Walnut Holdings ,2018/07/16 14:43:57+00,2018/06/20 00:00:00+00,2025/06/04 00:00:00+00,2025/06/05 00:00:00+00,16.15,77,5300,Residential,Apartment,72,,Commercial, ,5, , ,0,fda225f2-49e7-49e2-9507-5298fcf4cbbf,PR-004854-2018,2018,72 apartments in 6 buildings and 5 commercial units and parking,PR-004854-2018,Parkside,693792.167314285,3568.82766797819
402,LD-06-19-15942,Cupola Pump Station Replacement,2019/07/10 00:00:00+00,2019/06/19 00:00:00+00,2019/08/14 00:00:00+00,2020/01/28 00:00:00+00,123.85,1,1008,Institutional,Utility,1,,,,0,,,0,0e041b7d-5506-43cb-9c90-04134db813e8,PR-005077-2019,2019,proposed building (pump station),PR-005077-2019,Cupola Pump Station Replacement,5387648.15512421,11262.0296262676
403,LD-06-19-15944,GMX Exton,2019/07/03 00:00:00+00,2019/06/07 13:05:47+00,2019/09/11 00:00:00+00,2019/12/18 00:00:00+00,0.52,1,3933,Commercial,,1,,,,0,,,0,7157b2b0-a986-4b6e-9e32-e7b9dae36d03,PR-005079-2019,2019,Proposed building and parking,PR-005079-2019,GMX Exton,20314.4985382897,572.53973918343
404,LD-06-19-15947,Life Time,2019/07/09 00:00:00+00,2019/06/10 13:31:57+00,,,5.38,1,45196,Commercial,Office Building,1,,,,0,,,0,3540c2c5-2494-4dac-8352-0f792ff87cf3,PR-005081-2019,2019,Proposed building (office) and parking,PR-005081-2019,Life Time,234609.064508785,2238.47670878356
405,LD-06-19-15949,Exton Park - Swedesford Recreation Area,2019/07/11 00:00:00+00,2019/06/11 14:11:29+00,,,173.37,1,0,Institutional,Park,1,,,,0,,,0,76816b3d-69e1-48c1-9548-525212beb2d9,PR-005083-2019,2019,"Proposed park with dog park, playground, pavillion, walking trails and parking ",PR-005083-2019,Exton Park - Swedesford Recreation Area,7406957.48977683,13234.0717330154
406,LD-06-19-15951,"115 Buchanan St., Phoenixville, PA 19460",2019/07/10 11:09:51+00,2019/06/13 14:33:30+00,2022/08/09 00:00:00+00,2022/08/10 00:00:00+00,0.88,1,55936,Institutional,Nursing Home/Assisted Living,1,,,,0,,,0,5c64a6a1-ac54-496c-bdf0-26577832357e,PR-005084-2019,2019,Proposed 50 unit senior housing building with parking,PR-005084-2019,"115 Buchanan St., Phoenixville, PA 19460",38951.5153490653,790.039033145083
407,LD-06-19-15952,353 W. Lincoln Highway,2019/07/11 00:00:00+00,2019/06/14 12:51:27+00,2019/09/03 00:00:00+00,2020/07/28 00:00:00+00,1.7,1,12750,Institutional,Child Daycare,1,,,,0,,,0,d3539598-254c-4ec7-a9c2-9d84b328ec51,PR-005085-2019,2019,proposed building (child daycare) and parking ,PR-005085-2019,353 W. Lincoln Highway,80378.8018861946,1108.69949644354
408,LD-06-19-15962,Eagleview Lot 4,2019/07/10 00:00:00+00,2019/06/21 11:36:12+00,2019/08/19 00:00:00+00,2019/09/19 00:00:00+00,7.95,1,0,Commercial,Parking Lot/Garage,1,,,,0,,,0,119de03d-c26e-4b4a-82ad-110cf8a3a4b7,PR-005088-2019,2019,proposed parking,PR-005088-2019,Eagleview Lot 4,346397.639261578,2424.22786894788
409,LD-06-19-15964,"Johnson Matthey, Inc.",2019/07/15 00:00:00+00,2019/06/21 14:13:38+00,,,20,1,1100,Industrial,Addition to Existing,1,,,,0,,,0,c58b37be-a5b9-4687-8025-28066b084904,PR-005090-2019,2019,building addition,PR-005090-2019,"Johnson Matthey, Inc.",1483066.71011135,5195.28271817193
410,LD-06-19-15965,Washington Hose Company,2019/07/22 00:00:00+00,2019/06/21 00:00:00+00,,,0.74,1,2400,Institutional,Emergency Services,1,,,,0,,,0,93c316e1-9f4b-4ec3-a9c3-3724ac5e3b7b,PR-005091-2019,2019,proposed building (Pole Barn),PR-005091-2019,Washington Hose Company,32379.5236562676,726.916547548211
411,LD-06-19-15971,Hoover Treated Wood Products Inc.,2019/07/18 13:27:28+00,2019/06/27 13:37:03+00,2019/11/12 00:00:00+00,2020/02/14 00:00:00+00,1.01,1,11250,Commercial,Manufacturing,1,,,,0,,,0,6cefd763-3b24-49e2-a667-5fb63310f217,PR-005095-2019,2019,proposed building (shed),PR-005095-2019,Hoover Treated Wood Products Inc.,44030.5116479222,1108.04634753228
412,LD-06-20-16364,Odessa Development & Northern Relief Road,2020/07/10 10:03:38+00,2020/06/10 00:00:00+00,,,14.01,500,0,Residential,Apartment,500,, ,,0,,,0,d2572961-a829-434f-97d1-74744d508e69,PR-005268-2020,2020,"500 residential units in 4 buildings (including 260 assisted living units), and parking proposed",PR-005268-2020,Odessa Development & Northern Relief Road ,603548.723773434,4042.1065324399
413,LD-06-20-16367,Bridge Street Residential - East,2020/07/10 14:35:32+00,2020/06/17 00:00:00+00,2022/10/12 00:00:00+00,2022/09/26 00:00:00+00,0.54,34,6500,Residential,Apartment,33,,Commercial,Restaurant,1,,,0,b04c8e4f-5a13-42cf-868c-e44d3976f907,PR-005271-2020,2020,33 APT and restaurant in 1 bldg. parking also proposed.,PR-005271-2020,Bridge Street Residential - East,25178.4372139329,930.936580044735
414,LD-06-20-16370,Devault Foods,2020/07/01 00:00:00+00,2020/06/05 00:00:00+00,,,18.76,2,62600,Industrial,Addition to Existing,2,,,,0,,,0,9dde75e1-d16f-46a2-809a-173562e0cd2a,PR-005273-2020,2020,"1 building, 3 building additions, and parking proposed",PR-005273-2020,Devault Foods,774064.962640721,5333.49116653302
415,LD-06-20-16372,Chester County Sports Arena Redevelopment,2020/07/14 00:00:00+00,2020/06/08 00:00:00+00,2022/02/15 00:00:00+00,2022/02/25 00:00:00+00,32.03,1,4104,Commercial,Sports/Recreation ,1,, , ,0,,,0,18b67fe6-bf50-457f-96e6-6da8ebc0ef7e,PR-005274-2020,2020,"Proposed: 2 bldg additions, a recreation area, a turf field, and parking",PR-005274-2020,Chester County Sports Arena Redev,1397709.88438551,9401.18926046154
416,LD-06-20-16374,Devault Maintenance Facility,2020/07/02 00:00:00+00,2020/06/05 00:00:00+00,,,27.55,3,66000,Institutional,Utility,3,,,,0,,,0,489de0c6-8c30-4557-9763-5ef7c703ff6e,PR-005276-2020,2020,3 proposed buildings (maintenance facility for PA Turnpike) and parking,PR-005276-2020,Devault Maintenance Facility,1089314.84697592,8729.03058057765
417,LD-06-20-16387,West Conservatory Project,2020/07/16 09:01:51+00,2020/06/25 00:00:00+00,2020/10/05 00:00:00+00,2021/07/20 00:00:00+00,315.1,4,119620,Commercial,Unique,4,,,,0,,,0,1524673f-c8a3-4737-86f2-fc833e365901,PR-005280-2020,2020,proposed: 4 buildings and parking,PR-005280-2020,West Conservatory Project,20935652.9824952,27381.5044571575
418,LD-06-21-16763,White Clay Point - Age Restricted,2021/08/02 14:49:35+00,2021/07/02 00:00:00+00,,,128.9,309,0,Residential,Townhouse,309,,,,0,,,0,22837424-131a-48a9-9db9-d769032f539f,PR-005435-2021,2021,Proposed 309 Townhouses,PR-005435-2021,White Clay Point,5529848.05246471,13185.4022603306
419,LD-06-21-16764,Daniel Thiel - Yeingst Drive,2021/06/24 00:00:00+00,2021/06/08 11:11:08+00,2024/10/16 00:00:00+00,2024/10/18 00:00:00+00,1,1,11281,Commercial,Warehouse,1,also retail and office, ,,0,,,0,48967ed1-01b6-4154-a6f7-f54c23852af8,PR-005436-2021,2021,"proposed 11,281 SF CM building",PR-005436-2021,Daniel Thiel - Yeingst Drive,43459.6773247354,886.95187244979
420,LD-06-21-16767,Cliff M. Anderson,2021/07/09 14:49:33+00,2021/06/14 15:09:57+00,,,32.5,1,48060,Agricultural,Farm/Pasture Land,1,,,,0,,,0,efda1256-d3b6-4bc4-b621-dab9c76d5a85,PR-005438-2021,2021,"Proposed arena, 48,0600 SF 
Vacant Lot to become a K9 Agility Center",PR-005438-2021,Cliff M. Anderson,1367389.62952506,4819.08128066582
421,LD-06-21-16792,R&S Land Development - Old Schuylkill Road,2021/07/12 00:00:00+00,2021/06/29 10:01:27+00,2021/10/07 00:00:00+00,2021/11/10 00:00:00+00,15.095,2,14557.5,Industrial,Warehouse,2,,,,0,,,0,b2a3b46a-ad88-4e19-ae5d-042784847e0a,PR-005444-2021,2021,proposed 2 Industrial units,PR-005444-2021,R&S Land Development - Old Schuylkill Road,578205.776651096,3913.24675655445
422,LD-06-21-16798,S&P Conveyors,2021/07/20 09:31:33+00,2021/06/30 08:53:11+00,2022/12/27 00:00:00+00,2023/01/03 00:00:00+00,7.3,1,17600,Industrial,Addition to Existing,1,,,,0,,,0,7486f3fd-7977-42ea-8436-cb3015902f08,PR-005454-2021,2021,Construct new 17600 sqft industrial building for conveyor business.,PR-005454-2021,S&P Conveyors,275842.636239348,2161.08382177348
423,LD-06-22-17229,"Camphill Special School, Inc.",2022/06/15 13:21:28+00,2022/06/01 13:37:32+00,2022/09/14 00:00:00+00,2022/10/14 00:00:00+00,57.8,1,1775,Institutional,School,1,,,,0,,,0,2b6acebf-e901-4a82-b04a-fb2fe9292d03,PR-005632-2022,2022,a building addition is proposed,PR-005632-2022,"Camphill Special Schools, Inc.",2476021.28834751,7352.54670490203
424,LD-06-22-17233,Land Development Plan St Patrick's Church,2022/07/06 00:00:00+00,2022/07/06 11:33:07+00,2023/05/01 00:00:00+00,2023/05/02 00:00:00+00,0.83,1,1073,Institutional,Religious Organization,1,,,,0,,,0,bfb849b5-f6f0-4abe-ad11-29f8665d5a1d,PR-005646-2022,2022,land development plans to construct an addition to join two existing buildings,PR-005646-2022,St. Patrick Church,37362.8099264443,799.102500262332
425,LD-06-22-17247,East Nields Industrial Center,2022/07/21 00:00:00+00,2022/06/23 11:36:56+00,,,29.76,1,523653,Industrial,Warehouse,1,,,,0,,,0,54a33626-4fd7-4fad-863a-9e4a25636126,PR-005418-2021,2022,Land development of the former Wyeth property - two distribution warehouses.  This plan replaces the previous plan submitted for this address that included a single distribution facility.,PR-005418-2021,East Nields Industrial Center,1243113.96015384,5493.23998279312
426,LD-06-22-17248,Westtown School  - Lane House,2022/07/08 00:00:00+00,2022/06/21 16:34:54+00,2023/03/21 00:00:00+00,2023/03/22 00:00:00+00,170.5,1,2562,Institutional,Addition to Existing,1,,,,0,,,0,310b5d9e-d89b-49ac-aa5d-10e4ebd41046,PR-005643-2022,2022,Building addition for administrative/office use.,PR-005643-2022,Westtown School - Lane House,17328681.1708375,32072.7043325948
427,LD-06-22-17249,"Proposed Financial Institution, Office & Retail Store",2022/07/26 00:00:00+00,2022/07/14 11:21:06+00,,,1.99,1,6745,Commercial,Retail,1,"Bank, Office and Retail", , ,0, , ,0,428bae34-da19-4f95-93c0-4f8432c5ebed,PR-005642-2022,2022,"Proposed Financial Institution, Office & Retail Store - 6,745 SF Mixed Use Building. Associated site improvements include lighting, landscaping, grading, walkways, driveways, utilities, parking and associated items.",PR-005642-2022,American Heritage Credit Union,86004.4258093027,1549.1773082324
428,LD-06-22-17251,"Roller Derby Skate, Corp.",2022/07/21 00:00:00+00,2022/06/22 09:56:34+00,,,13.79,1,64252,Industrial,Addition to Existing,1,,,,0,,,0,eba4e902-da21-4ad3-abcd-b0790c961414,PR-005644-2022,2022,building addition and parking proposed,PR-005644-2022,"Roller Derby Skate, Corp.",579625.72556884,3718.90263784491
429,LD-06-23-17696,"McDonald's USA, LLC",2023/06/13 00:00:00+00,2023/06/06 14:57:49+00,2024/05/07 00:00:00+00,2024/05/16 00:00:00+00,26.09,1,0,Commercial,Fast Food,1,Drive Thru,,,0,,,0,a7e7fe5a-eadf-4443-a3a9-de63e5b919cd,PR-005842-2023,2023,Land development for McDonalds drive thru revisions.,PR-005842-2023,"McDonald's USA, LLC",1149563.27484415,6200.97144778107
430,LD-06-23-17701,Life Time Living,2023/07/13 00:00:00+00,2023/06/13 11:00:55+00,2025/05/20 00:00:00+00,2025/05/22 00:00:00+00,19.91,197,0,Residential,Apartment,197,,,,0,,,0,6adecaab-4ebe-4678-a537-32a260adfb91,PR-005785-2023,2023,"197 apartments proposed. Applicant intends to develop the Property with a Compatible Multifamily Dwelling or Apartment House (""CMD"") in accordance with newly enacted Tredyffrin Township Zoning Ordinance HR-461.",PR-005785-2023,Life Time Living,878847.783504363,3798.43166145569
431,LD-06-23-17707,Main Street Lofts 3,2023/07/05 00:00:00+00,2023/06/21 12:50:27+00,,,1,24,3877,Residential,Apartment,22,,Commercial,Retail,2,,,0,c15bd405-2d44-4110-ab55-ed3b43fde253,PR-005846-2023,2023,Converting existing building to 22 APT and 2 retail.,PR-005846-2023,Main Street Lofts 3,5579.16964451861,366.71472830756
432,LD-06-23-17713,Eagleview Town Center II - Phase 4,2023/07/03 00:00:00+00,2023/06/16 00:00:00+00,,,13.55,128,0,Residential,Apartment,128,,,,0,,,0,36a4300f-1344-4605-b7ab-7b60c1051d55,PROJ-2103,2023,"128 apartments proposed. Eagleview Town Center II - Phase 4, Lot 3",PROJ-2103,Eagleview Town Center,234084.45402405,1975.29327668605
433,LD-06-23-17720,758 W Kings Highway,2023/08/07 00:00:00+00,2023/07/18 13:50:30+00,2024/01/24 00:00:00+00,2024/03/07 00:00:00+00,2.326,1,9600,Commercial,Unique,1,,,,0,,,0,739d5fbc-c1fa-4174-8ac7-87bade914451,PR-005848-2023,2023,"Construction of a 9,600 sf commercial building and parking area",PR-005848-2023,758 W Kings Hwy,100032.637180916,1278.10764530086
434,LD-06-23-17726,Riverstone Crossing,2023/07/07 00:00:00+00,2023/06/29 10:42:28+00,2023/11/06 00:00:00+00,2024/01/11 00:00:00+00,21.06,33,0,Residential,Single Family Residential,33,,,,0,,,0,f327dde2-1d09-47bc-b7d9-44972de801b6,PR-005810-2023,2023,33 Single Family Residential units.,PR-005810-2023,Riverstone Crossing,877257.683826163,4639.1721752686
435,LD-06-23-17730,72 East Second Avenue,2023/06/27 00:00:00+00,2023/06/26 15:59:25+00,,,24.4,44,0,Residential,Single Family Residential,44,By-right sketch plan (alternate concept plan - 96 townhouse units and 144 apartment units - not permitted by zoning ordinance),,,0,,,0,2c90ba28-c6df-404f-ac27-d5189df9ad38,,2023,,,,1060443.17787408,5012.98354266592
436,LD-06-23-17733,Starbuck's Suburbia Shopping Center,2023/08/01 00:00:00+00,2023/07/03 13:40:29+00,2023/10/10 00:00:00+00,2023/12/15 00:00:00+00,25.61,1,2230,Commercial,Restaurant,1,Starbucks,,,0,,,0,2748f8c8-80e0-4705-9412-27a1c0c03521,PR-005854-2023,2023,Starbucks Land development,PR-005854-2023,Starbuck's Suburbia Shopping Center,1065969.48245935,5729.06886491821
437,LD-06-24-18115,Valley View Lot 8B Industrial Development,2024/06/18 00:00:00+00,2024/06/06 10:09:54+00,2025/04/15 00:00:00+00,2025/04/24 00:00:00+00,10.842,1,99960,Industrial,Manufacturing,1,,,,0,,,0,697afc89-db6a-4033-b90a-69f838b2a27d,PR-006012-2024,2024,"261 Waverly Blvd - Valley View Lot 8B, proposed 99,960 SF industrial building.",PR-006012-2024,Valley View Lot 8B Industrial Development,472327.790174177,3044.04411153788
438,LD-06-24-18118,Cohen Land Development,2024/07/01 00:00:00+00,2024/06/14 12:51:14+00,,,29.021,103,0,Residential,Townhouse,103,,,,0,,,0,74525258-138e-4a00-a6fb-3f122babe65d,PR-006009-2024,2024,Multifamily Townhouse,PR-006009-2024,Cohen Tract Redevelopment,1235401.74008756,5581.26375587868
439,LD-06-24-18121,Anfield at Malvern (Knickerbocker Redevelopment),2024/07/03 00:00:00+00,2024/06/07 15:28:43+00,2025/01/21 00:00:00+00,2025/01/24 00:00:00+00,176.7,280,0,Residential,Twin,72,,Residential,Townhouse,208, , ,0,8e88303c-467d-4fdc-89b1-70d0c983b4a0,PR-005537-2021,2024,Amended Final Land Development Plan - Redevelopment of the Knickerbocker Tract (amended residential clubhouse layout),PR-005537-2021,Knickerbocker Redevelopment,6843230.68781306,28452.8191253778
440,LD-06-24-18122,Reeceville Elementary School Addition,2024/06/13 00:00:00+00,2024/06/06 15:36:09+00,2024/12/05 00:00:00+00,2024/12/06 00:00:00+00,25.9,1,10400,Institutional,School,1,Additional to Existing,,,0,,,0,6d5826ed-0f1f-4971-b3ac-95d108f47f96,SUB-08609,2024,"10,400 SF bldg addition. A classroom addition to Reeceville Elementary School (Coatesville Area School District)",SUB-08609,REECEVILLE ELEMENTARY SCHOOL,1054188.91216134,5860.16120568507
441,LD-06-24-18123,North Brandywine Middle School Addition,2024/07/08 00:00:00+00,2024/06/06 15:44:17+00,2024/12/05 00:00:00+00,2024/12/06 00:00:00+00,46,1,16200,Institutional,School,1,addition to existing bldg,,,0,,,0,cf762227-e6b6-4f0e-b784-8d6ed8669a19,PR-006010-2024,2024,"16,200 SF bldg addition. An addition to the North Brandywine Middle School (Coatesville Area School District)",PR-006010-2024,North Brandywine Middle School Addition,1944552.73110381,6015.07710643275
442,LD-06-24-18126,Booster Pump Station,2024/07/09 00:00:00+00,2024/07/02 12:59:52+00,2025/09/03 00:00:00+00,2025/10/02 00:00:00+00,10.841,2,910,Institutional,Utility,1,Pump Station,Residential,Single Family Residential,1,,,0,2f78d0e2-2f94-4c39-be12-d3514654a8dd,PR-006011-2024,2024,This project is a subdivision and land development for the creation of a pump station at the intersection of Horshoe Pike and Reservoir Road in Honey Brook Township. One lot will be split into 2 lots. Chester County Solid Waste Authority is the developer and it will eventually be owner and operated by the water authority.,PR-006011-2024,Booster Pump Station,437812.425120975,3104.80982025512
443,LD-06-24-18132,"Longwood Funeral Home & Cremation of Matthew Genereux, Inc",2024/07/17 00:00:00+00,2024/06/17 17:43:15+00,2024/09/09 00:00:00+00,2024/12/06 00:00:00+00,1.82,1,840,Commercial,Unique,1,crematorium,,,0,,,0,cbfff760-3826-4524-b7b2-68e05c732f26,PR-006013-2024,2024,840 SF bldg proposed. Preliminary/Final Plan for erecting an accessory cremation building to the Longwood Funeral Home,PR-006013-2024,Longwood Funeral Home & Cremation of M Genereux,73502.4864623946,1121.29695776617
444,LD-06-24-18155,2656 Baltimore Pike,2024/08/08 00:00:00+00,2024/07/10 12:29:56+00,2024/12/10 00:00:00+00,2025/01/03 00:00:00+00,3.427,1,6720,Commercial,Retail,1,shop/office,,,0,,,0,2cce0a50-638a-4ca6-ae44-fc01340e3864,PR-006020-2024,2024,Remove and replace/rebuild commercial building,PR-006020-2024,266 Baltimore Pike,136239.676341998,1597.63383133299
445,LD-06-25-18550,"TRBL Ellis, LLC",2025/07/03 00:00:00+00,2025/06/03 09:57:55+00,,,3.21,14,0,Residential,Townhouse,14,, , ,0,,,0,400cf675-6a71-4538-bcf2-4596b7dae37c,PR-006195-2025,2025,"LD = proposal of 14 townhomes & 2 existing SFRs, SD = 2 lots into 1 lot (see SD-06-25-18549)",PR-006195-2025,"TRBL Ellis, LLC",124913.218583265,1557.22624970726
446,LD-06-25-18552,Delaware County Christian School - Lower Campus,2025/07/08 00:00:00+00,2025/06/09 15:06:12+00,,,30.4,2,3735,Institutional,Addition to Existing,2,,,,0,,,0,a6d57bc5-6ebb-4564-b0ad-948f91d21568,PR-006196-2025,2025,"Proposal: 2,038 sf 1 story bldg addition, 1,697 sf 2nd story bldg addition, 31 additional parking spaces, and a 2,392 sf pavilion.",PR-006196-2025,Delaware County Christian School - Lower Campus,1392400.25452038,5442.77416970259
447,LD-06-25-18558,70 E. Second Avenue,2025/07/08 00:00:00+00,2025/06/09 15:15:37+00,,,24.4,155,37125,Residential,Single Family Residential,70,,Residential,Apartment,84,Commercial,Unique,1,6fbfa626-f7f0-4e25-a8ed-e5eb742044b5,PR-006198-2025,2025,"Sketch plan - proposal of 70 SFR, 84 APT units, 37,125sf of commercial retail space & 194 parking spaces. 70 East Second Avenue, Parkesburg Sketch Plan for VISTABLOCK a proposed residential development",PR-006198-2025,70 E. Second Avenue,1060443.17787408,5012.98354266592
448,LD-06-25-18560,Hillside Bulk Foods,2025/07/09 10:40:54+00,2025/06/12 13:06:33+00,2026/02/18 00:00:00+00,2026/03/16 00:00:00+00,3.23,1,1676,Commercial,Addition to Existing,1,,,,0,,,0,dc5ac938-f8e7-4002-b5c5-028a221c0a78,PR-006199-2025,2025,"1,676 square foot building addition",PR-006199-2025,Hillside Bulk Foods,131653.694442824,1558.62669769593
449,LD-06-25-18561,New North Brandywine Middle School,2025/07/17 00:00:00+00,2025/06/23 11:29:54+00,,,46,1,135000,Institutional,School,1,,,,0,,,0,c270de5e-e01b-43ba-a884-c52d184d7370,PR-006200-2025,2025,"Proposal to demo existing school, build a new 135,000 sq. foot school onto a current addition that is being built, new athletic fields & an additional 223 parking spaces.",PR-006200-2025,New North Brandywine Middle School,1944552.73110381,6015.07710643275
450,LD-06-25-18562,Byers Station Amended Final PRD Plans,2025/07/15 00:00:00+00,2025/06/17 15:27:38+00,,,3.89,1,10500,Commercial,Retail,1,,,,0,,,0,523a36ab-e0fc-4a59-bbae-0b049b6c9229,PR-006201-2025,2025,"Proposal 10,500 sf commercial bldg & 63 parking spaces. Amended Final PRD Plan for Byers Station Parcel 5C Lot 2B Phase 2",PR-006201-2025,Byers Station Amended Final PRD Plans,172302.253961336,1873.64613353221
451,LD-06-25-18565,1800 & 1804 Horseshoe Pike,2025/07/17 00:00:00+00,2025/06/18 10:54:10+00,,,27.5,12,97400,Commercial,Unique,12,Retail Storage Facility,,,0,,,0,99fc0747-9e23-4c81-9516-bf39c6d0bec9,PR-006160-2025,2025,"LD = 12 storage buildings on 1 lot totaling 97,400sf, SD = 2 lots into 2 lots (lot line revision). The development will include twelve (12) storage facilities including three (3) climate controlled indoor storage facilities, vehicular circulation, associated grading, utilities, and stormwater management improvements.",PR-006160-2025,1800 & 1804 Horseshoe Pike,1122358.81311834,5003.91947970339
452,LD-06-25-18579,469 Limestone Road,2025/07/23 00:00:00+00,2025/06/23 11:47:58+00,,,7.3,3,23900,Commercial,Unique,2,,Industrial,Cell Tower,1, , ,0,25ba17c1-0003-40bc-90d3-a8c815ef1fac,PR-006136-2025,2025,"Proposed land development: Lot 1 will consist of a 10,500 sq. ft. commercial building with parking, and an existing cell tower facility. Lot 2 will consist of a 9,800 sq. ft. commercial building, a 3,600 sq. ft. storage shed and parking. A stormwater management facility will be constructed on Lot 2 to service both lots.  Refer to CCPC# SD-06-25-18563 for the concurrent subdivision plan.",PR-006136-2025,469 Limestone Road,317832.365228565,2447.24541749055
453,LD-06-25-18584,WCASD - Sarah W. Starkweather Elementary School,2025/07/29 00:00:00+00,2025/06/30 11:51:02+00,2025/09/15 00:00:00+00,2026/03/09 00:00:00+00,37.9,1,8871,Institutional,Addition to Existing,1,,,,0,,,0,cdafb50c-9f3d-4ca1-b380-8530eb957a50,PR-006210-2025,2025,"Three building additions totaling 8,871sf. Removal of existing modular structures and construction of building additions at the existing Sarah Starkweather Elementary School and appurtenant improvements, including stormwater management facilities, new sanitary sewer lines, and playground improvements.",PR-006210-2025,WCASD - Sarah W. Starkweather Elementary School,1610418.68615778,5671.71522731775
454,LD-06-25-18585,"Malvern Educational Properties, LLC Proposed Daycare",2025/08/06 00:00:00+00,2025/07/07 17:53:59+00,,,0.98,1,10608,Institutional,Child Daycare,1,,,,0,,,0,c6464f7d-7ecd-4114-a0c8-e65f2b9c6c07,PR-005964-2024,2025,"Proposed two-story 10,608 square foot child daycare building.",PR-005964-2024,"Malvern Educational Properties, LLC",42674.0461580478,843.398551463238
455,LD-07-17-14987,Ware Presbyterian Village,2017/08/01 00:00:00+00,2017/07/07 00:00:00+00,,,33.9,3,13078,Institutional,Nursing Home/Assisted Living,1,,Residential,Single Family Residential,2,,,0,fd369a5c-bbbd-4d6e-8b39-4701daa471c3,PROJ-1989,2017,"Proposed: 1 assisted living building, 2 SFR, and parking on 1 parcel.",PROJ-1989,Ware Presbyterian Village,1388560.17656721,8180.58810373953
456,LD-07-17-14990,Wollaston Park - Phase 2,2017/08/01 00:00:00+00,2017/07/10 00:00:00+00,,,40.21,1,0,Institutional,Park,1,,,,0,,,0,8593fcf9-0f74-4281-be0a-131d25115cae,PR-004597-2017,2017,"Proposed: parking lot, trails, amphitheater, tot lot, etc.",PR-004597-2017,Wollaston Park - Phase 2,1725976.17269324,5321.3182444786
457,LD-07-17-14992,Croce T. Cataldo & Claudia X. Plata,2017/08/04 00:00:00+00,2017/07/10 00:00:00+00,2017/08/04 00:00:00+00,2017/08/08 00:00:00+00,0.7,1,2169,Commercial,Addition to Existing,1,,,,0,,,0,5bef0c09-f73b-40f9-b0d8-6648226ae1aa,PR-004598-2017,2017,proposed building addition and parking,PR-004598-2017,Croce T. Cataldo & Claudia X. Plata,30537.1322125874,728.185053774355
458,LD-07-17-14993,TruMark Financial Credit Union,2017/08/04 14:32:01+00,2017/07/11 00:00:00+00,2017/11/14 00:00:00+00,2018/02/08 00:00:00+00,0.82,1,2950,Commercial,,1,,,,0,,,0,d52cdb71-4660-4d8e-95c3-34aa69a26599,PR-004599-2017,2017,1 proposed building and parking,PR-004599-2017,Trumark Financial Credit Union,32843.3234378017,716.075918637687
459,LD-07-17-14997,Eland Point Crossing,2017/08/11 15:12:37+00,2017/07/12 00:00:00+00,,,4.625,193,0,Residential,Apartment,193,,,,0,,,0,d995626d-cc81-424c-b933-b56fc3eb3bd3,PR-004600-2017,2017,"Proposed: 193 apartments in 5 buildings, parking, and open space.",PR-004600-2017,Eland Point Crossing,318752.189679476,4130.17075315308
460,LD-07-17-14998,Paoli Walk,2017/08/01 00:00:00+00,2017/07/10 00:00:00+00,2017/09/25 00:00:00+00,2017/09/27 00:00:00+00,3.1,1,0,Residential,Townhouse,1,,,,0,,,0,6f255ed5-2885-44e4-93e0-73e0a1b3117d,PROJ-4079,2017,Proposed retaining wall and pedestrian network modifications to previously recorded plan for 30 THS and 4 lots into 1.,PROJ-4079,Paoli Walk,133512.656216089,1809.26609266996
461,LD-07-17-15012,Fritz Town Center,2017/08/09 00:00:00+00,2017/07/14 00:00:00+00,,,1.85,46,21595,Residential,Apartment,44,,Commercial,Retail,1,Commercial,Restaurant,1,65a1429c-ebe8-4143-9570-f7882abbb3d5,PR-004608-2017,2017,"Proposed: 44 apartments and 21,595 SF retail/restaurant in 3 buildings and parking",PR-004608-2017,Fritz Town Center,80491.0691015087,1507.29412018145
462,LD-07-17-15023,Moser Court,2017/08/18 00:00:00+00,2017/07/25 00:00:00+00,2018/03/14 00:00:00+00,2019/10/03 00:00:00+00,2.16,1,0,Commercial,Parking Lot/Garage,1,,,,0,,,0,8977b06f-19e7-449f-9148-9594f416d2ba,PR-004613-2017,2017,"Parking lot expansion, 18 spaces",PR-004613-2017,Moser Court,82463.9256933414,1213.58317029625
463,LD-07-18-15486,4060 Edges Mill Rd.,2018/08/02 00:00:00+00,2018/07/03 00:00:00+00,,,6.93,1,19460,Commercial, ,1,,,,0,,,0,dc754d14-68a8-4870-9245-2d83145722e9,PR-004856-2018,2018,Proposed building and parking,PR-004856-2018,4060 Edges Mill Rd,324435.873177107,2829.11765838563
464,LD-07-18-15487,150 Parkside,2018/08/01 00:00:00+00,2018/07/02 00:00:00+00,,,17.88,47,0,Residential,Mobile Home,47,,,,0,,,0,05cc5982-9eb5-42eb-98ec-67f0abf9e7a9,PR-004857-2018,2018,"47 mobile homes, roads, and parking",PR-004857-2018,150 Parkside,761230.029904842,4544.81685443612
465,LD-07-18-15497,Storage First Caln,2018/08/01 11:01:23+00,2018/07/09 12:06:24+00,2019/04/11 00:00:00+00,2019/05/10 00:00:00+00,1.63,1,18050,Commercial, ,1,,,,0,,,0,e0323d22-ef41-44fe-9929-374d1def44ed,PR-004861-2018,2018,5 proposed self-storage buildings,PR-004861-2018,Storage First Caln,53562.6977551056,1174.24216606714
466,LD-07-18-15502,Kaolin Mushrooms,2018/07/24 09:41:30+00,2018/07/11 14:07:58+00,2019/03/18 00:00:00+00,2019/08/21 00:00:00+00,59.74,1,19966,Commercial,Mushroom House,1,,,,0,,,0,a3df4522-f53b-449f-9ffe-af741289e24b,PR-004862-2018,2018,Proposed building (composting),PR-004862-2018,Kaolin Mushrooms,2574964.9127744,12461.1778656247
467,LD-07-18-15504,East Brandywine Center - 2018,2018/08/08 00:00:00+00,2018/07/12 13:50:03+00,2024/06/06 00:00:00+00,2026/02/25 00:00:00+00,20.6,3,70000,Commercial,Retail,3,,,,0,,,0,e771fe8e-6135-4a20-ae30-044e61f4ed3f,PR-004864-2018,2018,Proposed building (Giant grocery store & 2 future retail) and parking,PR-004864-2018,East Brandywine Center - 2018,1336529.66384625,4979.49226034111
468,LD-07-18-15507,Baseball and Softball Fields Improvements,2018/08/14 00:00:00+00,2018/07/17 00:00:00+00,2018/11/26 00:00:00+00,2020/11/17 00:00:00+00,50.3,1,0,Institutional,Sports/Recreation ,1,,,,0,,,0,a0d5ac95-3aaf-4748-9897-63628bfbd168,PR-004867-2018,2018,Proposed renovation of baseball and softball fields.,PR-004867-2018,Baseball and Softball Fields Improvements,2174666.58003614,6036.43536844944
469,LD-07-18-15509,Village at General Warren,2018/08/15 09:51:19+00,2018/07/18 11:36:04+00,2024/06/12 00:00:00+00,2024/08/23 00:00:00+00,8.53,1,0,Commercial,Parking Lot/Garage,1,,,,0,,,0,5a32b3f8-2183-44f5-bfdc-c2dbbc52daba,PR-004868-2018,2018,Proposed parking lot expansion with 94 new spaces.,PR-004868-2018,Village at General Warren,331987.882900502,2354.71126951084
470,LD-07-18-15521,638-640 Lancaster Avenue,2018/08/14 00:00:00+00,2018/07/24 00:00:00+00,,,1.58,1,2000,Commercial,Addition to Existing,1,,,,0,,,0,2a5b49f2-bd3d-41da-98f2-051213b491c9,PR-004873-2018,2018,Proposed vestibule to connect 2 buildings and parking,PR-004873-2018,638-640 Lancaster Avenue,61592.1198436633,993.573767915499
471,LD-07-18-15527,Willistown Woods WWTP Improvement Project,2018/08/17 00:00:00+00,2018/07/27 00:00:00+00,2019/09/09 00:00:00+00,2019/09/20 00:00:00+00,1.53,1,1350,Institutional,Unique,1,wastewater treatment plant,,,0,,,0,abb00768-0ef1-4b78-b696-b6f13fb96a17,PR-004875-2018,2018,demolish some existing features. new building and other improvements proposed.,PR-004875-2018,Willistown Woods WWTP Improvement Project,53891.9170182508,1120.63983706554
472,LD-07-18-15528,321 Quarry Road Land Development,2018/08/15 14:20:22+00,2018/07/30 11:10:05+00,,,1.67,5,0,Residential,Townhouse,5,,,,0,,,0,f9d6f626-07ed-45de-aaa9-ecc6236caa2e,PR-004876-2018,2018,5 townhouses and open space,PR-004876-2018,321 Quarry Road Land Development,68679.3065284838,1100.18011576637
473,LD-07-18-15531,Natural Lands Trust ,2018/08/17 14:10:57+00,2018/07/31 12:59:54+00,2018/10/15 00:00:00+00,2018/10/16 00:00:00+00,39.5,1,0,Commercial,Parking Lot/Garage,1,,,,0,,,0,7f7e5be3-a13c-4e7a-89d7-708bd119ae9a,PR-004877-2018,2018,Proposed parking lot,PR-004877-2018,Natural Lands Trust ,686298.484413188,4101.83588423543
474,LD-07-19-15974,"1580, 1600, 1690 and 1692 Russell Road",2019/07/23 00:00:00+00,2019/06/28 00:00:00+00,,,5.78,1,114128,Institutional,Nursing Home/Assisted Living,1,,,,0,,,0,c27cde4f-5d8a-4bcc-b138-4c810f759603,PR-005096-2019,2019,Proposed assisted living facility (127 beds) and parking,PR-005096-2019,"1580, 1600, 1690 and 1692 Russell Road",204621.969148426,2400.78235481324
475,LD-07-19-15977,Peirce Middle School Modular Classroom,2019/07/11 00:00:00+00,2019/07/01 00:00:00+00,2019/07/24 00:00:00+00,2019/08/08 00:00:00+00,14.12,1,2940,Institutional,School,1,,,,0,,,0,346a10b5-45d8-44f3-8c91-3b39bc4c6c1e,PR-005098-2019,2019,proposed modular classroom,PR-005098-2019,Peirce Middle School Modular Classroom,644699.579236192,3426.3074873076
476,LD-07-19-15980,Freedom Life Church,2019/07/18 13:30:35+00,2019/07/05 13:12:15+00,2023/09/12 00:00:00+00,2024/02/15 00:00:00+00,31.44,1,72898,Institutional,Religious Organization,1,,,,0,,,0,3114df0e-3423-4c47-aab3-3f783cafb720,PR-005099-2019,2019,"proposed building (church), parking, and activity fields",PR-005099-2019,Freedom Life Church,1337909.6168598,5222.73035296768
477,LD-07-19-15981,32 Bacton Hill Road,2019/08/05 00:00:00+00,2019/07/08 11:21:30+00,,,3.49,1,400,Industrial, ,1,,,,0,,,0,410d5312-9b43-45d7-b83c-3919c1891ce4,PR-005100-2019,2019,proposed fuel station and pavement,PR-005100-2019,32 Bacton Hill Road,144608.501535969,1691.4945986807
478,LD-07-19-15982,57 Lancaster Avenue,2019/08/07 00:00:00+00,2019/07/08 13:52:57+00,2019/12/11 00:00:00+00,2020/01/23 00:00:00+00,2.31,1,6960,Commercial,Addition to Existing,1,,,,0,,,0,a63fc0f4-63fd-4df2-9484-e056563bd559,PR-005101-2019,2019,Proposed building addition ,PR-005101-2019,57 Lancaster Avenue,101213.797547629,1918.23714795701
479,LD-07-19-15996,Kings Highway Elementary School,2019/08/09 00:00:00+00,2019/07/12 00:00:00+00,,,23.51,1,77600,Institutional,Educational Facility,1,,,,0,,,0,69ca1562-25c1-4432-9e0d-d2a35f357146,PR-005107-2019,2019,demolish existing building and construct a new school and parking,PR-005107-2019,Kings Highway Elementary School,971216.634290881,4499.52131349789
480,LD-07-19-15998,Springer Property,2019/08/02 13:13:24+00,2019/07/15 00:00:00+00,,,9.52,4,116400,Commercial,Unique,4,,,,0,,,0,7dd325c3-835f-44f2-a3a6-6002b6ed6564,PR-005109-2019,2019,4 proposed buildings (self storage facility),PR-005109-2019,Springer Property,416353.495620478,3001.92418159417
481,LD-07-19-16000,Eagle Village Parking Expansion,2019/07/30 00:00:00+00,2019/07/15 00:00:00+00,2019/08/19 00:00:00+00,2019/11/12 00:00:00+00,9.2,1,0,Commercial,Parking Lot/Garage,1,,,,0,,,0,9dead92d-f2ee-425e-9199-d46caf5258c2,PR-004680-2017,2019,proposed parking,PR-004680-2017,Eagle Village Parking Expansion,409277.301056046,2746.21371046052
482,LD-07-19-16011,DSSC Chase Bank,2019/08/16 00:00:00+00,2019/07/26 11:16:26+00,,,13.4,1,3028,Commercial,Bank,1,,,,0,,,0,7696f9ae-e6bc-455d-8124-a0dc6f304f0e,PR-005110-2019,2019,Proposed building (bank) and changing parking,PR-005110-2019,DSSC Chase Bank,625968.113521791,3247.53684589916
483,LD-07-20-16394,"DP Fritztown Center, LLC",2020/07/28 00:00:00+00,2020/07/02 10:47:38+00,2020/07/20 00:00:00+00,2021/01/20 00:00:00+00,2.06,67,0,Residential,Apartment,67,,,,0,,,0,be11a3b5-56b9-4d6b-b3a8-9d310e3b8e50,PR-005282-2020,2020,67 apartments in 1 building and parking,PR-005282-2020,"DP Fritztown Center, LLC",80491.0691015087,1507.29412018145
484,LD-07-20-16400,101 Ponds Edge Drive,2020/08/06 13:51:32+00,2020/07/13 13:49:40+00,2021/02/23 00:00:00+00,2021/03/08 00:00:00+00,3.4,1,11055,Commercial,Unique,1,,,,0,,,0,1ab27ccf-7fb7-49a4-96d9-f676f31ed03d,PR-005284-2020,2020,"proposed 11,055 SF addition, with 94 parking spaces",PR-005284-2020,101 Ponds Edge Drive,148946.999590839,1478.26363547924
485,LD-07-20-16401,Issac B. & Annie F. Stoltzfus,2020/07/27 00:00:00+00,2020/07/13 14:31:18+00,2020/11/10 00:00:00+00,2021/01/13 00:00:00+00,4.01,1,3440,Agricultural,Unique,1,,,,0,,,0,f518a9dc-b9b0-45a5-850d-b4684bb12f55,PR-005285-2020,2020,"proposed 3,120 SF bldg. with 17 parking spaces",PR-005285-2020,Issac B. & Annie F. Stoltzfus,165310.002601837,1792.29636983024
486,LD-07-20-16403,Micronic Manufacturing USA,2020/07/27 00:00:00+00,2020/07/13 00:00:00+00,2022/06/07 00:00:00+00,2025/05/13 00:00:00+00,6.52,1,28564,Industrial,Manufacturing,1,,,,0,,,0,106cdc65-f79b-4d5b-995c-948237170086,PR-005287-2020,2020,"Proposed 28,564 square foot industrial building",PR-005287-2020,Micronic Manufacturing USA,282310.053317917,2458.80218180748
487,LD-07-20-16405,Jones Motor Tract,2020/08/11 14:30:18+00,2020/07/13 00:00:00+00,,,106.1,119,0,Residential,Townhouse,119,, , ,0, , ,0,440d7d38-8e55-4096-9aab-f6568d9d8958,PR-005288-2020,2020,119 townhouse units.,PR-005288-2020,Jones Motor Tract,7621194.76635205,15448.1654445153
488,LD-07-20-16406,John Rock - Building 2,2020/08/07 00:00:00+00,2020/07/14 15:20:22+00,2021/05/04 00:00:00+00,2021/09/08 00:00:00+00,16.08,1,88000,Industrial,Warehouse,1,,,,0,,,0,0db8a4e1-6050-458b-9203-d7fec9f5cbee,PR-005289-2020,2020,"proposed 88,000 SF bldg",PR-005289-2020,John Rock - Building 2,666667.098084535,3902.14987952428
489,LD-07-20-16407,"Raj Real Estate LLC, 4 Tabas Lane",2020/08/11 10:23:32+00,2020/07/14 16:16:08+00,2022/08/10 00:00:00+00,2022/08/19 00:00:00+00,3.01,5,13297,Commercial,Warehouse,1,,Commercial,Retail,4,,,0,e05f9035-efea-486c-b3ed-ffb13f623849,PR-005290-2020,2020,"proposed 13,297 storage building with 4 retail units",PR-005290-2020,"Raj Real Estate LLC, 4 Tabas Lane",148039.576826959,1630.33582962369
490,LD-07-20-16414,"578 Lancaster Avenue, 4 Midland Avenue, 5 Woodside Avenue",2020/08/21 00:00:00+00,2020/07/22 11:16:14+00,,,1.61,1,5551,Commercial,Retail,1,,,,0,,,0,343bf119-9337-4f2e-9cff-175447126f61,PR-005292-2020,2020,"convenience store with gas pumps, and parking",PR-005292-2020,"578 Lancaster Ave, 4 Midland Ave, 5 Woodside Ave",71804.1036749378,1723.00034908335
491,LD-07-20-16420,215-219 West Lancaster Avenue,2020/08/20 00:00:00+00,2020/07/24 00:00:00+00,,,1.02,1,0,Commercial,Retail,1,,,,0,,,0,4007a84c-7fcc-41fe-8c38-83908a6cd7ca,PR-005294-2020,2020,parking lot with 17 new spaces,PR-005294-2020,215-219 West Lancaster Avenue,40154.9865516129,802.20554598222
492,LD-07-21-16804,Malvern Institute 2nd Story Building Addition,2021/07/27 00:00:00+00,2021/06/29 08:50:36+00,,,10.5,1,5400,Institutional,Medical Building,1,,,,0,,,0,c33debcf-70db-4d25-9942-c1b98798e7c6,PR-005456-2021,2021,"proposed 5,400 SF second floor addition to existing facility",PR-005456-2021,Malvern  Institute 2nd Story,408949.202610298,3194.78570657355
493,LD-07-21-16808,Clover Mill Townhomes,2021/07/22 00:00:00+00,2021/07/07 09:21:12+00,,,18.58,139,0,Residential,Townhouse,139,,,,0,,,0,4d127695-eb35-4012-9b58-6976aaefac7b,PR-005459-2021,2021,proposed 139 units,PR-005459-2021,Clover Mill Townhomes,680275.087314065,5395.76606672787
494,LD-07-21-16810,Improvements Construction Plan Preliminary/Final Land Development Plan for Premier Motor Group LLC,2021/08/02 00:00:00+00,2021/07/12 13:35:03+00,2022/01/19 00:00:00+00,2022/01/21 00:00:00+00,0.538,1,2412,Commercial,Unique,1,Car Repair shop,,,0,,,0,0745a00e-5cae-4863-8624-23a2efe1a0c6,PR-005462-2021,2021,New Service Center Building for adjacent Premier Motor Group Sales Office,PR-005462-2021,"Premier Motor Group, LLC",36776.8393369399,964.618747534451
495,LD-07-21-16811,224 Hall Street,2021/08/04 11:40:10+00,2021/07/12 10:08:05+00,2022/05/27 00:00:00+00,2022/05/27 00:00:00+00,0.3444,15,0,Residential,Apartment,15,,,,0,,,0,17e70c65-a7b9-4af6-8e40-fa62b7f77803,PR-005463-2021,2021,Proposed 15 apartments,PR-005463-2021,224 Hall Street,14209.5887556337,484.222223212252
496,LD-07-21-16818,Radley Run Country Club Clubhouse Improvements,2021/08/12 10:43:48+00,2021/07/13 10:53:50+00,2021/12/06 00:00:00+00,2022/02/08 00:00:00+00,97.28,1,8000,Commercial,Sports/Recreation ,1,,,,0,,,0,97f441d7-b626-45e2-bd7a-94a16ff52fbb,PR-005394-2021,2021,"Proposed 8,000 SF golf house building",PR-005394-2021,Radley Run Country Club Clubhouse,4320733.91533604,15917.8305513871
497,LD-07-21-16824,Traditions of America,2021/08/12 00:00:00+00,2021/07/16 12:21:55+00,,,104.5,148,0,Residential,Single Family Residential,146,Age Restricted,Residential,Single Family Residential,1,Residential,Single Family Residential,1,14ff2f93-a4ed-4336-ae98-1eeaa3ea1e59,PR-005467-2021,2021,146 Age Restricted SFR,PR-005467-2021,Traditions of America,8008375.58022375,19749.4250283177
498,LD-07-21-16830,Odessa Development & Northern Relief Road,2021/09/07 16:05:36+00,2021/08/09 13:08:31+00,,,14.01,182,0,Residential,Townhouse,182,, ,,0,,,0,e7a9eb83-3aae-429a-9ed5-92b137c26b32,PR-005268-2020,2021,"182 Townhouse units & 199 units in Apartment building, and parking proposed for 422 vehicles",PR-005268-2020,Odessa Development & Northern Relief Road ,603548.723773434,4042.1065324399
499,LD-07-21-16831,Phoenix Wheel,2021/08/24 11:37:41+00,2021/07/26 13:55:06+00,,,1,1,0,Commercial,Unique,1,Sculpture, , ,0,,,0,119f081f-75d9-4d28-930c-09e25d44bfa9,PR-005469-2021,2021,Installation of the Phoenix Wheel on site.,PR-005469-2021,Phoenix Wheel,32270.61974672,953.205586740468
500,LD-07-21-16834,Great Valley School District New 5/6 Center,2021/09/01 14:30:58+00,2021/08/02 11:39:28+00,,,46.6152,2,160000,Institutional,Educational Facility,2,,,,0,,,0,9e3b5652-d272-4b11-9997-78bd9210918c,PR-005472-2021,2021,"Proposed 160,000 square foot 5th/6th grade school building",PR-005472-2021,GVSD New 5/6 Center,1984129.92313892,8566.31181250823
501,LD-07-21-16836,Ship Run (Phase 2),2021/08/26 10:54:40+00,2021/07/28 14:21:16+00,2022/08/24 00:00:00+00,2022/09/09 00:00:00+00,18.936,69,5590,Commercial,Convenience Store,1,,Residential,Townhouse,68,,,0,2fdd6d8d-b2c4-454e-b10c-53d51ba7e247,PR-005393-2021,2021,"Convenience store with automotive fuel service, and 68 townhouse units.",PR-005393-2021,Ship Run,4177897.10813886,9523.64671645583
502,LD-07-21-16837,Coventry Chase Townhomes (Painter Tract B),2021/08/11 00:00:00+00,2021/07/27 14:59:23+00,,,42.3,112,0,Residential,Townhouse,112,,,,0,,,0,2932bab6-737e-4971-ac1b-7e2bf3c72f5c,PR-005470-2021,2021,proposed 112 townhomes,PR-005470-2021,Coventry Chase Townhomes (Painter Tract B),1832474.37581893,6549.57561626627
503,LD-07-22-17259,NSEC Sports Complex,2022/08/05 00:00:00+00,2022/07/07 09:16:46+00,,,24.76,2,245000,Commercial,Sports/Recreation ,1,,Commercial,Hotel/Resort/Inn,1,,,0,447fe190-aecb-42d0-b91b-9d05ea7eded0,PR-005651-2022,2022,"proposed 245,000 SF sports building",PR-005651-2022,NSEC Sports Complex,1062918.1291344,5419.54956461334
504,LD-07-22-17265,Jenner's Commons Minor Land Development,2022/07/27 00:00:00+00,2022/07/19 15:15:09+00,,,7.3,1,0,Commercial,Parking Lot/Garage,1,, , ,0,,,0,171d903b-ccd4-498b-a446-fc1b958c5eb7,PR-005654-2022,2022,Proposed driveway connection between Jenner's Commons parking lot and Waltman Way.,PR-005654-2022,Jenner's Commons - Minor Land Development,300422.462379002,2326.83096124488
505,LD-07-22-17275,CCIU Toddler Center,2022/08/01 00:00:00+00,2022/07/19 10:52:22+00,2023/03/09 00:00:00+00,2023/03/14 00:00:00+00,18.8,2,3300,Institutional,Educational Facility,2,,,,0,,,0,53a8dcd8-7dd6-4cb6-bc7c-4dd09a37cffb,PR-005658-2022,2022,"Proposed 3,300 SF bldg.",PR-005658-2022,Proposed Toddler Center,1303795.98766804,7855.241043968
506,LD-07-22-17279,DROGGS MMA Facility,2022/08/19 00:00:00+00,2022/08/01 10:50:31+00,2023/05/19 00:00:00+00,2023/06/13 00:00:00+00,3.69,1,6000,Commercial,Sports/Recreation ,1,,,,0,,,0,0fee5ee4-3490-4780-b4b6-647b312be041,PR-005661-2022,2022,"proposed 6,000 SF facility",PR-005661-2022,DROGGS MMA Facility,141520.390271398,1498.56217214722
507,LD-07-22-17286,Buckwalter LD,2022/08/11 00:00:00+00,2022/07/26 11:22:27+00,2022/11/07 00:00:00+00,2023/03/21 00:00:00+00,0.64,4,0,Residential,Twin,4,,,,0,,,0,d306cc21-5da0-418e-ae55-b31ba982ea6c,PR-005668-2022,2022,Project proposes two two family duplexes with associated driveway and utilities in Spring City Borough,PR-005668-2022,Buckwalter LD,21216.8892542408,613.980179203012
508,LD-07-23-17737,Chucktown LLC,2023/07/26 00:00:00+00,2023/07/11 13:22:23+00,,,0.79,1,5100,Commercial,Office Building,1,Flex space office/warehouse, , ,0,,,0,bf1e6676-6b0f-4e39-ac95-b8648774ca62,PR-005855-2023,2023,"5,100 SF building. Office/Warehouse",PR-005855-2023,"Chucktown, LLC",36764.0263686718,863.066869925168
509,LD-07-23-17739,Honey Brook Community Library,2023/08/03 00:00:00+00,2023/07/10 14:34:23+00,2024/04/01 00:00:00+00,2024/04/18 00:00:00+00,2.2,1,3759,Institutional,Addition to Existing,1,,,,0,,,0,de4fccc2-c064-44fc-bd4e-d48b6c41205a,PR-005856-2023,2023,"3,759 SF building addition. Preliminary / Final Land Development Plan for Honey Brook Community Library",PR-005856-2023,Honey Brook Community Library,96701.9899393157,1289.49711895809
510,LD-07-23-17749,Longwood Gardens Terrace Accessory Concession/Restroom Building,2023/08/10 00:00:00+00,2023/07/18 12:43:00+00,2023/08/07 00:00:00+00,2024/01/29 00:00:00+00,315.1,1,1564,Commercial,Unique,1,,,,0,,,0,2c772256-c420-4ec4-9182-a324c7d29963,PR-005860-2023,2023,Terrace Concession/Restroom Building,PR-005860-2023,Longwood Gardens Terrace Concession/Restroom Bldg,13526221.3950958,15859.0016139265
511,LD-07-23-17751,Beaver Creek Elementary School,2023/08/15 00:00:00+00,2023/07/18 09:52:42+00,2024/01/02 00:00:00+00,2024/05/14 00:00:00+00,13.91,1,26544,Institutional,Addition to Existing,1,3 building additions to school,,,0,,,0,46809ff9-d46e-48f4-a039-efea8db7b2b8,SUB-11445,2023,"3 bldg additions, 26,544 SF and parking. Preliminary & Final Land Development Plan of Beaver Creek Elementary",SUB-11445,BEAVER CREEK ELEMENTARY SCHOOL LD,576538.174552748,3080.18794393914
512,LD-07-23-17752,Thoroughbred Drive (Kimberton Valley Homes Phase III),2023/08/21 00:00:00+00,2023/07/27 11:40:29+00,2023/09/05 00:00:00+00,2024/07/03 00:00:00+00,10.51,3,0,Residential,Single Family Residential,3,,,,0,,,0,4d50e3da-3d7d-4386-85a7-54b8c6cf76ad,PR-005861-2023,2023,3 proposed SFR on 3 existing parcels. Construct single family dwellings on 3 lots from approved subdivision.,PR-005861-2023,Thoroughbred Drive,105014.769473557,1441.68651126586
513,LD-07-23-17753,Eagleview Town Center II - Phase 3,2023/08/11 00:00:00+00,2023/07/14 12:14:03+00,,,3.29,1,40500,Commercial,Office Building,1,,,,0,,,0,6a6edb1e-9ad2-4676-9bdd-b1ceea55d5e7,PROJ-2103,2023,"1 proposed bldg, 40,500 SF and parking. Eagleview Town Center II - Phase 3",PROJ-2103,Eagleview Town Center,146605.902728322,1611.92764335274
514,LD-07-23-17754,Bridge & Main LLC,2023/08/11 00:00:00+00,2023/07/18 13:43:48+00,2024/05/14 00:00:00+00,2024/06/11 00:00:00+00,0.12,7,0,Residential,Apartment,7,, ,,0,,,0,f884db04-5d73-4ad7-b64a-031d887e3495,PR-005779-2023,2023,"7 proposed apartments. The plan and project propose to renovate and build additions to existing structures. The existing building shall remain unchanged from the exterior. Visible from Bridge Street and Main Streets, a new fourth floor is proposed to be constructed. Partially visible from Main Street and visible from Price Street, a new partial second and third floor addition is proposed. The project proposes to add seven (7) new residential spaces to the existing five (5).",PR-005779-2023,Bridge & Main LLC,5393.90572001768,295.007818920709
515,LD-07-23-17760,Kendall Longwood Health Center,2023/08/11 00:00:00+00,2023/07/21 16:19:03+00,2024/03/20 00:00:00+00,2024/03/28 00:00:00+00,122.55,19,0,Institutional,Nursing Home/Assisted Living,19,,,,0,,,0,83cbb1df-63b2-44c9-9d4f-430cf0ee0b85,PR-005862-2023,2023,Building addition that will contain an additional 19 Independent Living Apartments.,PR-005862-2023,Kendal Longwood Health Center,5212153.04599724,10126.7308778537
516,LD-07-23-17761,GVCC Residential Development,2023/08/23 00:00:00+00,2023/07/24 16:24:38+00,2024/12/11 00:00:00+00,2024/12/17 00:00:00+00,14.58,400,0,Residential,Apartment,400,,,,0,,,0,fdcd5ddb-82bf-44d9-b3ad-eb70be52f987,PR-004425-2016,2023,400 unit multifamily apartment community (including 170 age restricted units) within 3 multistory buildings.  Refer to SA-07-23-17763 for concurrent lot consolidation plan.,PR-004425-2016,GVCC Mixed Use Development,473266.121919978,3702.96284164027
517,LD-07-23-17762,715 Pike Springs Road,2023/08/11 00:00:00+00,2023/07/21 10:42:47+00,2025/05/21 00:00:00+00,2025/06/20 00:00:00+00,2.64,1,10032,Commercial,Child Daycare,1,,,,0,,,0,6f196f0c-3aaa-4ccf-91c0-5543afde4b9b,PR-005863-2023,2023,new 10032 sq ft daycare facility,PR-005863-2023,715 Pike Springs Road,116799.647329039,1664.51837033506
518,LD-07-24-18168,Culberston Village,2024/08/14 00:00:00+00,2024/08/02 11:21:13+00,2024/08/15 00:00:00+00,2024/09/25 00:00:00+00,4.735,3,32110,Institutional,Child Daycare,1,,Commercial,Office Building,2, , ,0,7676bf13-36ca-47e7-b34e-17847623d5ae,PR-006026-2024,2024,Amendment to Existing Approved Land Development Application.,PR-006026-2024,Culberston Village,206872.825757335,2021.21683921887
519,LD-07-24-18174,"Westtown AM West TIC, LLC",2024/08/21 00:00:00+00,2024/07/22 13:24:02+00,2025/02/18 00:00:00+00,2025/02/25 00:00:00+00,18.45,1,3294,Commercial,Bank,1,,,,0,,,0,c38785f7-6633-404f-950b-34aa2c2e1c0b,PR-006028-2024,2024,Proposed Bank with drive thru and other improvements,PR-006028-2024,Westtown AM West TIC LLC,805214.351025038,4166.93564818423
520,LD-07-24-18180,Taylor North East Overflow Storage Yard,2024/08/21 00:00:00+00,2024/08/19 14:29:44+00,2025/03/10 00:00:00+00,2025/03/13 00:00:00+00,6.75,1,0,Commercial,Parking Lot/Garage,1,overflow yard storage,,,0,,,0,dac1f1ce-08f8-4226-926b-a7b9a882f8b5,PR-006032-2024,2024,Taylor North East Overflow - Storage Yard (outdoor equipment storage area),PR-006032-2024,Taylor Northeast Overflow Storage Yard,277795.982166572,2117.80288660626
521,LD-07-24-18187,The Valley Creek Active Adult Community,2024/08/29 00:00:00+00,2024/08/05 13:40:07+00,2025/03/26 00:00:00+00,2025/09/29 00:00:00+00,100.5,317,0,Residential,Single Family Residential,96,,Residential,Townhouse,123,Residential,Twin,98,ae8a6f54-f09d-4bb0-ad5c-22a231cc28c6,PR-006034-2024,2024,Age-restricted active adult community.  Refer to SD-08-24-18191 for concurrent lot consolidation plan.,PR-006034-2024,Valley Creek Active Adult Community,4270199.15382859,9480.04056809399
522,LD-07-25-18590,Westtown School - Dining Hall Project,2025/08/01 00:00:00+00,2025/07/02 09:19:25+00,,,170.5,1,23600,Institutional,School,1,,,,0,,,0,33a2bc0d-1b19-41ce-9f23-d70421b467e3,PR-006213-2025,2025,"Construction of a new 23,600 SF dining hall building (to replace the dining hall located in the main building) and a two-way roadway extension connecting the new building to W School Lane. The new building will be serviced by the campus water system and public sewer.",PR-006213-2025,Westtown School - Dining Hall Project,6626561.9877758,10903.6617463681
523,LD-07-25-18596,188 Scotts La.,2025/08/27 00:00:00+00,2025/07/30 15:00:44+00,,,24.4,6,133500,Industrial,Addition to Existing,2,,Industrial,Warehouse,4,,,0,63e329f4-bf4f-462c-958a-4eb58be9205a,PR-006215-2025,2025,"4 bldgs = 99,000sf & 2 bldg additions = 34,500",PR-006215-2025,188 Scotts La.,1035840.47426171,4888.95029472486
524,LD-07-25-18597,The Dairy Barn and Residences at Benjamin Farms,2025/08/20 00:00:00+00,2025/07/21 16:01:48+00,,,3.1,56,0,Residential,Apartment,55,,Commercial,Restaurant,1,,,0,a24b1ed5-26ff-47d3-8594-1af4948a24de,PR-006216-2025,2025,"Construction of 55 apt units, and convert existing historic barn into an ice cream shop.",PR-006216-2025,The Dairy Barn and Residences at Benjamin Farms,133486.277087622,1712.71685240537
525,LD-07-25-18604,Exton Market Realty LLC,2025/08/27 00:00:00+00,2025/07/28 15:32:45+00,,,3,2,21748,Commercial,Retail,1,,Commercial,Restaurant,1,,,0,df2df966-ec3f-4525-b7db-a28b508bef78,PR-006218-2025,2025,"2 proposed COM buildings (retail & restaurant), 21,748 SF",PR-006218-2025,Exton Market Realty LLC,131698.966229586,1646.86875227133
526,LD-08-17-15041,Vanguard Malvern West Expansion,2017/08/30 00:00:00+00,2017/08/07 15:07:21+00,2018/03/14 00:00:00+00,2018/04/06 00:00:00+00,84.21,2,480000,Commercial,Office Building,2,,,,0,,,0,826293c2-70ca-469a-8ad2-95435891462a,PR-004618-2017,2017,"Two proposed office buildings and parking, in 2 phases",PR-004618-2017,Vanguard Malvern West Expansion,3585351.83654429,9417.55558241346
527,LD-08-17-15045,"Stoltzfus Trailer Sales, Inc.",2017/08/29 00:00:00+00,2017/08/10 00:00:00+00,2017/12/04 00:00:00+00,2017/12/05 00:00:00+00,2,1,13750,Commercial,,1,,,,0,,,0,4453b1ef-30b4-4073-83b1-1088d83d54c3,PR-004534-2017,2017,proposed building and parking,PR-004534-2017,Stoltzfus Trailer Sales,86823.3398489366,1209.2481449462
528,LD-08-17-15047,F. Brian Forcine,2017/09/06 00:00:00+00,2017/08/11 00:00:00+00,,,10.48,1,7500,Industrial,Warehouse,1,,,,0,,,0,23e76eb5-4247-43a3-b342-512bfe368df9,PR-004619-2017,2017,proposed building (sketch plan),PR-004619-2017,F. Brian Forcine,464568.549847022,3026.69944403372
529,LD-08-17-15048,Media Mennonite Church,2017/08/28 09:53:33+00,2017/08/11 00:00:00+00,2018/10/09 00:00:00+00,2018/11/29 00:00:00+00,24.86,1,28190,Institutional,Religious Organization,1,,,,0,,,0,d815b13c-3a08-4e86-ad36-332bf063b923,PR-004620-2017,2017,Proposed building and parking (existing house to remain),PR-004620-2017,Media Mennonite Church,1063443.83108551,4990.53412083469
530,LD-08-17-15049,Daleville Compressor Station,2017/09/01 00:00:00+00,2017/08/11 00:00:00+00,2017/10/24 00:00:00+00,2017/11/20 00:00:00+00,37,4,10010,Institutional,Utility,4,,,,0,,,0,1a88c91d-4dfc-4e59-b558-b80ecc4fe024,PR-004621-2017,2017,4 proposed buildings (no water or sewer),PR-004621-2017,Daleville Compressor Station,1313638.4244277,5408.96118948228
531,LD-08-17-15051,825 E. Lancaster Avenue,2017/09/06 00:00:00+00,2017/08/11 00:00:00+00,2018/08/15 00:00:00+00,2018/08/16 00:00:00+00,5.04,40,0,Residential,Townhouse,40,,,,0,,,0,cb14b1c1-16f1-4a7b-bef0-f8f15e7a159b,PR-004622-2017,2017,"Proposed: 40 townhouses, parking, and roads",PR-004622-2017,825 E. Lancaster Avenue,211770.40717215,2017.39787159983
532,LD-08-17-15053,NWCCMA Land Development,2017/09/11 00:00:00+00,2017/08/14 00:00:00+00,2017/09/13 00:00:00+00,2017/12/11 00:00:00+00,16.81,1,960,Commercial,Office Building,1,,,,0,,,0,21cce09a-195d-42a2-a3bb-4d3fe66598d8,PR-004623-2017,2017,Proposed:1 building and parking,PR-004623-2017,NWCCMA Land Development,675346.797725025,3516.483877999
533,LD-08-17-15068,Eagleview Lot 24,2017/09/15 00:00:00+00,2017/08/23 00:00:00+00,2020/02/10 00:00:00+00,2020/03/03 00:00:00+00,22.32,289,0,Residential,Apartment,84,Assisted Living,Residential,Apartment,205,,,0,784965f4-d762-48ac-b86e-4b19c8e891e6,PR-004628-2017,2017,289 unit planned life care facility (84 assisted living units and 117 independent living units),PR-004628-2017,Eagleview Lot 24,960188.843127358,5812.05787263763
534,LD-08-17-15072,"Renehan Realty, LLC",2017/09/14 00:00:00+00,2017/08/28 14:52:28+00,2019/10/02 00:00:00+00,2019/10/08 00:00:00+00,0.35,1,0,Commercial,Parking Lot/Garage,1,,,,0,,,0,aecb8962-da15-41a1-9fc6-aba50b0f9c3d,PR-004630-2017,2017,proposed parking,PR-004630-2017,"Renehan Realty, LLC",13990.6539425112,485.218517495722
535,LD-08-17-15077,Bawa Fellowship,2017/09/22 00:00:00+00,2017/08/30 00:00:00+00,,,108.38,3,28290,Institutional,Religious Organization,3,,,,0,,,0,fa32aeb5-d680-4f0e-8f00-834a28d01b06,PR-004633-2017,2017,"3 proposed buildings (church and 2 garages), a road and parking",PR-004633-2017,Bawa Fellowship,4441706.38241914,12943.2561514012
536,LD-08-18-15534,Exton Elementary School Expansion,2018/08/23 00:00:00+00,2018/08/03 00:00:00+00,2018/09/12 00:00:00+00,2018/11/07 00:00:00+00,16.5,1,7885,Institutional,Addition to Existing,1,,,,0,,,0,8f077efb-2a00-468a-8abd-d9584a3a3544,PR-004878-2018,2018,Proposed building addition,PR-004878-2018,Exton Elementary School Expansion,537950.721429576,3047.23459865785
537,LD-08-18-15538,476 Chesterville Road,2018/08/24 11:08:57+00,2018/08/07 11:37:41+00,2018/09/06 00:00:00+00,2018/12/13 00:00:00+00,19.36,1,0,Residential,Single Family Residential,1,,,,0,,,0,c20d2b53-9c7b-4ca6-af78-944f04fe176a,PR-004882-2018,2018,Proposed dwelling on existing parcel,PR-004882-2018,476 Chesterville Road,817729.111626455,3729.95474256707
538,LD-08-18-15547,The Meadows,2018/08/28 00:00:00+00,2018/08/13 00:00:00+00,,,21.85,1,31198,Commercial,Office Building,1,,,,0,,,0,c3ef6603-f9be-4bf1-ad57-1ec953aac0e3,PR-004883-2018,2018,Proposed building and parking,PR-004883-2018,The Meadows,915612.253205139,4176.08202918409
539,LD-08-18-15548,"Proposed Performing Arts Center, Collegium Charter School",2018/08/24 00:00:00+00,2018/08/13 00:00:00+00,2018/12/12 00:00:00+00,2019/12/02 00:00:00+00,6.32,1,18018,Institutional,Addition to Existing,1,,,,0,,,0,36fd8be4-af82-40fe-8c8f-6946c5760b08,PR-004884-2018,2018,Proposed building addition (school) and parking,PR-004884-2018,Collegium Charter School,267613.720285408,2126.61253912348
540,LD-08-18-15557,"1720 W. Chester Pike, L.P.",2018/09/13 00:00:00+00,2018/08/17 00:00:00+00,2020/07/27 00:00:00+00,2020/07/29 00:00:00+00,23.87,39,0,Residential,Townhouse,39,,,,0,,,0,6170f191-8f28-483f-9929-50d3b3e6cd3e,PR-004889-2018,2018,"39 Townhouses, roads, parking and open space",PR-004889-2018,"1720 W. Chester Pike, L.P.",1035855.59930099,5171.18358470815
541,LD-08-18-15558,Premier Motor Group,2018/08/24 13:33:27+00,2018/08/20 13:22:46+00,2019/03/06 00:00:00+00,2019/04/17 00:00:00+00,1.69,1,0,Commercial,Parking Lot/Garage,1,,,,0,,,0,d56c64ac-d82d-46fc-ba95-1993f57126ac,PR-004890-2018,2018,Proposed parking lot for car dealer,PR-004890-2018,Premier Motor Group,48838.6986282824,1106.37692254631
542,LD-08-18-15562,DE Storage Avondale,2018/09/06 13:43:43+00,2018/08/21 11:31:08+00,2019/05/20 00:00:00+00,2019/12/18 00:00:00+00,10.37,5,64400,Commercial,Unique,4,,Commercial,Office Building,1,,,0,98c42842-abee-4c7d-b7cb-af8d1300576a,PR-004893-2018,2018,5 proposed buildings (4 self-storage & 1 office) and parking,PR-004893-2018,DE Storage Avondale,429223.112139966,2633.64378211197
543,LD-08-18-15566,French Creek West Development,2018/09/18 00:00:00+00,2018/08/23 00:00:00+00,2021/09/08 00:00:00+00,2021/09/16 00:00:00+00,63.58,550,0,Residential,Townhouse,310,,Residential,Apartment,240,,,0,71476338-8118-44d4-abcf-ff202296bafb,PR-004770-2018,2018,"310 THS, 240 APT, roads, parking and open space",PR-004770-2018,French Creek West,2313043.99995667,17757.4265439953
544,LD-08-18-15571,Tague Lumber,2018/09/24 00:00:00+00,2018/08/30 00:00:00+00,2024/01/16 00:00:00+00,2024/01/30 00:00:00+00,9.03,1,4100,Industrial,Retail,1,,,,0,,,0,56c2180b-89c2-4443-ac1c-c6f62cc0bfd6,PR-004895-2018,2018,one proposed building and lumber racks,PR-004895-2018,Tague Lumber,442949.281581388,7931.66446664809
545,LD-08-18-15572,Smith Property,2018/09/17 14:19:02+00,2018/08/30 00:00:00+00,,,21.24,75,0,Residential,Single Family Residential,75,footprint lots,,,0,,,0,5f03c0fb-7a01-47c7-8b06-335725473f57,PR-004842-2018,2018,"75 SFR (footprint lots), roads and parking on 3 parcels",PR-004842-2018,Smith Property,943655.955420406,4464.1015180792
546,LD-08-19-16020,"Golden Lion Tamarin, LLC",2019/08/21 14:01:50+00,2019/08/05 00:00:00+00,,,1.67,4,0,Residential,Townhouse,4,, , ,0,,,0,23525344-6e3d-49dc-8af6-184b5768ee9a,PR-005113-2019,2019,4 Townhouses proposed,PR-005113-2019,"Golden Lion Tamarin, LLC",68679.3065284838,1100.18011576637
547,LD-08-19-16022,Lofts at State Street,2019/09/03 10:09:38+00,2019/08/05 00:00:00+00,2021/09/17 00:00:00+00,2021/09/22 00:00:00+00,2.35,187,0,Residential,Apartment,187,,,,0,,,0,ba466d48-3dce-48ba-bb11-fe63e696174f,PR-005114-2019,2019,187 Apartments proposed in 4 buildings and parking,PR-005114-2019,Lofts at State Street,103509.061458416,2337.57504779597
548,LD-08-19-16026,Westrum Phoenixville Luxor ,2019/09/11 10:26:27+00,2019/08/12 00:00:00+00,2020/09/11 00:00:00+00,2020/09/14 00:00:00+00,4.09,204,0,Residential,Apartment,204,,,,0,,,0,485f5477-d4ab-4b2a-80f6-e03fe4882d8b,PR-005116-2019,2019,204 Apartments and parking proposed,PR-005116-2019,Westrum Phoenixville Luxor ,178599.149103467,1865.63988776627
549,LD-08-19-16044,Boot Road North Park,2019/09/16 00:00:00+00,2019/08/29 11:16:39+00,2019/11/26 00:00:00+00,2020/02/26 00:00:00+00,31.59,1,0,Institutional,Park,1,,,,0,,,0,b4506cba-d470-4fcc-8fc4-7114e2add0d1,PR-005124-2019,2019,"Park with two baseball fields, pavilion, sidewalks, restrooms and parking",PR-005124-2019,Boot Road North Park,1172532.95459636,5759.10158809091
550,LD-08-20-16428,Former Ruth S. Coldiron Subdivision,2020/08/07 00:00:00+00,2020/07/30 00:00:00+00,2020/10/19 00:00:00+00,2020/11/09 00:00:00+00,2.37,6,0,Residential,Single Family Residential,6,,,,0,,,0,382166f7-36e9-424a-b1f7-b94265649ff3,PR-005299-2020,2020,"6 lots to 6 lots, SFR",PR-005299-2020,Former Ruth S. Coldiron Subdivision,97477.5770614005,1401.99426979753
551,LD-08-20-16429,Daniel K. Fisher,2020/08/17 00:00:00+00,2020/08/03 00:00:00+00,2020/09/09 00:00:00+00,2020/11/10 00:00:00+00,10.4,1,5000,Industrial,Unique,1,,,,0,,,0,0077cc42-c256-4aca-830f-a197306b7362,PR-005300-2020,2020,"proposed 5,000 SF building with parking",PR-005300-2020,Daniel K. Fisher,883332.174480221,4256.71139684503
552,LD-08-20-16431,"Berwyn Square, 578 Lancaster Avenue, 4 Midland Avenue, 5 Woodside Avenue",2020/09/04 00:00:00+00,2020/08/07 11:30:00+00,,,1.61,116,0,Residential,Apartment,116,,,,0,,,0,a255578b-8bbe-4d3c-971f-8e5c1409fc51,PR-005301-2020,2020,proposed 116 apts,PR-005301-2020,"578 Lancaster Ave, 4 Midland Ave, 5 Woodside Ave",71804.1036749378,1723.00034908335
553,LD-08-20-16436,Student Union Building and Tennis Courts,2020/09/03 00:00:00+00,2020/08/10 00:00:00+00,2021/06/10 00:00:00+00,2021/06/17 00:00:00+00,45.8,1,16742,Institutional,School,1,,,,0,,,0,52a9e020-d05d-4c2b-8aec-d274b18009ec,PR-005303-2020,2020,"Villa Maria Academy - proposed 16,742 square foot  Student Union building, and relocate 5 tennis courts",PR-005303-2020,Student Union Building,1870240.69774945,7138.80049291597
554,LD-08-20-16442,BAW Group - 252 Morgan Street,2020/09/01 15:54:37+00,2020/08/12 13:08:21+00,,,1.05,18,0,Residential,Apartment,18,,,,0,,,0,6f2a765e-d8ed-4353-a057-b9002f7b3679,PR-005304-2020,2020,"proposed 2 buildings, 18 apartment units with 59 parking spaces",PR-005304-2020,BAW Group - 252 Morgan Street,45492.5152623362,853.05193624404
555,LD-08-20-16447,514 Lapp Road,2020/09/18 00:00:00+00,2020/08/19 11:37:48+00,2021/01/13 00:00:00+00,2021/07/22 00:00:00+00,2.73,1,11150,Industrial,Warehouse,1,,,,0,,,0,f373154e-0b26-436d-9e77-60228325b465,PR-005305-2020,2020,"proposed 11,150 SF Ind bldg.",PR-005305-2020,514 Lapp Road,115654.778520692,1439.34315413502
556,LD-08-20-16450,Phoenixville Fire Station,2020/09/16 00:00:00+00,2020/08/21 00:00:00+00,2021/07/14 00:00:00+00,2021/07/16 00:00:00+00,7.2,1,22760,Institutional,Emergency Services,1,,,,0,,,0,2c6e6088-da75-4685-a833-028642e6872f,PR-005306-2020,2020,"proposed 22,760 SF Fire Station",PR-005306-2020,Phoenixville Fire Station,238409.435281494,5757.43201300242
557,LD-08-21-16842,Jaguar Land Rover West Chester,2021/09/01 10:41:21+00,2021/08/02 12:35:17+00,2021/09/14 00:00:00+00,2021/11/15 00:00:00+00,4.292,1,21341,Commercial,Retail,1,Car Dealership,,,0,,,0,f2392d91-4aa5-42c8-bbfc-5dd296bab0bc,PR-005473-2021,2021,"proposed 21,341 SF retail - car dealership",PR-005473-2021,Jaguar Land Rover West Chester,201718.885086371,2035.45896821933
558,LD-08-21-16852,"Armstrong Engineering Associates, Inc. Facilities Addition",2021/09/03 00:00:00+00,2021/08/09 09:30:28+00,2022/02/09 00:00:00+00,2022/08/16 00:00:00+00,28.912,1,11040,Industrial,Addition to Existing,1,,,,0,,,0,8cce3525-b487-40ae-94be-02a9718ffdf9,PR-005475-2021,2021,"Proposed 11,040 S.F. building expansion",PR-005475-2021,"Armstrong Engineering Associates, Inc.",1262634.76716073,5804.56796030523
559,LD-08-21-16853,Daniel's Way,2021/08/25 00:00:00+00,2021/08/05 11:10:51+00,,,2,12,0,Residential,Townhouse,12,,,,0,,,0,96058ec9-6344-44a4-8a0d-d859d05e207f,PR-005476-2021,2021,Daniel's Way  - 23 New Townhomes previously sub-divided,PR-005476-2021,Daniels Way,63453.796525247,1598.51390014823
560,LD-08-21-16855,"Stanberry West Goshen, LLC",2021/09/03 12:49:50+00,2021/08/13 00:00:00+00,2022/06/21 00:00:00+00,2022/08/04 00:00:00+00,16.98,3,26396,Commercial,Retail,2,,Commercial,Restaurant,1,,,0,b9eac90f-93b6-4225-96ff-a0d2a21a2aa8,PR-005428-2021,2021,"3 commercial buildings totaling 26,396 SF",PR-005428-2021,"Stanberry West Goshen, LLC",695874.864772,4810.810430756
561,LD-08-21-16857,Trestle View Village,2021/08/25 00:00:00+00,2021/08/06 15:52:35+00,2024/08/19 00:00:00+00,2024/08/29 00:00:00+00,5.52,66,0,Residential,Townhouse,65,,Residential,Single Family Residential,1,,,0,16506eaf-8f47-40ab-99f3-49bb43d9f058,PR-005477-2021,2021,65 Townhouses and 1 SFR proposed,PR-005477-2021,Trestle View Village,249208.512545268,2590.27295005344
562,LD-08-21-16860,Nuri Heckrotte,2021/09/07 11:27:35+00,2021/08/05 12:44:40+00,,,4.2,1,0,Commercial,Unique,1,,,,0,,,0,cd5fc76d-b7cc-4671-b50e-b8e4c1e99542,PR-005491-2021,2021,parking lot improvements,PR-005491-2021,Nuri Hickrotte,177232.519464789,1823.66428473495
563,LD-08-21-16869,140 Dawson Road for Deckman Motor and Pump,2021/10/08 10:53:02+00,2021/10/08 15:27:56+00,2024/05/01 00:00:00+00,2024/05/07 00:00:00+00,2,1,5880,Commercial,Office Building,1,,,,0,,,0,81c4b1d2-fa42-4a88-a369-ca4ffd531041,PR-005486-2021,2021,proposed 5880 S.F. building,PR-005486-2021,140 DAWSON ROAD FOR DECKMAN MOTOR AND PUMP,90314.1219467456,1597.80427515163
564,LD-08-21-16871,Eagle Systems Medical Marijuana Dispensary,2021/09/17 14:00:54+00,2021/09/03 08:58:03+00,2022/02/16 00:00:00+00,2022/02/17 00:00:00+00,0.77,1,4200,Commercial,Medical Building,1,Medical Marijuana Dispensary, ,,0,,,0,e3cd735d-3ed8-4aec-a92e-5b24d3eb700b,PR-005482-2021,2021,"4,200 S.F. Medical Marijuana Dipsensary w/19 parking spaces",PR-005482-2021,Eagle Systems,34495.8077450955,880.115683301732
565,LD-08-21-16876,"Berwyn Square Mixed-Use Building, 578 Lancaster Avenue, 4 Midland Avenue, 5 Woodside Avenue",2021/09/24 09:32:26+00,2021/08/26 16:32:27+00,,,1.61,109,4145,Residential,Apartment,107,,Commercial,Retail,2,,,0,6c5f5e1c-10d8-4189-b144-3485ce41d5b0,PR-005301-2020,2021,"The Applicant proposes to consolidate three existing lots and redevelop the consolidated lot with a 129,000 Sq. Ft. multi-story mixed use building consisting of 107 multi-family units and 2 commercial units.",PR-005301-2020,"578 Lancaster Ave, 4 Midland Ave, 5 Woodside Ave",71804.1036749378,1723.00034908335
566,LD-08-21-16878,708 East Union Street,2021/11/05 12:53:45+00,2021/10/18 11:30:59+00,2022/04/19 00:00:00+00,2022/06/06 00:00:00+00,1.984,1,3640,Commercial,Unique,1,truck repair building,,,0,,,0,8ac97f00-b480-4da0-94ac-8536c3c9d297,PR-005489-2021,2021,"Proposed 3,640 S.F. building",PR-005489-2021,708 E Union Street,83392.5478730534,1629.25804214785
567,LD-08-21-16881,506 Park Road and 150 S. Wall Street,2021/09/03 11:38:33+00,2021/08/09 00:00:00+00,,,5.508,14,0,Residential,Townhouse,14,, , ,0,,,0,d82d5c05-f1b8-41d6-8164-ca1e63d67998,PR-005479-2021,2021,Subdivision and Land Development of two existing tracts to create 14 new townhouses and retain 2 existing single family dwellings.,PR-005479-2021,506 Park Road & 150 South Wall Street,222795.950256389,2624.87541759913
568,LD-08-21-16884,Palita Automotive,2021/10/05 09:19:24+00,2021/09/21 12:58:30+00,2024/05/29 00:00:00+00,2024/05/29 00:00:00+00,1.173,1,2520,Commercial,Unique,1,Addition to existing, ,,0,,,0,fa55a0fd-b38a-4cbf-8246-a5b9c90ed5b1,SUB-11210,2021,"2,520 building addition to existing for Automotive repair facility",SUB-11210,"GOODMAN, CANTRELL AND PALITA",46283.3654981256,880.848706809768
569,LD-08-22-17292,Colonial Hyundai Land Development,2022/08/24 00:00:00+00,2022/08/03 11:00:19+00,2023/12/15 00:00:00+00,2023/12/19 00:00:00+00,3.06,2,4265,Commercial,Retail,2,,,,0,,,0,79f6cc3b-737a-4636-a92c-bc3a920c2916,PR-005670-2022,2022,"Refurbish existing building on 2 tax parcels and additions, building addition 4,265 SF",PR-005670-2022,Lincoln Highway Colonial Hyundai,133744.465464814,1550.11657241528
570,LD-08-22-17304,1035 Saunders Lane,2022/08/30 00:00:00+00,2022/08/04 10:02:59+00,,,4.39,2,27056,Industrial,Unique,2,1 new building and 1 building addition,,,0,,,0,5cb04c3d-3e6a-41dd-8467-687eabbe7d7d,PR-005125-2019,2022,2 proposed buildings and parking,PR-005125-2019,1035 Saunders Lane,164616.561621939,1726.33306060352
571,LD-08-22-17313,"Whitford Property, Inc.",2022/09/02 00:00:00+00,2022/08/11 11:07:04+00,2023/02/22 00:00:00+00,2024/04/03 00:00:00+00,3.24,1,5585,Commercial,Convenience Store,1,,,,0,,,0,e12e4575-af13-4fa0-ba7b-e7df31ff7182,PR-005675-2022,2022,Reverse subdivision/lot consolidation of 2 lots into 1 lot. Demolition of existing Sunoco gas station and land development of Wawa convenience store with fuel service.,PR-005675-2022,"Whitford Property, Inc.",173200.965374675,2245.65498440002
572,LD-08-22-17319,"414 Property Group, LLC",2022/09/09 00:00:00+00,2022/08/15 09:56:34+00,,,0.22,20,0,Residential,Apartment,20,Note: The apartment building is an addition to the existing buildings. There are 3 existing retail and residential buildings on the lot, , ,0,,,0,becb4906-c697-49ea-bd6d-c4687f39da2b,PR-005676-2022,2022,"This project proposes to combine four (4) parcels into one (1), demolish an existing mixed use (1 commercial unit, 1 residential unit) building at 245 Taylor Alley, construct a new building addition 
to create additional apartment units. This will increase the apartment units from five (5) to twenty (20.) Three (3) existing commercial uses will remain. Limited under-building parking will be provided.",PR-005676-2022,"414 Property Group, LLC",9205.89370323828,421.109836340002
573,LD-08-22-17326,Shouldice Hospital,2022/09/13 00:00:00+00,2022/08/22 15:34:05+00,,,2.525,1,3300,Institutional,Medical Building,1,,,,0,,,0,3c1b11df-ea3e-4ec9-814b-e6ac4f205cc0,PR-005678-2022,2022,"construct a 3,300 sqft building addition.",PR-005678-2022,Shouldice Hospital,114707.944528081,1372.91962115794
574,LD-08-22-17331,3246 Newark Road,2022/09/23 00:00:00+00,2022/08/26 08:59:25+00,2024/12/09 00:00:00+00,2025/06/11 00:00:00+00,6.97,4,160000,Industrial,Unique,4,Storage Building,,,0,,,0,d0b5a32e-8fff-49b7-9640-81ef89e02796,PR-005679-2022,2022,4 proposed buildings (self-storage) and the placement of a billboard,PR-005679-2022,3246 Newark Road,289330.353388704,2420.44842697952
575,LD-08-22-17335,Berwyn Fire Company,2022/09/23 00:00:00+00,2022/08/26 16:05:54+00,2023/12/18 00:00:00+00,2023/12/27 00:00:00+00,0.7,1,12040,Institutional,Emergency Services,1,,,,0,,,0,88c03bf6-e648-48fb-b8e1-821561bc700d,PROJ-3172,2022,"proposed 12,040 SF fire station",PROJ-3172,Berwyn Fire Company,47591.1380415683,914.953080121713
576,LD-08-22-17337,Rolling Meadows School,2022/09/02 00:00:00+00,2022/08/29 08:18:51+00,2023/02/22 00:00:00+00,2023/05/03 00:00:00+00,7.94,1,1758,Institutional,School,1,, , ,0,,,0,f5e77a3f-f77b-4383-a4f6-4033ac907393,PR-005680-2022,2022,"Land Development Plan for an Amish Schoolhouse  (1,408 square foot school building and a 350 square foot privy).",PR-005680-2022,Rolling Meadows School,309507.331971234,2275.7141344587
577,LD-08-22-17338,Sweet Water Woodworks,2022/09/13 00:00:00+00,2022/09/01 09:31:19+00,2023/03/16 00:00:00+00,2023/03/28 00:00:00+00,5,1,6800,Industrial,Manufacturing,1,, , ,0,,,0,dea647d1-8ae0-4d99-9cba-dff638ab2883,PR-005681-2022,2022,Proposed building and parking. Sweet Water Woodworks Rural Occupation land development plan,PR-005681-2022,Sweet Water Woodworks,207005.858961072,1829.91172640046
578,LD-08-22-17339,895 Fern Hill Road,2022/10/14 00:00:00+00,2022/09/15 12:31:52+00,2023/08/15 00:00:00+00,2023/09/21 00:00:00+00,2.21,1,13000,Industrial,Warehouse,1,,,,0,,,0,77eb2a56-cf00-4f56-a364-1d79a154364e,PR-005682-2022,2022,"Construct an additional 13,000 SF building for warehouse and office use.  Provide new parking to meet code requirements",PR-005682-2022,895 Fern Hill Road,86119.9940692682,1210.75998487039
579,LD-08-22-17341,Westrum Senior Living at West Whiteland,2022/10/14 00:00:00+00,2022/09/16 13:48:00+00,,,6.83,1,54390,Institutional,Nursing Home/Assisted Living,1,150 units & 176 beds, , ,0,,,0,68c49977-461e-4a81-bc80-16679c05a71f,PR-005683-2022,2022,"Construction of a 54,390 square foot Personal Care Facility.",PR-005683-2022,Westrum Senior Living at West Whiteland,286486.374790105,2351.28781230537
580,LD-08-22-17343,Campus Master Plan,2022/09/23 00:00:00+00,2022/08/26 18:51:56+00,,,7.2,1,29000,Institutional,Emergency Services,1,Police Station,,,0,,,0,6a3cee85-57c8-4ee1-9f13-09feea5fa594,PR-005684-2022,2022,"Preliminary/Final Land Development to construct an approx. 29,000 sqft police station with associated improvements.",PR-005684-2022,Campus Master Plan,293564.431172601,2272.0571504525
581,LD-08-22-17346,"Student Union Building, Addition & Tennis Courts",2022/09/21 00:00:00+00,2022/08/29 10:17:07+00,2023/01/03 00:00:00+00,2023/01/10 00:00:00+00,45.8,1,1579,Institutional,Addition to Existing,1,,, ,0,,,0,b348e2f0-7aa9-4802-b359-2df11f64b7c1,PR-005303-2020,2022,Land Development Plan for Tennis Courts and Physical Therapy addition,PR-005303-2020,Student Union Building,1870240.69774945,7138.80049291597
582,LD-08-22-17348,Chipotle Lionville,2022/09/21 00:00:00+00,2022/08/30 09:39:41+00,,,12.39,1,2325,Commercial,Restaurant,1,,,,0,,,0,fae2cdd0-411b-4c69-99f6-df3612e5160f,PR-005688-2022,2022,Sketch Plan,PR-005688-2022,Chipotle Lionville,545596.090153134,3174.56483714834
583,LD-08-22-17350,All-Fill Expansion,2022/09/28 00:00:00+00,2022/09/07 14:31:45+00,,,12.95,1,41000,Commercial,,1,Flex building,,,0,,,0,8e044f62-9e64-4402-862c-b93eb8af1832,PR-005689-2022,2022,Consolidate two lots into 1 and add a flex space building and parking.,PR-005689-2022,All Fill Expansion,579349.88661788,4057.49545930335
584,LD-08-23-17784,815 Paoli Pike,2023/08/30 00:00:00+00,2023/08/04 09:21:10+00,2024/10/01 00:00:00+00,2025/01/15 00:00:00+00,2.89,1,9000,Commercial,Unique,1,self-storage facility,,,0,,,0,1ebc96df-5f49-49a2-963c-04c435997915,PR-005867-2023,2023,Self-storage facility expansion with a stormwater management system.,PR-005867-2023,815 Paoli Pike,119656.272259237,1905.74252376736
585,LD-08-23-17785,Greenwood Elementary School,2023/09/14 00:00:00+00,2023/08/18 12:26:51+00,2024/12/04 00:00:00+00,2024/12/09 00:00:00+00,24.54,1,105000,Institutional,School,1,, ,,0,,,0,26fd3ef1-cf9e-4920-bd03-628c61c83446,SUB-09461,2023,"Construct a new 105,000 +/- sf elementary school replacing existing. Will contain a one-story wing with a two-story classroom wing behind it.  Capacity will be for 660 students and 80 staff.",SUB-09461,GREENWOOD ELEMENTARY SCHOOL,1083581.44749332,4500.67822187142
586,LD-08-23-17786,Malin Road Development,2023/09/01 00:00:00+00,2023/08/07 15:32:18+00,,,13.71,86,0,Residential,Townhouse,86,,,,0,,,0,1b309f00-a550-42c9-ac4f-bc1b4d3a403d,PR-005868-2023,2023,Final Land Development - eighty-six (86) townhouse units.,PR-005868-2023,Malin Road Development,560128.386347326,3065.04224974885
587,LD-08-23-17788,Westtown School - Oak Lane Project,2023/08/30 00:00:00+00,2023/08/08 11:12:15+00,2023/11/20 00:00:00+00,2024/03/11 00:00:00+00,195,1,1096,Institutional,School,1,,,,0,,,0,c4718126-6f59-40e1-9af7-f63a81f93743,PR-005870-2023,2023,"1,096 sq. ft. building, athletic fields, and parking is proposed.",PR-005870-2023,Westtown School - Oak Lane Project,8452691.30191515,11940.3391618397
588,LD-08-23-17789,Lock 57 Water Treatment Plant,2023/08/29 00:00:00+00,2023/08/04 15:19:05+00,,,41.86,2,54970,Institutional,Utility,2,Treatment Plant and Pump Station, , ,0,,,0,04cceb9c-3282-433a-950a-6d96474f490c,PR-005871-2023,2023,"2 bldgs (one is a pump station) proposed, 54,970 SF. PA American Water Treatment Plant - The proposed development includes the construction of a new water treatment plant (WTP) and associated raw water pumping station.  The development is to occur on the site of the existing WTP, as well as a vacant lot at the corner of Brown Drive and Pennhurst Road.  The creation of a new WTP allows for a vast increase in capacity and treatment capability compared to the existing WTP.",PR-005871-2023,Lock 57 Water Treatment Plant,1739355.09138058,17371.2509148536
589,LD-08-23-17791,700 FOX CHASE ROAD,2023/08/29 00:00:00+00,2023/08/14 08:34:14+00,,,3.35,1,4500,Industrial,Unique,1,Storage Unit,,,0,,,0,6949b725-1c56-4cac-aa52-02b19454e2ed,,2023,"proposed 4,500 SF industrial storage building",,,145022.006069365,1529.09182089492
590,LD-08-23-17808,"810, 814 & 816 Lincoln Ave.",2023/10/05 00:00:00+00,2023/09/06 13:16:04+00,2024/07/02 00:00:00+00,2025/02/24 00:00:00+00,6.94,1,1225,Industrial,Manufacturing,1,,,,0,,,0,0384ef5d-36ac-484f-ba54-31672a9d3a9c,PR-005878-2023,2023,"construct a 1,225 SF building and new parking area.",PR-005878-2023,"810, 814 & 816 Lincoln Ave.",281415.677205597,2346.09966490053
591,LD-08-23-17810,Barclay Park LLC,2023/09/15 00:00:00+00,2023/08/21 09:20:19+00,2023/10/18 00:00:00+00,2024/04/02 00:00:00+00,0.27,1,2304,Commercial,Office Building,1,, ,,0,,,0,188a781a-8935-4fb9-af4c-f03b12097e32,PR-005879-2023,2023,addition to existing structure.,PR-005879-2023,Barclay Park LLC,11410.9138207205,446.068839948164
592,LD-08-23-17811,West Bradford Elementary School,2023/09/08 00:00:00+00,2023/08/25 10:44:20+00,2024/04/29 00:00:00+00,2024/05/03 00:00:00+00,21.12,1,16010,Institutional,School,1,,,,0,,,0,f626d7b0-de5d-483f-a270-23b17b4c69d9,PR-005880-2023,2023,"Downingtown Area School District application -  to construct three separate additions totaling 16,010 square feet, and parking lot improvements, to the existing elementary school.",PR-005880-2023,West Bradford Elementary School,927761.107120949,4010.28481339338
593,LD-08-23-17815,Phoenix Crossing,2023/09/20 00:00:00+00,2023/08/28 11:56:36+00,2024/06/11 00:00:00+00,2024/07/01 00:00:00+00,3.93,24,5059,Residential,Apartment,23,,Commercial,Retail,1,,,0,950ff5b0-1a1c-4134-a7d3-b1d3846fe025,PR-005881-2023,2023,"23 APT and 5,059 SF COM proposed. The application and plan propose to convert the vacant bank offices on floors 2-4 to twenty-three (23) residential apartments, renovate the 1st floor commercial space to include two (2) residential apartment units and to be determined commercial use. The existing parking lot will be utilized to supply parking for all uses, solid waste storage and vastly upgraded EV-ready and functional EV parking spots in the larger parking lot.",PR-005881-2023,Phoenix Crossing,131972.28865364,1839.37931919559
594,LD-08-23-17823,2023 Temple Building ACMEC,2023/10/05 00:00:00+00,2023/09/14 12:22:14+00,,,24.502,1,1386,Institutional,Religious Organization,1,,,,0,,,0,efc5f631-7a0c-4707-b15f-8ce82016a25c,PR-005884-2023,2023,"Applicant proposes to construct a temple, parking area and associated sidewalks.",PR-005884-2023,2023 Temple Building ACMEC,432914.916280191,3086.47934918949
595,LD-08-23-17826,820 E. Washington St. Automobile Repair Facility,2023/09/15 00:00:00+00,2023/09/01 09:35:19+00,2023/09/19 00:00:00+00,2024/01/31 00:00:00+00,4.22,1,17227,Commercial,Addition to Existing,1,Car repair facility,,,0,,,0,66594362-24dc-4dd3-9663-40f73c96fc22,PR-005886-2023,2023,Expansion of existing building for new auto repair facility,PR-005886-2023,820 E Washington St. Automobile Repair Facility,176595.222636213,1901.72032910899
596,LD-08-24-18194,441 Barnsley Road,2024/08/28 00:00:00+00,2024/08/07 15:58:41+00,2024/10/08 00:00:00+00,2025/01/03 00:00:00+00,13.01,1,9000,Commercial,Unique,1,,,,0,,,0,a9fb0c49-49cb-4edf-bdfc-6cd2193be32c,PR-006038-2024,2024,"Commercial Land Development of 9,000 SF Building",PR-006038-2024,441 Barnsley Road,543427.116861564,3326.16506397975
597,LD-08-24-18199,158 Planebrook Road,2024/11/01 00:00:00+00,2024/10/11 16:32:36+00,,,3.6,1,28000,Institutional,Religious Organization,1,,,,0,,,0,7eb2dbfe-2342-4188-9c86-97b279038ad6,PR-006039-2024,2024,"plans to develop a 3.6 acre site for a 28,000 square feet worship center; refer to SD-08-24-18205 for concurrent lot consolidation plan",PR-006039-2024,158 Planebrook Road,148877.936291294,1578.31536527333
598,LD-08-24-18202,West Chester Booster Pump Station,2024/10/09 00:00:00+00,2024/09/09 12:58:13+00,,,0.36,1,546,Institutional,Utility,1,Booster Pump Station,,,0,,,0,e85b5705-b9f7-494a-9223-d3608b717abc,PR-006040-2024,2024,"Construction of a 546 SF water pump station, generator pad, and associated water main.",PR-006040-2024,West Chester Booster Pump Station,18999.5687876632,789.599506381722
599,LD-08-24-18204,284 Walnut Road,2024/10/09 00:00:00+00,2024/09/10 14:20:02+00,2024/10/09 00:00:00+00,2024/10/10 00:00:00+00,50.22,1,6392,Commercial,Retail,1,bakery and a barn, , ,0, , ,0,8a4c2088-8814-46cc-b0e6-c8592fde8426,PR-006042-2024,2024,"construct a bakery and a barn, 6,392 SF",PR-006042-2024,284 Walnut Road,2359759.49796627,7598.6381179862
600,LD-08-24-18209,TE New Elementary School,2024/09/19 00:00:00+00,2024/08/20 08:57:58+00,,,15.26,1,10475,Institutional,Educational Facility,1,,,,0,,,0,0468188a-88dc-43d2-93d2-382e022856f7,PR-006046-2024,2024,Construction of a new elementary school at 1200 Swedesford Road in Berwyn PA. The plan will convert an existing office building to the new school.,PR-006046-2024,TE New Elementary School,613990.365707457,3500.5349089339
601,LD-08-24-18211,2005 Baltimore Pike,2024/11/01 00:00:00+00,2024/10/03 09:17:08+00,,,18,5,96000,Commercial,Warehouse,5,,,,0,,,0,5366f7fc-e0ef-45c2-ae72-649f22252b00,PR-006045-2024,2024,"SD 3 lots (refer to SD-08-24-18207) and improve 2 lots - Wholesale Sales, Storage or Distribution, and Contractor Base Facilities",PR-006045-2024,2005 Baltimore Pike,2347386.68835692,6511.07587550184
602,LD-08-24-18213,Lincoln University - New Residence Hall,2024/10/29 00:00:00+00,2024/10/07 10:59:44+00,2025/05/28 00:00:00+00,2025/05/29 00:00:00+00,152.53,1,99532,Institutional,Dormitory,1,4 story residence hall,,,0,,,0,ea71906a-9df6-4b8a-aaaf-f1d4da2e1dbb,PR-006048-2024,2024,"New 99,532 Square foot Residence Hall",PR-006048-2024,Lincoln University - New Residence Hall,7028796.72998876,17104.6365529376
603,LD-08-24-18214,Lot 19 Trestle Bridge,2024/09/23 00:00:00+00,2024/08/28 12:27:47+00,2025/03/19 00:00:00+00,2025/07/02 00:00:00+00,2.1,2,20458,Commercial,Restaurant,1,,Industrial,Warehouse,1,,,0,605e986c-d70d-402e-8951-e6bb60639dec,PR-006049-2024,2024,"2 buildings proposed, 20,458 SF total. 415 Brandywine Ave. Redevelopment",PR-006049-2024,Lot 19 Trestle Bridge,95995.2464156945,1345.73028207589
604,LD-08-24-18229,Emanuel B. Esh,2024/09/23 00:00:00+00,2024/08/28 13:41:58+00,2025/02/06 00:00:00+00,2025/03/12 00:00:00+00,11.29,2,0,Residential,Single Family Residential,2,One existing single family dwelling. Proposal to demo existing modular home & construct new single family dwelling.,,,0,,,0,ac91da7e-1a0e-4d50-9f57-25111833cb34,PR-006055-2024,2024,Demo of one existing modular home & construct one new dwelling - Land Development Plan,PR-006055-2024,Emanuel B. Esh,492620.425340985,3964.86662353377
605,LD-08-25-18628,Stoltzfus - 11 Sweet Water Road,2025/09/05 00:00:00+00,2025/08/13 13:38:17+00,,,50.1,1,16500,Commercial, ,1,, , ,0, ,,0,d9a33c3d-0eab-41a5-942b-2b26f558d789,PR-006226-2025,2025,SD & LD plan. LD - COM building proposed.  applicant description: Minor Subdivision Plan,PR-006226-2025,Stoltzfus - 11 Sweet Water Road,2082374.18909121,8884.75485831174
606,LD-08-25-18631,Downingtown Area Regional Authority WWTP Modernization Project Design,2025/09/08 00:00:00+00,2025/08/19 10:15:12+00,,,12.4,1,10750,Institutional,Unique,1,4 accessory bldgs & 2 pump stations,,,0,,,0,ad465237-26e7-4515-b0c2-091f596f75f2,PR-006228-2025,2025,Sketch Plan. 6 proposed buildings to existing wastewater treatment plant (4 accessory bldgs & 2 pump stations) - DARA WWTP Modernization Project,PR-006228-2025,Downingtown Area WWTP Modernization Project Design,856848.094184472,5220.43882169335
607,LD-08-25-18636,"Chrome AD 1, LLC",2025/10/03 00:00:00+00,2025/09/03 15:55:57+00,,,183.7,1,1475,Industrial,Unique,1,Anaerobic Digester System,,,0,,,0,ebc7421c-5a9c-4f12-a4a2-0ad6f7339da1,PR-006234-2025,2025,"1 building, several tanks, and many accessory structures proposed.  Description by Applicant: Anaerobic Digester System",PR-006234-2025,"Chrome AD 1, LLC",7347252.59512442,11864.9658135381
608,LD-09-16-14428,West Chester University The Commons / WC1501,2016/09/16 00:00:00+00,2016/08/30 00:00:00+00,2017/12/12 00:00:00+00,2017/12/28 00:00:00+00,34.85,2,315000,Institutional,,1,,Institutional,Parking Lot/Garage,1,,,0,cf6ba29a-0825-4a2f-ad3a-74e16f257396,PR-004409-2016,2016,"demolish existing buildings and construct a Commons building (165,000 SF) and parking facility (150,000 SF)",PR-004409-2016,West Chester University Commons and Parking Facili,1512519.43336219,5968.95380327785
609,LD-09-16-14433, Tel Hai Retirement Community - Cherry Drive,2016/10/06 00:00:00+00,2016/09/07 13:58:00+00,2016/10/12 00:00:00+00,2017/07/17 00:00:00+00,66.7,20,0,Residential,Townhouse,20,,,,0,,,0,03ca01c3-b39c-448e-ba19-300143f5f43a,PR-004411-2016,2016,Demolish existing buildings and construct 20 townhouse units.,PR-004411-2016, Tel Hai Retirement Community - Cherry Drive,2803559.42891642,11404.2751229709
610,LD-09-16-14442,Michael L. & Lisa M. Holland,2016/10/03 10:27:06+00,2016/09/09 00:00:00+00,2017/12/02 00:00:00+00,2017/12/07 00:00:00+00,3.43,1,250,Institutional,Child Daycare,1,,,,0,,,0,54887e8a-38a7-4934-9924-1c4e40b09c47,PR-004413-2016,2016,"Proposed is: 250 SF addition to existing building, parking, a new playground and a new well and septic system.",PR-004413-2016,Michael L. & Lisa M. Holland,160637.194122886,1639.10775612388
611,LD-09-16-14466,New Horizons Montessori Academy ,2016/10/11 00:00:00+00,2016/09/15 00:00:00+00,2017/08/23 00:00:00+00,2018/07/12 00:00:00+00,11.45,1,19800,Institutional,Child Daycare,1,,,,0,,,0,f085b48e-52b4-491f-b34a-83e21fb56f80,PR-004416-2016,2016,Construct a day care center,PR-004416-2016,New Horizons Montessori Academy ,516321.089718636,3821.2863183546
612,LD-09-16-14473,"Pine View Enterprises, Inc.",2016/10/14 11:02:10+00,2016/09/29 00:00:00+00,2017/07/12 00:00:00+00,2017/07/18 00:00:00+00,7.61,2,15150,Commercial,,2,,,,0,,,0,229bd197-3bc1-40a3-974f-8fc6bb68a50d,PR-004419-2016,2016,Construct 2 buildings,PR-004419-2016,"Pine View Enterprises, Inc. ",323367.101130034,2267.52157059336
613,LD-09-17-15080,"Applebrook Golf Club, Golf Learning Center",2017/09/22 00:00:00+00,2017/08/30 00:00:00+00,2018/01/02 00:00:00+00,2018/01/05 00:00:00+00,160.71,1,1760,Commercial,Unique,1,,,,0,,,0,d12e6c3f-07ac-4991-9ee7-016968aa5268,PR-004634-2017,2017,Proposed building,PR-004634-2017,"Applebrook Golf Club, Golf Learning Center",6892708.873024,14320.2953645624
614,LD-09-17-15081,Peyton's Crossing,2017/09/27 00:00:00+00,2017/09/01 15:07:53+00,,,0.61,8,0,Residential,Townhouse,8,,,,0,,,0,0a1ffc46-0949-44d9-9f13-53ccc466a3a1,PR-004635-2017,2017,Proposed Townhouses and parking,PR-004635-2017,Peyton's Crossing,24724.8634399104,633.527691340486
615,LD-09-17-15083,Weatherstone Daycare Center,2017/09/19 10:14:51+00,2017/09/05 13:00:22+00,2017/12/11 00:00:00+00,2017/12/21 00:00:00+00,4.22,1,9150,Institutional,Child Daycare,1,,,,0,,,0,d66af01e-fe3b-4e5d-a353-7fc0a6ec1c3b,PR-004636-2017,2017,Proposed building and changing parking,PR-004636-2017,Weatherstone Daycare Center,187168.924982572,2130.86148051143
616,LD-09-17-15088,Roberts Automall,2017/10/06 00:00:00+00,2017/09/08 00:00:00+00,,,3.83,1,11446,Commercial,Addition to Existing,1,,,,0,,,0,cab22e62-6880-437a-80b2-697013e1018a,PR-004638-2017,2017,Proposed building addition and changing parking,PR-004638-2017,Roberts Automall,163060.005863449,1744.12842973041
617,LD-09-17-15092,Franklin Apartments,2017/10/03 11:34:38+00,2017/09/14 00:00:00+00,,,0.3,6,0,Residential,Apartment,6,,,,0,,,0,81acc588-9d3a-4070-a006-e4d96175e9d8,PR-004640-2017,2017,Proposed: apartment building and parking,PR-004640-2017,Franklin Apartments,12105.0799979374,462.368183113734
618,LD-09-17-15094,Great Valley Corporate Center Quarry Ridge,2017/10/12 00:00:00+00,2017/09/15 14:03:53+00,2017/11/08 00:00:00+00,2018/08/10 00:00:00+00,6.29,2,6839,Commercial,Restaurant,2,,,,0,,,0,96f76460-99f9-4b10-9a3b-d528f759d132,PR-004641-2017,2017,2 proposed buildings (Chick-Fil-A and Starbucks) and parking,PR-004641-2017,Great Valley Corporate Center Quarry Ridge,86788.8251179992,1302.97900147005
619,LD-09-17-15095,75 N. Bacton Hill Road,2017/10/05 00:00:00+00,2017/09/15 15:12:38+00,2017/12/13 00:00:00+00,2019/04/15 00:00:00+00,2.25,1,9291,Commercial,Addition to Existing,1,,,,0,,,0,248d7a5d-2c96-4c7d-a52c-a8cad3a6b8e5,PR-004642-2017,2017,Proposed additions to 2 buildings ,PR-004642-2017,75 N. Bacton Hill Road,91205.1823560727,1254.16770520889
620,LD-09-17-15101,Thorndale NTB,2017/10/19 00:00:00+00,2017/09/19 14:24:24+00,2018/07/18 00:00:00+00,2018/07/24 00:00:00+00,0.52,1,6158,Commercial,Retail,1,,,,0,,,0,7da9920d-9640-4dc7-a5be-4135b80e0637,PR-004647-2017,2017,proposed building and parking,PR-004647-2017,Thorndale NTB,27245.6214545874,663.276255825896
621,LD-09-17-15115,405 Eagleview Boulevard,2017/10/20 00:00:00+00,2017/09/27 00:00:00+00,2017/12/11 00:00:00+00,2018/02/02 00:00:00+00,8.95,1,0,Industrial,Cell Tower,1,,,,0,,,0,1f2ddd82-2839-441b-9ef7-2390cdd16d32,PR-004651-2017,2017,Proposed cell tower,PR-004651-2017,405 Eagleview Boulevard,395896.698351114,2601.28848581038
622,LD-09-18-15575,Downingtown Stem Academy,2018/09/24 00:00:00+00,2018/09/06 00:00:00+00,2019/03/01 00:00:00+00,2019/03/19 00:00:00+00,34.07,1,31796,Institutional,Addition to Existing,1,,,,0,,,0,97d95609-e169-42f5-9211-323cc5df541d,PR-004903-2018,2018,3 building additions to 1 building and 2 new parking lots,PR-004903-2018,Downingtown Stem Academy,2075791.61005417,7598.22406638004
623,LD-09-18-15576,Camp Sankanac,2018/09/24 14:29:45+00,2018/09/07 00:00:00+00,2019/07/12 00:00:00+00,2019/07/02 00:00:00+00,8.8,1,10000,Commercial, ,1,,,,0,,,0,b3d783f6-5766-41e7-9d0d-bdb209996c96,PR-004898-2018,2018,Proposed building and parking,PR-004898-2018,Camp Sankanac,405691.344782376,2554.64371839598
624,LD-09-18-15580,"Madina Properties, LLC",2018/10/01 00:00:00+00,2018/09/10 12:19:19+00,,,6.12,1,50000,Industrial,Warehouse,1,,,,0,,,0,fbde65d4-56c8-400f-8266-c16bfef3a61d,PR-004901-2018,2018,Proposed building and parking,PR-004901-2018,"Madina Properties, LLC",257696.827901949,2163.39673880404
625,LD-09-18-15585,Uwchlan Hills Elementary School,2018/10/08 00:00:00+00,2018/09/12 00:00:00+00,2019/03/18 00:00:00+00,2019/03/19 00:00:00+00,20.52,1,81969,Institutional,School,1,,,,0,,,0,f66f87f8-1bab-417e-8a95-06d9ce6a61ea,PR-004904-2018,2018,Proposed building (school) and parking,PR-004904-2018,Uwchlan Hills Elementary School,922380.813776441,4662.86392597366
626,LD-09-18-15586,"420 Clovermill, LLC",2018/10/01 00:00:00+00,2018/09/12 00:00:00+00,2018/10/24 00:00:00+00,2023/08/01 00:00:00+00,21.94,1,30938,Industrial,Addition to Existing,1,,,,0,,,0,82f6d7cd-3d1b-4846-9f79-2ee3908eefdf,PR-004905-2018,2018,Proposed building addition and parking,PR-004905-2018,"420 Clovermill, LLC",905633.433224243,3926.83167654498
627,LD-09-18-15590,101 Gordon Drive,2018/10/08 00:00:00+00,2018/09/13 00:00:00+00,,,36.6,1,183717,Industrial,Warehouse,1,,,,0,,,0,bc8bb2a9-408f-4ff0-a7a9-33711b452c14,PR-004906-2018,2018,Proposed building and changing parking,PR-004906-2018,101 Gordon Drive,1496074.95549281,5754.62847369384
628,LD-09-18-15592,"Hoover Treated Wood Products, Inc. ",2018/09/26 10:05:29+00,2018/09/13 14:21:17+00,2018/11/13 00:00:00+00,2018/11/29 00:00:00+00,10.02,4,27000,Industrial,Unique,4,,,,0,,,0,a04ab7a1-3cf4-41fd-ab75-91774bf83e7e,PR-004908-2018,2018,4 proposed buildings,PR-004908-2018,"Hoover Treated Wood Products, Inc. ",421810.746572417,2653.33672644203
629,LD-09-18-15596,Waynesborough Country Club,2018/10/10 00:00:00+00,2018/09/17 14:08:53+00,2019/02/19 00:00:00+00,2019/10/09 00:00:00+00,187.28,1,5778,Commercial,Sports/Recreation ,1,,,,0,,,0,083cee88-7fa5-428d-a483-54fde35030eb,PR-004909-2018,2018,new building and building addition to existing building. also replacing pools.,PR-004909-2018,Waynesborough Country Club,8069331.51537975,12284.8337894969
630,LD-09-18-15599,1403 Horseshoe Pike,2018/10/17 00:00:00+00,2018/09/18 11:47:38+00,,,9.4,2,18276,Commercial,Retail,2,,,,0,,,0,d29f52cf-6274-4ee1-9190-4a70147c47ba,PR-004912-2018,2018,2 proposed buildings (Wawa & CVS) and parking,PR-004912-2018,1403 Horseshoe Pike,400767.037687773,2952.21249510735
631,LD-09-18-15602,Longwood Gardens Nursery Greenhouse,2018/10/10 14:19:06+00,2018/09/19 00:00:00+00,2019/02/26 00:00:00+00,2019/02/28 00:00:00+00,119.8,2,80235,Institutional,Unique,2,,,,0,,,0,e26f6699-fddc-4f1b-abf0-d49f85d0b674,PR-004913-2018,2018,2 proposed buildings (greenhouse & headhouse),PR-004913-2018,Longwood Gardens Nursery Greenhouse,5120285.37370165,10103.1206727109
632,LD-09-18-15604,"Downingtown Investors, LLC",2018/10/12 00:00:00+00,2018/09/24 11:16:08+00,2019/12/19 00:00:00+00,2020/01/08 00:00:00+00,2,1,2753,Commercial,Fast Food,1,,,,0,,,0,c0fe0e98-2dee-47eb-9cf9-6ded8e34d5e0,PR-004914-2018,2018,Proposed building (Taco Bell) and parking,PR-004914-2018,"Downingtown Investors, LLC",65487.8493944421,1065.11935645296
633,LD-09-19-16049,1035 Saunders Lane,2019/10/04 00:00:00+00,2019/09/04 11:21:25+00,2020/02/18 00:00:00+00,2020/03/03 00:00:00+00,4.39,1,28094,Industrial, ,1,,,,0,,,0,e637c2ed-9150-4b63-b5a1-31891ca141e2,PR-005125-2019,2019,"Proposed building, building addition and parking",PR-005125-2019,1035 Saunders Lane,164616.561621939,1726.33306060352
634,LD-09-19-16059,Christian Brothers Automotive,2019/10/10 15:41:29+00,2019/09/12 11:31:31+00,2020/06/15 00:00:00+00,2020/08/06 00:00:00+00,1.26,1,6257,Commercial,Unique,1,,,,0,,,0,bbf524b5-12c9-4615-bcd7-1bca035feeca,PR-005129-2019,2019,Proposed building (automotive repair) and parking,PR-005129-2019,Christian Brothers Automotive,49653.4212422923,904.919766571576
635,LD-09-19-16064,Black Rock Sanctuary,2019/10/07 15:17:47+00,2019/09/18 00:00:00+00,,,136.74,1,0,Institutional,Park,1,,,,0,,,0,e84962b6-f427-448a-bc0c-18953e523531,PR-005134-2019,2019,"construct: trailhead, portage ramps, parking, etc.",PR-005134-2019,Black Rock Sanctuary,5400545.34325733,14399.6949703615
636,LD-09-19-16066,235 East Market Street,2019/10/18 00:00:00+00,2019/09/18 00:00:00+00,2020/02/25 00:00:00+00,2021/03/23 00:00:00+00,0.06,5,938,Residential,Apartment,4,,Commercial,Retail,1,,,0,9682b8af-be38-4d13-a9c0-90e434b0c713,PR-005131-2019,2019,proposed building with commercial space and apartments,PR-005131-2019,235 East Market Street,2673.29424788866,313.179177182711
637,LD-09-19-16068,Sadsburyville Fire Company No. 1,2019/10/07 00:00:00+00,2019/09/18 00:00:00+00,2020/03/11 00:00:00+00,2020/03/16 00:00:00+00,0.7,1,4288,Institutional,Emergency Services,1,,,,0,,,0,ff42557c-4c86-49bb-8162-f24df8ae397b,PR-005132-2019,2019,Proposed building (fire station),PR-005132-2019,Sadsburyville Fire Company No. 1,133346.358622043,2049.06118842015
638,LD-09-19-16070,Coatesville West End Storage Improvements Project - - Parkesburg Water Storage Tanks,2019/10/16 11:39:19+00,2019/09/19 13:21:45+00,2020/06/15 00:00:00+00,2020/06/22 00:00:00+00,14,1,10054,Institutional,Utility,1,,,,0,,,0,440047af-cccf-4cd1-8ac5-bd04d5aa5892,PR-005135-2019,2019,"Demolish existing reservoir, construct several water storage tanks, replace existing booster station, relocate existing generator",PR-005135-2019,Coatesville West End - Parkesburg Water Storage,564220.942835592,3768.60961232809
639,LD-09-19-16074,Springer Property,2019/10/14 11:38:41+00,2019/09/26 00:00:00+00,2020/11/20 00:00:00+00,2021/01/08 00:00:00+00,9.52,1,107900,Commercial,Unique,1,,,,0,,,0,3c657ac7-6d2f-45cf-a791-584cd44111f9,PR-005109-2019,2019,4 proposed buildings (indoor storage facility),PR-005109-2019,Springer Property,416353.495620478,3001.92418159417
640,LD-09-19-16083,Haverford Systems,2019/10/16 15:50:38+00,2019/09/27 00:00:00+00,,,1.99,1,3000,Commercial,Addition to Existing,1,,,,0,,,0,7c2aae40-3dc2-4361-a229-077dfa74e779,PR-005141-2019,2019,proposed building addition (to Warehouse),PR-005141-2019,Haverford Systems,82594.037467442,1152.21293061654
641,LD-09-19-16084,WaterWalk Hotel,2019/10/23 00:00:00+00,2019/09/27 00:00:00+00,,,6.43,2,126220,Commercial,Hotel/Resort/Inn,2,,,,0,,,0,6c8a322e-f739-435e-a8a1-d0715c0d0f82,PR-005142-2019,2019,2 proposed 4 story buildings (hotels) and parking,PR-005142-2019,WaterWalk Hotel,286302.313656794,2510.47320958202
642,LD-09-20-16463,Proposed Buildings,2020/10/20 09:49:36+00,2020/09/04 00:00:00+00,2020/10/20 00:00:00+00,2021/02/09 00:00:00+00,43.8,5,17416,Agricultural,Unique,3,,Residential,Single Family Residential,1,Commercial,Unique,1,0b65e8fa-052b-4b3e-b65f-e9e675125d5e,PR-005311-2020,2020,5 proposed buildings,PR-005311-2020,Proposed Buildings,1901297.97779176,5857.93433798025
643,LD-09-20-16477,Caln Plaza Dunkin Donuts,2020/10/15 00:00:00+00,2020/09/21 11:11:20+00,2021/03/11 00:00:00+00,2022/01/04 00:00:00+00,8.07,1,1626,Commercial,Retail,1,,,,0,,,0,e093e0c5-fded-4256-878e-d1cc50d9d320,PR-005314-2020,2020,"proposed 1,626 SF retail building",PR-005314-2020,Caln Plaza Dunkin Donuts,352688.01849208,3146.90521441743
644,LD-09-20-16480,Eagleview Town Center II,2020/10/07 00:00:00+00,2020/09/21 14:00:51+00,,,41.14,154,0,Residential,Apartment,154,, ,,0,,,0,68b2a305-0bb4-4b3a-bde4-8ec392fddebd,PR-005315-2020,2020,proposed 10 apartment buildings with 154 units and 533 parking spaces,PR-005315-2020,Eagleview Town Center II,1761467.95251502,9468.77965774385
645,LD-09-20-16482,Windsor Baptist Church,2020/10/13 00:00:00+00,2020/09/21 15:48:40+00,2020/12/21 00:00:00+00,2021/05/18 00:00:00+00,6.7,1,25992,Institutional,Religious Organization,1,,,,0,,,0,468c3e95-b1f0-4b53-8a38-6c07eb636b41,PR-005316-2020,2020,"proposed 8,664 SF building with 26 parking spaces",PR-005316-2020,Windsor Baptist Church,268210.356378555,2477.3897553639
646,LD-09-20-16483,Universal Technical Institute,2020/10/15 00:00:00+00,2020/09/21 00:00:00+00,2020/10/19 00:00:00+00,2021/03/22 00:00:00+00,27.177,1,0,Institutional,School,1,,,,0,,,0,fad2cc53-3d2c-41b6-87e4-ec839c1f48e2,PR-005317-2020,2020,proposed parking lot renovations,PR-005317-2020,Universal Technical Institute,1189362.35691717,4837.48421718972
647,LD-09-21-16892,Main Street Lofts II,2021/09/28 12:16:20+00,2021/09/10 16:12:37+00,,,1,24,4696,Residential,Apartment,22,,Commercial,Retail,2, , ,0,b3db7369-7594-49cf-a1d9-15e4afb3888d,PR-005360-2020,2021,"proposed 4,477 S.F. building, ground floor retail (2), 22 apartments",PR-005360-2020,Main Street Lofts,5579.16964451861,366.71472830756
648,LD-09-21-16916,Daniel Stoltzfus,2021/10/06 00:00:00+00,2021/10/04 14:29:22+00,,,13.5,1,5950,Industrial,Manufacturing,1,, , ,0,,,0,f2d88622-2b45-4833-bd60-817e5d7906ef,PR-005506-2021,2021,"proposed 5,950 S.F. woodworking/manufacturing building",PR-005506-2021,Daniel Stoltzfus,562927.705659221,3571.55471251494
649,LD-09-22-17351,Applebrook Golf Club Turf Maintenance Area,2022/09/21 00:00:00+00,2022/09/01 10:31:05+00,2023/05/02 00:00:00+00,2023/08/16 00:00:00+00,93.14,2,10903,Institutional,Addition to Existing,2,2 building additions,,,0,,,0,db8a9951-06c7-475b-b58a-608a047333e3,PR-005691-2022,2022,2 building additions. Applebrook Golf Club Turf Maintenance Area Expansion,PR-005691-2022,Applebrook Golf Club Turf Maintenance Area,3903486.61434439,16550.2539987787
650,LD-09-22-17354,321 N Pottstown Pike,2022/09/22 00:00:00+00,2022/09/12 08:39:13+00,,,0.86,1,3774,Commercial,Unique,1,Personal care,,,0,,,0,16f6402d-110e-4877-ab74-af2600a3ef8f,PR-005692-2022,2022,The demolition of an existing dwelling to facilitate the construction of a new 3774 SF personal service building.,PR-005692-2022,321 N Pottstown Pike,32060.9784537708,796.087153691388
651,LD-09-22-17356,Adam & Sherif Partnership - 1147 West Chester Pike,2022/09/23 00:00:00+00,2022/09/06 14:57:03+00,,,4.98,1,0,Commercial,Parking Lot/Garage,1,re-configuring parking lot,,,0,,,0,6a9e1534-ea75-4017-9ec4-34175dabce10,PR-005694-2022,2022,addition of a drive-thru window and partial parking lot reconfiguration,PR-005694-2022,Adam & Sherif Partnership - 1147 West Chester Pike,216799.360472969,2980.91922658842
652,LD-09-22-17361,Downingtown High School East,2022/09/26 00:00:00+00,2022/09/14 10:33:50+00,2023/05/08 00:00:00+00,2023/06/05 00:00:00+00,125.8,1,29086,Institutional,School,1,,,,0,,,0,b59f1dfe-aebb-4021-a6f3-6946f35dbefe,PR-005695-2022,2022,High School expansion,PR-005695-2022,Downingtown High School East,147626.390710342,1690.9653887631
653,LD-09-22-17372,Traditions of America at Harvest Run,2022/11/04 00:00:00+00,2022/09/16 11:54:37+00,2023/02/16 00:00:00+00,2023/07/21 00:00:00+00,106.33,145,0,Residential,Townhouse,145,age restricted THS (145 units) on 2 lots, , ,0, , ,0,87b392ed-0ea6-459d-967d-25c3fbbcfe00,PR-005699-2022,2022,3 lots into 39 lots. 35 SFR proposed & 145 age restricted Townhouse units proposed on 2 lots. 2 AG lots also proposed.,PR-005699-2022,Traditions of America at Harvest Run,8008375.58022375,19749.4250283177
654,LD-09-22-17375,"Pleasantville Farms, LLC",2022/09/28 00:00:00+00,2022/09/23 10:53:52+00,2023/03/20 00:00:00+00,2024/03/25 00:00:00+00,11.13,1,15915,Agricultural,Mushroom House,1,,,,0,,,0,fbe198d4-ac5f-4267-b9cb-54f1bec20da8,PR-005701-2022,2022,"Demolish existing bldgs. and build a 15,915 SF mushroom house 
Preliminary Land Development Plan",PR-005701-2022,"Pleasantville Farms, LLC",431377.774864013,3317.94743250051
655,LD-09-22-17378,Bank of America,2022/10/20 00:00:00+00,2022/09/21 15:17:51+00,2023/01/25 00:00:00+00,2023/04/19 00:00:00+00,9.54,1,4255,Commercial,Bank,1,,,,0,,,0,6b488666-8259-47f5-9019-06ff0e7937bb,PROJ-3299,2022,"4,255 SF building proposed. no new parking.",PROJ-3299,Bank of America,419337.915561902,2735.41992631656
656,LD-09-23-17835,4000 Lincoln Highway,2023/10/26 00:00:00+00,2023/10/02 11:04:11+00,2025/09/29 00:00:00+00,2025/10/09 00:00:00+00,2.59,1,5445,Commercial,Restaurant,1,,,,0,,,0,0b36cb7c-b37a-4d56-817e-126f9ed62db8,PR-005890-2023,2023,"Construct 5,445 square foot restaurant",PR-005890-2023,4000 Lincoln Highway,93085.945091432,1329.56485187106
657,LD-09-23-17836,"MEK2 Property Group, LLC",2023/10/06 00:00:00+00,2023/09/15 11:40:14+00,2025/02/11 00:00:00+00,2025/03/07 00:00:00+00,0.34,18,0,Residential,Apartment,18,,,,0,,,0,fac4f46b-4387-4457-9f51-4f53347f5162,PR-005891-2023,2023,"18 Apartments proposed. The application and plan propose to create an adaptive reuse of the existing structure to create eighteen (18) multi-family residential units, limited storm water management facilities, parking and other site improvements pursuant to Borough Council's July 11, 2023 Conditional Use Approval.",PR-005891-2023,"MEK2 Property Group, LLC",15065.1272851644,593.615825102851
658,LD-09-23-17837,River Station - Phase 3,2023/10/09 00:00:00+00,2023/09/14 14:00:25+00,2024/10/16 00:00:00+00,2024/11/19 00:00:00+00,60.93,157,0,Residential,Apartment,157,,,,0,,,0,5e0afbc1-d4a8-4a88-8cd8-3df93bd6d21e,PR-005892-2023,2023,157 apartments in 2 buildings and parking proposed. River Station Phase 3,PR-005892-2023,River Station - Phase 3,1191194.58064646,7784.72142712155
659,LD-09-23-17842,"McDonald's USA, LLC",2023/10/16 00:00:00+00,2023/09/22 14:09:36+00,,,26.09,1,0,Commercial,Parking Lot/Garage,1,,,,0,,,0,dd427749-8d7f-4e71-8bfa-f5f005503f6d,PR-005842-2023,2023,Changing parking and drive-thru - no new SSF. Final Land Development submission for the updated McDonald's drive-thru,PR-005842-2023,"McDonald's USA, LLC",1149563.27484415,6200.97144778107
660,LD-09-23-17844,Mary C. Howse Elementary School,2023/10/11 00:00:00+00,2023/09/14 15:18:11+00,2023/12/20 00:00:00+00,2024/07/12 00:00:00+00,13.58,1,8067,Institutional,Addition to Existing,1,school,,,0,,,0,c53287ba-5f4a-46c2-9704-97ee0c681885,SUB-09917,2023,"8,067 SF bldg addition. Elementary School",SUB-09917,MARY C.HOWSE ELEMENTARY SCHOOL,556766.46602555,3386.76492795866
661,LD-09-23-17845,347 N. Pottstown Pike,2023/10/12 00:00:00+00,2023/09/14 15:23:35+00,2024/07/24 00:00:00+00,2025/12/24 00:00:00+00,1.49,1,4310,Commercial,Unique,1,car wash,,,0,,,0,b63b8baa-fb0f-4eed-909b-4132bd0315fc,PR-005893-2023,2023,"4,310 SF bldg proposed. Car Wash",PR-005893-2023,347 N. Pottstown Pike,66775.9275545654,1272.67792650834
662,LD-09-23-17851,Chester County School Authority Child and Career Development Center,2023/10/18 00:00:00+00,2023/09/18 09:07:47+00,2024/09/12 00:00:00+00,2024/10/25 00:00:00+00,62.22,1,85000,Institutional,School,1,,,,0,,,0,450d6e83-578b-4211-88f8-e02b513db740,PR-005897-2023,2023,"85,000 square foot new school for Chester County School Authority with 229 parking spaces and two outdoor play areas.",PR-005897-2023,Chester County School Authority Child Center,2912310.48223314,7850.72913521708
663,LD-09-23-17852,Chestnut Lane Pump Station Improvements,2023/10/05 00:00:00+00,2023/09/19 09:36:51+00,2024/03/12 00:00:00+00,2025/06/18 00:00:00+00,0.72,1,0,Institutional,Utility,1,pump station,,,0,,,0,0a301a6a-f7bc-46ae-ae74-c3be9279d063,PR-005899-2023,2023,"Improvements to a pump station, no SSF. A Subdivision and Land Development Application has been submitted by Community Utilities of Pennsylvania, Inc. for construction improvements to the existing sanitary sewer pump station located at Chestnut Lane and Broad Run Road.  The pump station is situated on a 0.72-acre property in the R-5 Zoning District located at 1475 Broad Run Road (UPI # 50-4-60.1A).",PR-005899-2023,Chestnut Lane Pump Station Improvements,24777.1171490659,667.187167561901
664,LD-09-23-17854,Brian Hoskins,2023/10/09 00:00:00+00,2023/09/22 14:56:43+00,2024/04/11 00:00:00+00,2024/04/16 00:00:00+00,8.71,1,1935,Commercial,Addition to Existing,1,,,,0,,,0,8bc05212-200e-4c19-a75b-2a64124e43f2,PR-005898-2023,2023,"1,935 SF bldg addition.  addition to Automobile sales & service station",PR-005898-2023,Brian Hoskins,306161.61397415,2382.66137602611
665,LD-09-23-17861,Cochranville Pole Buildings,2023/10/23 00:00:00+00,2023/09/28 09:59:47+00,,,7.53,1,7784,Commercial,Manufacturing,1,, , ,0,,,0,90cf039e-608b-4759-9486-2cbb6a617e80,PR-005903-2023,2023,Land Development Plan for the proposed construction of a new commercial building.,PR-005903-2023,Cochranville Pole Buildings,303149.856294091,2276.37258508621
666,LD-09-24-18232,ARX Wireless,2024/10/04 00:00:00+00,2024/09/06 10:34:59+00,,,22.19,1,0,Industrial,Cell Tower,1,,,,0,,,0,ab128b7d-ac68-4fd0-be39-dff7d4404942,PR-006058-2024,2024,No ssf - Construction of a tower-based WCF on the property in the R-2 District.,PR-006058-2024,ARX Wireless,940659.552320767,4586.29490451762
667,LD-09-24-18235,All-Fill Expansion,2024/10/11 00:00:00+00,2024/09/13 11:07:48+00,,,12.95,1,41000,Industrial,Manufacturing,1,, ,,0,,,0,0463b470-bbc8-4de1-a081-9ce6cd6e4e6f,PR-005689-2022,2024,"construct a 41,000 SF flex space, 2 lots to 1 lot  - LD & SD",PR-005689-2022,All Fill Expansion,579349.88661788,4057.49545930335
668,LD-09-24-18239,Silvi Downingtown,2024/10/11 00:00:00+00,2024/09/10 08:04:29+00,,,10.44,1,0,Industrial,,1,wash pits at concrete company,,,0,,,0,d3034b0c-93e5-4c87-8507-2a5a9eaa9f8a,PR-006062-2024,2024,"proposed washpits, no SSF. Silvi Concrete - Land Development Improvements",PR-006062-2024,Silvi Downingtown,454080.047755342,2690.60555536704
669,LD-09-24-18240,"Delaware Valley Properties II, LLC - New Vehicle Garage",2024/10/25 00:00:00+00,2024/09/30 09:45:20+00,,,1.87,1,13241,Industrial,,1,17 garage bays,,,0,,,0,0d7d773b-db64-427f-a036-bf95e496d2ee,PR-006061-2024,2024,"Proposed 13,241 square foot building.",PR-006061-2024,Delaware Valley Properties II - New Vehicle Garage,82902.2052116383,1815.84241113543
670,LD-09-24-18248,Sadsbury Commons LP - Phase 3,2024/10/11 00:00:00+00,2024/09/13 12:59:47+00,2024/12/13 00:00:00+00,2024/12/18 00:00:00+00,63.27,17,363938,Commercial,Shopping Center,17,17 stores,,,0,,,0,93623b19-5ff2-4157-98da-8a733ae74477,PR-006069-2024,2024,"proposed shopping center with 17 stores (363,938 SF) and parking",PR-006069-2024,Sadsbury Commons LP - Phase 3,2643243.48199385,7336.43100088721
671,LD-09-24-18257,"One CTDI Place for Communications Test Design, Inc. (CTDI)",2024/10/24 00:00:00+00,2024/09/26 09:35:45+00,,,12.5,1,6146,Commercial,Addition to Existing,1,,,,0,,,0,66ef64e1-a1d7-4db7-9916-629d956a2e80,PR-006072-2024,2024,"6,146 SF bldg addition and courtyard improvements",PR-006072-2024,"One CTDI Place for Communications Test Design, Inc",1343216.74102347,6642.55333315874
672,LD-09-24-18264,1020 Boot Road,2024/10/25 00:00:00+00,2024/09/30 15:10:53+00,,,4.2,2,15850,Industrial,Warehouse,1,10850sqft warehouse,Commercial,Retail,1,,,0,2670e0bb-1d19-4398-b78b-bc216ef2f26e,PR-006075-2024,2024,"Proposing 15,850 square foot building - 5000 square feet of retail, 10,850 square feet of warehouse space (1020 Boot Road Land Development)",PR-006075-2024,1020 Boot Road,155088.550634681,2536.97131370984
673,LD-09-25-18645,Willistown Township Public Works,2025/10/10 00:00:00+00,2025/09/12 10:25:46+00,2025/12/01 00:00:00+00,2025/12/10 00:00:00+00,3,1,5040,Institutional,Government,1,"Public Works (with water/sewer), salt & storage sheds",,,0,,,0,c8974dae-723a-4bec-8899-db466b9973a9,PR-006237-2025,2025,"1 building, a salt shed, and a storage shed proposed.   Description by applicant: Willistown Township Public Works Facility",PR-006237-2025,Willistown Township Public Works,132302.68730878,1541.2759275615
674,LD-09-25-18651,Donnelly Enterprises Inc.,2025/10/17 00:00:00+00,2025/09/19 13:34:16+00,,,12.6,3,43200,Industrial,Addition to Existing,1,,Industrial,Warehouse,1,Commercial,Office Building,1,6276585a-112a-44e4-bfe1-930975e7dc52,PR-006239-2025,2025,"LD = 2 bldg. & 1 bldg addition, 43,200 SF, IND/warehouse & office and SD-09-25-18652 = 3 lots into 1 lot",PR-006239-2025,Donnelly Enterprises Inc.,543567.215723478,3749.8697272468
675,LD-09-25-18656,Tentative PRD Plan Lionville Preserve,2025/10/15 00:00:00+00,2025/09/17 11:38:35+00,,,253.8,612,74000,Residential,Single Family Residential,269,,Residential,Townhouse,342,Commercial,Unique,1,2f6ac671-d227-4d27-922c-0b8ceb79bd54,PR-006240-2025,2025,"Sketch Plan - LD = 269 SFR, 342 THS & 1 Natatorium, SD-09-25-18655 = 6 lots into 1 lot",PR-006240-2025,Tentative PRD Plan Lionville Preserve,10755122.39511,24134.9096525714
676,LD-09-25-18659,Parcel # 61-2-111,2025/10/29 00:00:00+00,2025/10/02 14:53:52+00,,,2,1,0,Residential,Single Family Residential,1,,,,0,,,0,f521dafb-4615-43cb-a1d2-d2cbeeb49230,PR-006241-2025,2025,Proposed SFR on existing residential lot,PR-006241-2025,Parcel # 61-2-111,99394.4379738533,1508.49249492014
677,LD-09-25-18663,Route 10 Roadside Market,2025/10/28 00:00:00+00,2025/09/29 15:53:08+00,,,8.46,1,7200,Commercial,Retail,1,,,,0,,,0,a61a1f68-b89c-4cc8-890b-a9401b47712f,PR-006244-2025,2025,SD & LD Plan. LD - proposed bldg and parking. Description by Applicant: Route 10 Roadside Market,PR-006244-2025,Route 10 Roadside Market,352072.576501015,2714.79179104973
678,LD-1-10-1161,Kristopher & James Lombardi,2010/02/02 00:00:00+00,2010/01/05 00:00:00+00,2010/07/06 00:00:00+00,2010/10/01 00:00:00+00,1.38,1,2400,Commercial, ,1,"contractor establishment
pole barn", , ,0, , ,0,3767b6e0-a0aa-4952-97dc-8526f9154451,PROJ-1152,2010,,PROJ-1152,Kristopher & James Lombardi,29976.9832786966,776.901355022285
679,LD-1-10-1174,The Shoppes at Jenners Village Phas,2010/01/28 00:00:00+00,2009/12/29 00:00:00+00,2011/06/01 00:00:00+00,2011/06/30 00:00:00+00,26.09,1,3545,Commercial,Addition to Existing,1,, , ,0, , ,0,e28df384-cf01-429c-a268-ac52727b0b03,944-01-04,2010,"3,545 SF bldg addition",944-01-04,The Shoppes at Jenners Village Phase 2,1147385.8249312,6188.09504987371
680,LD-1-10-1202,Coatesville Redevelopment Project,2010/02/02 00:00:00+00,2010/01/08 00:00:00+00,2010/11/22 00:00:00+00,2010/12/14 00:00:00+00,22.35,1,160000,Commercial,Hotel/Resort/Inn,1,, ,Office Building,0, ,Parking Lot/Garage,0,cd718be9-6ed3-452d-b7f7-723e6c7197e8,001-01-08,2010,"four-story Hotel, three-level parking garage & office building
PF helped figure out which plan to endorse
PIN on endorsed plan was 16-1-41E, correct PIN is 16-1-41-E",001-01-08,City of Coatesville Redevelopment Project,1196851.19479942,7734.22483346557
681,LD-1-10-1237,"Cephalon, Inc.",2010/02/04 00:00:00+00,2010/01/07 00:00:00+00,2010/02/16 00:00:00+00,2010/03/26 00:00:00+00,17.59,1,2370,Industrial,Addition to Existing,1,, , ,0, , ,0,28c76e99-a2e4-4372-8aca-2cdc8ba54b96,PROJ-1170,2010,"Submission states project consists of 2 parcels (52-3-100.3G & 100.3H).  Assessment records state the two parcels were combined in 1997, with 52-3-100.3H retired.",PROJ-1170,Brandywine Business Center,794638.378934637,4434.94015062868
682,LD-1-10-1243,Butler House Parking Lot,2010/02/05 00:00:00+00,2010/01/08 00:00:00+00,2010/02/16 00:00:00+00,2010/05/19 00:00:00+00,0.78,1,,Commercial,Building Conversion,1,, , ,0, , ,0,c5d62258-62fd-4fcc-8c89-104dbca38c4c,PROJ-1176,2010,,PROJ-1176,Byers Station,33874.2117285748,791.89874801878
683,LD-1-10-1298,WCU - Student Recreation Center,2010/02/18 00:00:00+00,2010/01/22 00:00:00+00,2010/06/16 00:00:00+00,2010/12/03 00:00:00+00,36.22,1,72877,Institutional,Sports/Recreation ,1,"Student Recreation Center
(previous site review-Refer to CCPC #9343-8)", , ,0, , ,0,48d9e214-e6ab-4a15-81a3-da1816c538a2,PROJ-1216,2010,also signed on 5/27/16 by JK. approved by municipality on 5/10/16.,PROJ-1216,West Chester University:  Student Recreation Cente,1548898.13653058,5004.63447860733
684,LD-1-10-1312,The Crossroads-Vanguard School,2010/02/05 00:00:00+00,2010/01/25 00:00:00+00,2010/09/16 00:00:00+00,2010/10/25 00:00:00+00,28.24,3,6377,Institutional,School,3,Proposed Cafeteria Bldg., , ,0, , ,0,0c51bb12-1827-4c1b-96d2-acb54b098803,PROJ-1220,2010,,PROJ-1220,The Crossroads Vanguard School Campus,837001.348291488,5039.67301683945
685,LD-1-10-1321,Malvern Station,2010/02/02 00:00:00+00,2010/01/26 00:00:00+00,2010/02/02 00:00:00+00,2010/03/09 00:00:00+00,4.06,1,,Industrial,Parking Lot/Garage,1,Tunnel and Parking Improvements on a site consisting of 4 parcels, , ,0, , ,0,78b0023e-a694-4ba9-b987-044c6fe1194c,SUB-12504,2010,also muni approved 2-16-10 and signed 3-9-10 signed by JK,SUB-12504,MALVERN STATION  L/D,754008.312595549,8565.44937500793
686,LD-1-11-3455,Honey Brook Industrial Center - Baxter Properties,2011/01/26 00:00:00+00,2010/12/27 00:00:00+00,,,14.5,2,39800,Industrial,Addition to Existing,1,,Industrial,Warehouse,1, , ,0,b93197be-ba13-47a2-931b-08ab8362a23b,SUB-11528,2011,"Full plan name: Honey Brook Industrial Center - Baxter Properties

Proposed warehouse and proposed warehouse addition. 

See previous review # 11528.",SUB-11528,HONEY BROOK INDUSTRIAL PARK LD,599013.546255262,3404.188998318
687,LD-1-11-3460,Proposed Commercial Development,2011/01/24 00:00:00+00,2010/12/30 00:00:00+00,,,21.23,4,48167,Commercial,Bank,1,,Commercial,Office Building,2,Commercial,Unique,1,7871832f-1bed-40ab-8827-2d520d06be04,PROJ-1838,2011,"6 proposed commercial buildings, (bank, 2 office buildings, ice cream shop, convenience/gas store and car wash. 

See previous review # 6616-12.",PROJ-1838,RE at Jennersville Proposed Commercial Development,936298.984955369,5039.59937813411
688,LD-1-11-3482,East King Street,2011/02/02 00:00:00+00,2011/01/03 00:00:00+00,2011/09/26 00:00:00+00,2011/12/21 00:00:00+00,1.93,1,5022,Commercial,Office Building,1,, , ,0, , ,0,fb1501c9-ebaa-4524-9b8c-f7570c8825e4,PROJ-2052,2011,"One proposed office building and parking, demolish 9 existing bldgs. Part of driveway in Malvern. See also SD-1-11-3481 and SD-1-11-3519 & LD-1-11-3520. See previous review # 11344.

Also signed:
3/12/12 JK, 3/10/14 PF
3/16/12 JK, 4/10/14 PF


",PROJ-2052,East King Street Redevelopment,79631.9124545251,1364.64250830638
689,LD-1-11-3484,Chester County SPCA - Renovations,2011/02/02 00:00:00+00,2011/01/03 00:00:00+00,2011/03/09 00:00:00+00,2011/04/07 00:00:00+00,3.9,1,2300,Institutional,Addition to Existing,1,, , ,0, , ,0,c44379c8-1ecc-473a-a8e4-8d8021a324e0,PROJ-2066,2011,One proposed building addition. See previous review # 10671.,PROJ-2066,Chester County SPCA - Renovations,158087.360532155,1690.9626778075
690,LD-1-11-3489,Additions and Alterations to West C,2011/02/02 00:00:00+00,2011/01/03 00:00:00+00,2011/04/20 00:00:00+00,2011/05/31 00:00:00+00,2.64,1,8215,Institutional,Addition to Existing,1,, , ,0, , ,0,3bde5da5-2c96-4207-9cfb-d624f203eda0,PROJ-2067,2011,"Full plan title name: Additions and Alterations to West Chester Borough Hall

Proposed 2 story addition.",PROJ-2067,Additions and Alterations to West Chester Borough ,116066.932435711,1363.55015066518
691,LD-1-11-3490,1247 Pottstown Pike,2011/02/03 00:00:00+00,2011/01/04 00:00:00+00,,,0.89,1,700,Commercial,Addition to Existing,1,, , ,0, , ,0,7a39924d-926e-4c43-a372-a1f5301f12be,PROJ-2068,2011,One proposed addition. See previous review # 11413.,PROJ-2068,1247 Pottstown Pike,30914.7559976647,716.902410251613
692,LD-1-11-3513,ToJo Mushrooms,2011/02/03 00:00:00+00,2011/01/04 00:00:00+00,,,133.56,7,702720,Commercial,Mushroom House,7,Mushroom houses & accessory buildings, , ,0, , ,0,1daf4acc-46fa-40de-a68c-a7e52404d3fa,PROJ-1454,2011,Proposed mushroom houses and (7) accessory buildings with parking. See previous review # 10615.,PROJ-1454,ToJo Mushrooms,5657258.1770071,12045.5652250772
693,LD-1-11-3520,East King Street,2011/02/04 00:00:00+00,2011/01/07 00:00:00+00,2012/03/01 00:00:00+00,2012/03/02 00:00:00+00,3.92,192,24077,Residential,Apartment,190,,Commercial, ,2, , ,0,66b21f05-16e2-4079-a850-c4c7a89ffa75,PROJ-2052,2011,"Construct 2 multi use buildings. See previous review # 11344. Also see SD-1-11-3481, LD-1-11-3482 and SD-1-11-3519.",PROJ-2052,East King Street Redevelopment,160763.285130596,2559.45556077741
694,LD-1-11-3549,The Shoppes at French Creek (Parcel,2011/02/17 00:00:00+00,2011/01/18 00:00:00+00,,,6.71,280,115834,Residential,Apartment,275,,Commercial,Retail,4,Commercial,Office Building,1,d24d32a6-cdb2-40ae-8a09-f75fe32f2cd9,PROJ-2073,2011,"Full Plan Name: The Shoppes at French Creek (Parcel ""O"")

4 proposed residential/retail units, 1 proposed office and 1 proposed parking garage.

See previous review # 08640-13

",PROJ-2073,The Shoppes at French Creek Parcel O,284029.355882444,2605.38712727983
695,LD-1-11-3551,Dansko Distribution Center,2011/02/08 00:00:00+00,2011/01/18 00:00:00+00,2012/04/04 00:00:00+00,2012/04/05 00:00:00+00,16,1,200000,Industrial,Warehouse,1,, , ,0, , ,0,f8aa42e4-8bb7-4014-bc36-7e9d5c65b88a,PROJ-1961,2011,"demolish existing bldgs (house, barn, etc) and construct new bldg and parking

see previous reviews 6654-4 and LD-9-10-2797

Also signed on 8/2/12 by JK. Approved by muni on 6/20/12.",PROJ-1961,Dansko Distribution Center,696957.500329117,3488.70007295048
696,LD-1-12-5382,Ashbridge Commons Building Expansio,2012/02/01 00:00:00+00,2012/01/03 00:00:00+00,,,15.07,2,40000,Commercial,Retail,1,"20,000 sq. ft. retail space",Commercial,Office Building,1, , ,0,71110a7c-51aa-499f-bf76-d8fc67583d44,PROJ-2621,2012,"Full plan title: Ashbridge Commons Building Expansion.

Proposed retail/office building and parking.

See previous review 4165-6.",PROJ-2621,Ashbridge Commons Building Expansion,475745.51125854,6504.30332635251
697,LD-1-12-5387,A Combined Readiness Center,2012/02/03 00:00:00+00,2012/01/06 00:00:00+00,2012/04/30 00:00:00+00,2012/06/05 00:00:00+00,11.68,1,30280,Institutional, ,1,Readiness center, , ,0, , ,0,eab30c51-1a47-40d1-b55d-27ab8d7214cf,PROJ-1250,2012,"Proposed Readiness Center and parking.

See previous reviews:
LD-2-10-1369
SD-2-10-1379
SD-11-10-3081",PROJ-1250,Stryker Brigade Combat Team Readiness Center,509434.921861173,3280.82422807525
698,LD-1-12-5399,Devon Village,2012/02/01 00:00:00+00,2012/01/06 00:00:00+00,2012/05/09 00:00:00+00,2012/05/17 00:00:00+00,6.27,2,3237,Commercial,Addition to Existing,1,addition to retail building,Commercial,Bank,1, , ,0,933ed16c-f92f-458c-a4f9-2f45d8dbfa0d,PROJ-2399,2012,"Proposed bank, building addition to retail and parking.

See previous review LD-7-11-4594.",PROJ-2399,Devon Village,279688.955397115,2151.19939471518
699,LD-1-12-5401,Wendy's Restaurant,2012/02/03 00:00:00+00,2012/01/11 00:00:00+00,2012/05/14 00:00:00+00,2012/05/23 00:00:00+00,1.32,1,2300,Commercial,Restaurant,1,Wendy's, , ,0, , ,0,85790b25-26bc-4680-8447-6a4de494e53b,SUB-12164,2012,"Proposed Wendy's restaurant & parking.

See previous review 12164-4.",SUB-12164,TARGET STORES - EAGLEVIEW BLVD. LD,56322.2541171172,937.351289891286
700,LD-1-12-5433,Mike McNabb,2012/02/09 00:00:00+00,2012/01/20 00:00:00+00,2015/04/15 00:00:00+00,2015/04/17 00:00:00+00,1.27,1,2500,Commercial, ,1,, , ,0, , ,0,8d99726c-f511-4c13-a9db-39ea74cfbab2,PROJ-2641,2012,"Proposed building and parking.
See previous review 12342.",PROJ-2641,Michael McNabb,54603.9787469457,1302.23820384726
701,LD-1-13-7289,All Fill Corporation,2013/01/25 00:00:00+00,2013/01/07 00:00:00+00,2013/04/25 00:00:00+00,2014/12/12 00:00:00+00,4.34,1,5000,Industrial,Addition to Existing,1,, , ,0, , ,0,39e10f63-89fd-47ac-b88a-2889118610b5,SUB-03610,2013,Proposed 2-story building addition and 15 parking spaces. See previous review 03610-54,SUB-03610,THE LEARNING EXPERIENCE DAY CARE,197505.178943215,1858.02504256873
702,LD-1-13-7332,"TC Atwater Land, LP",2013/04/19 00:00:00+00,2013/03/20 00:00:00+00,,,193.18,10,1161426,Commercial,Office Building,10,, , ,0, , ,0,c9ebf9d9-5a6d-4a02-a6f2-4c4e63546a91,PROJ-3116,2013,10 proposed office buildings.  Concurrent subdivision - SD-1-13-7331,PROJ-3116,TC Atwater Land LP,603023.212820368,4072.19598176328
703,LD-1-13-7356,Bondsville Road Apartments 2011,2013/02/15 00:00:00+00,2013/01/18 00:00:00+00,,,3.39,57,,Residential,Apartment,57,, , ,0, , ,0,c0ee28b6-665d-419b-93dd-8e3619f91002,PROJ-3122,2013,Proposed 4-story apartment building.  Refer to SD-1-13-7355 for concurrent lot consolidation plan.,PROJ-3122,Bondsville Road Apartments 2013,139767.453428854,2196.08010257828
704,LD-1-13-7371,Tague Family Limited Partnership II,2013/02/19 00:00:00+00,2013/01/22 00:00:00+00,,,5,1,51498,Commercial, ,1,, , ,0, , ,0,0cbdae37-60bf-41fe-b0f2-3e790150a3f0,PROJ-3124,2013,1 proposed building and parking. see also SD-1-13-7370.,PROJ-3124,Tague Family Limited Partnership II,218061.356283178,3737.10276388023
705,LD-1-13-7374,McDonald's,2013/02/11 00:00:00+00,2013/01/24 00:00:00+00,,,0.75,1,260,Commercial,Addition to Existing,1,, , ,0, , ,0,94b6104d-a61f-4c32-b25b-d6b2196ac345,PROJ-3125,2013,Proposed building additions,PROJ-3125,Proposed McDonalds Rebuild,32702.2366972031,774.057289052167
706,LD-1-13-7382,"Rite Aid Corporation & PNC Bank, N.A.",2013/02/25 00:00:00+00,2013/01/28 00:00:00+00,2013/08/05 00:00:00+00,2013/08/15 00:00:00+00,2.38,2,15201,Commercial,Unique,2,Proposed Rite Aid Pharmacy and PNC Bank, , ,0, , ,0,76df1ae9-e44c-4ac2-bca3-0c79aa565c76,PROJ-2780,2013,"Proposed PNC Bank and Rite Aid Pharmacy (see previous review LD-4-12-5898)

Also muni approval 5-8-13 and Signed 11-13-13. MC",PROJ-2780,Rite Aid Pharmacy & PNC Bank,114755.571780925,1628.83574137513
707,LD-1-13-7390,Second Presbyterian Church,2013/02/15 00:00:00+00,2013/01/28 00:00:00+00,,,0.33,1,3400,Institutional,Addition to Existing,1,, ,Religious Organization,0, , ,0,5624697b-db28-427f-b809-f42df273d618,PROJ-3128,2013,"Proposed 2-story building addition

SD-1-13-7388",PROJ-3128,Second Presbyterian Church,14435.9511910364,658.372097221552
708,LD-1-14-9148,Karen's K-9,2014/02/03 00:00:00+00,2014/01/06 00:00:00+00,,,0.56,1,2450,Commercial,Unique,1,Proposed building to house client's dogs under care, , ,0, , ,0,c57ab18c-a8af-4541-8dd0-579b5ef3c981,PROJ-3515,2014,Proposed building,PROJ-3515,Karens K9,23364.3096689018,667.29795967809
709,LD-1-14-9166,20 Moores Road,2014/02/03 00:00:00+00,2014/01/06 00:00:00+00,,,62.22,1,40306,Commercial,Addition to Existing,1,Proposed building addition that will connect the two existing buildings into one contiguous building, , ,0, , ,0,90be8131-7eaa-4c8f-b076-423838e2029d,SUB-03041,2014,"Proposed building addition and parking lot and entrance reconfiguration

See previous review 03041-7",SUB-03041,TRAMMELL CROW COMPANY PROVIDIAN SITE SD,2912127.05323124,7850.8880913007
710,LD-1-14-9174,Uptown Worthington,2014/02/03 00:00:00+00,2014/01/06 00:00:00+00,2016/05/11 00:00:00+00,2016/06/15 00:00:00+00,69.05,770,677430,Residential,Apartment,753,Proposed apartment units,Commercial,Unique,17, , ,0,d0b9a1ce-dffb-460b-add5-ae520ea91351,PROJ-2449,2014,"Proposed mixed use development

See previous review LD-8-13-8491",PROJ-2449,Uptown Worthington,4375449.41248554,11530.1302112389
711,LD-1-14-9188,Honey Brook Community Church,2014/02/07 00:00:00+00,2014/01/09 00:00:00+00,2017/06/05 00:00:00+00,2017/06/20 00:00:00+00,2,1,0,Institutional,Addition to Existing,1,, , ,0, , ,0,3a737d4c-b525-4044-a566-6db9095b3e30,PROJ-3524,2014,Proposed building additions,PROJ-3524,Honey Brook Community Church,367225.173006027,2589.50884357899
712,LD-1-14-9203,70 East Swedesford Road,2014/02/07 00:00:00+00,2014/01/13 00:00:00+00,,,17.4,2,,Industrial,Parking Lot/Garage,2,, , ,0, , ,0,901ca7eb-c714-48e7-9c99-639c8689a3af,PROJ-3527,2014,Parking lot reconfiguration,PROJ-3527,70 East Swedesford Road,808571.740146477,3925.06038965435
713,LD-1-14-9239,The Brown Partnership,2014/02/26 00:00:00+00,2014/01/27 00:00:00+00,,,82.11,1,,Agricultural,Farm/Pasture Land,1,, , ,0, , ,0,ce3610d4-6946-4ab0-a998-a1b80ddbba68,PROJ-2809,2014,"Proposed dairy barn, barn yard and manure storage
",PROJ-2809,Brown Family Partnership,3588615.35855667,8269.11265321349
714,LD-1-14-9241,Lionville Community Y.M.C.A.,2014/02/10 00:00:00+00,2014/01/27 00:00:00+00,2014/08/11 00:00:00+00,2014/08/25 00:00:00+00,8.5,1,11134,Commercial,Addition to Existing,1,, , ,0, , ,0,79a02672-d23b-4e72-81b5-1bbea61ce94f,SUB-05692,2014,"Proposed 2-story building addition and additional parking area

See previous review 05692-4",SUB-05692,YMCA - EXTON/LIONVILLE LD,358276.855457523,2700.43240202711
715,LD-1-15-11142,Hanger Expansion Project,2015/01/21 00:00:00+00,2015/01/08 00:00:00+00,2015/03/30 00:00:00+00,2015/01/21 00:00:00+00,88.79,2,25500,Commercial, ,2,, , ,0, , ,0,c53687dc-e992-45a7-9745-50c8bbe3bbe9,PROJ-3916,2015,2 proposed hangers. see previous review 12550.,PROJ-3916,Hangar Expansion Project,3647504.32639102,14316.8836008346
716,LD-1-15-11150,Longview Property Group,2015/01/26 00:00:00+00,2015/01/06 00:00:00+00,2015/08/10 00:00:00+00,2016/01/19 00:00:00+00,13.79,158,21000,Residential,Apartment,156,,Commercial,Retail,2, , ,0,54cbb20e-e7ba-4ac3-a519-d4d03080be1a,PROJ-3921,2015,"demolish existing features and construct 156 apts in 5 bldgs, 2 retail bldgs, a clubhouse, pool, and parking. see previous review 12506. also see SD-1-15-11149. also signed on 7/1/16 by PF, muni approved on 1/13/16.",PROJ-3921,Longview Property Group,536042.718273106,4240.52790375408
717,LD-1-15-11156,"Lot 2, Morris Farm",2015/02/06 00:00:00+00,2015/01/09 00:00:00+00,2015/07/07 00:00:00+00,2015/07/08 00:00:00+00,4.26,1,40000,Industrial, ,1,, , ,0, , ,0,dd5923ca-fe1e-4383-b150-bffbba140b5a,PROJ-1094,2015,proposed bldg and parking. see previous review 11252-9.,PROJ-1094,Morris Farm Subdivision Lot 5 AKA Witmer Public Sa,186006.032918234,1820.88622708178
718,LD-1-15-11157,Saint Joseph Parish,2015/02/02 00:00:00+00,2015/01/09 00:00:00+00,2015/08/05 00:00:00+00,2016/03/14 00:00:00+00,40.94,1,4500,Institutional,Religious Organization,1,, , ,0, , ,0,5375a869-b6da-4fdc-a3d3-a0fecd5a7d0e,PROJ-2356,2015,"proposed administration building and parking. See previous review 
LD-6-11-4405.",PROJ-2356,Saint Joseph Parish,1663527.34287254,6362.50497576947
719,LD-1-15-11166,The Lofts at Church Street,2015/01/28 00:00:00+00,2015/01/13 00:00:00+00,,,0.87,60,,Residential,Apartment,60,, , ,0, , ,0,7285a2ba-8f90-4388-a367-9be8844eef7d,PROJ-3926,2015,60 proposed apts,PROJ-3926,The Lofts at Church Street,39330.7453586333,797.035550836036
720,LD-1-15-11203,Casey's Pourhouse,2015/02/13 00:00:00+00,2015/01/20 00:00:00+00,2015/07/20 00:00:00+00,2016/07/28 00:00:00+00,0.36,1,456,Commercial,Addition to Existing,1,, , ,0, , ,0,5b491da6-b70a-4f04-9b5c-05df91bd660b,PROJ-3933,2015,proposed bldg addition,PROJ-3933,Casey's Pourhouse,16260.930354727,594.669340388338
721,LD-1-15-11215,Washington Square,2015/02/03 00:00:00+00,2015/01/20 00:00:00+00,2015/04/21 00:00:00+00,2015/04/29 00:00:00+00,12.61,43,,Residential,Townhouse,25,,Residential,Single Family Residential,18, , ,0,19a9b72f-9443-40c2-b2e1-fe5906b55e3f,PROJ-3272,2015,"proposed: 16 SFR, 25 TH, 2 open space lots, parking and road(s). 2 existing SFR. see previous review LD-9-13-8549. also see SD-1-15-11214.",PROJ-3272,Washington Square,1359683.36953974,8144.11188017323
722,LD-1-15-11220,6 Great Valley Parkway,2015/02/13 00:00:00+00,2015/01/21 00:00:00+00,2015/05/05 00:00:00+00,2015/12/16 00:00:00+00,5.14,1,119977,Commercial,Office Building,1,, , ,0, , ,0,49b81ea4-6209-4150-a7fe-9ba08a6d2c35,PROJ-3937,2015,demolish existing building and construct office building. changing parking.,PROJ-3937,6 Great Valley Parkway,199793.971866936,1811.18369500278
723,LD-1-15-11228,D-Town Associates Retail and Office,2015/02/13 00:00:00+00,2015/01/26 00:00:00+00,,,0.5,5,75000,Commercial,Retail,4,"14,500 sq. ft. retail",Commercial,Office Building,1, , ,0,f29cb4da-557e-4330-8d25-79ea31d5aa9e,PROJ-3940,2015,"Full plan title: D-Town Associates Retail and Office Use. demolish building and construct new building with 4 retail spaces on the first floor,  4 floors of office spaces, and 2 floors of underground parking. see previous review LD-9-12-6747.",PROJ-3940,D-Town Associates Retail and Office Use,21644.5289997044,645.387276706928
724,LD-1-16-13156,Roberts Automall,2016/01/21 00:00:00+00,2015/12/30 00:00:00+00,2016/04/18 00:00:00+00,2016/08/15 00:00:00+00,3.04,1,4140,Commercial,Addition to Existing,1,, , ,0, , ,0,35234439-2bae-4b2c-bcd4-ba901f132d4c,PROJ-2257,2016,"4,140 SF addition to existing building and additional parking. see previous review LD-2-15-11353.",PROJ-2257,Roberts Automall,133301.989089822,1491.87865192704
725,LD-1-16-13162,Swedesford Plaza,2016/01/22 00:00:00+00,2016/01/04 00:00:00+00,2019/09/19 00:00:00+00,2019/09/24 00:00:00+00,11.64,1,5067,Commercial,Retail,1,, , ,0, , ,0,ac69d508-67c5-441a-a629-100622b64cab,PROJ-4239,2016,"Construct a 5,067 Retail Building and parking",PROJ-4239,Swedesford Plaza,536853.161434261,3271.02400669811
726,LD-1-16-13166,Aerzen U.S.A. Expansion,2016/01/21 00:00:00+00,2016/01/07 00:00:00+00,2016/07/05 00:00:00+00,2016/07/07 00:00:00+00,5.47,1,21667,Commercial,Addition to Existing,1,, , ,0, , ,0,2881deb3-5e84-47f1-bc9a-1bd7739c81bd,PROJ-4240,2016,"21,667 SF addition to existing building and parking",PROJ-4240,Aerzen U.S.A. Expansion,217958.157348784,1993.28796682812
727,LD-1-16-13168,"Dollar General - Cochranville, PA",2016/01/27 00:00:00+00,2016/01/08 00:00:00+00,2016/05/05 00:00:00+00,2016/07/13 00:00:00+00,4.3,1,9100,Commercial,Retail,1,, , ,0, , ,0,a2f6985b-aba5-429e-b272-f4d08340950d,PROJ-4241,2016,"construct 9,100 SF Dollar General and parking",PROJ-4241,"Dollar General - Cochranville, PA",143620.089936864,1987.87375216558
728,LD-1-16-13189,"Andrews Bridge Associates II, LP",2016/02/02 00:00:00+00,2016/01/13 00:00:00+00,,,10.1,1,12850,Industrial,Addition to Existing,1,, , ,0, , ,0,11d2abb7-feee-4d34-906a-31b21a73bc75,PROJ-4245,2016,"conversion of existing warehouse/flex use building into a self-storage facility, and placement of portable outdoor storage units totaling 12,850 square feet on existing paved areas",PROJ-4245,"Andrews Bridge Assoc.II, L.P.",459593.687563073,2860.46003982951
729,LD-1-16-13237,"Hnos Lara, LLC",2016/02/10 00:00:00+00,2016/01/22 00:00:00+00,2017/04/12 00:00:00+00,2017/04/20 00:00:00+00,0.57,1,3520,Commercial,Restaurant,1,, , ,0, , ,0,66b91118-a94c-41a9-b061-ec1e41b8efb1,PROJ-4249,2016,"construct 3,520 SF commercial building for eating establishment and parking",PROJ-4249,"Hnos Lara, LLC",24776.6186706011,669.581433145192
730,LD-1-16-13241,"Windurra USA, LLC",2016/02/09 00:00:00+00,2016/01/26 00:00:00+00,2024/10/08 00:00:00+00,2024/11/06 00:00:00+00,82.64,1,39365,Commercial, ,1,, , ,0, , ,0,4bbb9296-b349-479e-af07-40511d4dcd65,PROJ-4252,2016,"Proposed 39,365 SF Indoor Riding Horse Arena and Stables. also see SD-1-16-13240",PROJ-4252,"Windurra USA, LLC",3539999.76632788,9667.21869834091
731,LD-1-16-13245,Keen Property,2016/02/10 00:00:00+00,2016/01/26 00:00:00+00,2016/07/27 00:00:00+00,2016/08/09 00:00:00+00,6,3,,Residential,Single Family Residential,3,, , ,0, , ,0,2156804c-1efe-4b58-a62f-7bc47bb848e9,PROJ-4257,2016,Proposed 3 SFR on 3 lots. see previous review SD-10-11-5009.,PROJ-4257,Keen Property,250320.856386258,1963.16053595649
732,LD-10-10-2908,Unionville Equine Associates,2010/10/29 00:00:00+00,2010/09/30 00:00:00+00,2011/02/14 00:00:00+00,2011/02/16 00:00:00+00,18.03,2,21000,Commercial,Medical Building,1,,Commercial,Sports/Recreation ,1, , ,0,0de36919-732f-4316-afd5-87732daa8295,PROJ-1843,2010,"One proposed arena and one proposed clinic with parking. Existing dwelling, office, clinic and shed.",PROJ-1843,Unionville Equine Associates,794227.283262027,4530.94282393143
733,LD-10-10-2911,15-23 Waterloo Avenue,2010/10/27 00:00:00+00,2010/09/30 00:00:00+00,,,0.34,2,,Commercial, ,2,, , ,0, , ,0,55841af0-73be-4203-9a1c-dae066febdf3,SUB-12438,2010,"demolish dwelling on 55-2L-106, add 13 parking spaces on 55-2L-105 and 106.
see previous review 12438",SUB-12438,23 WATERLOO AVE LD,13447.1849198108,469.603665560642
734,LD-10-10-2917,Building 7 at East Caln Business Park,2010/10/27 00:00:00+00,2010/10/01 00:00:00+00,2010/12/15 00:00:00+00,2011/02/07 00:00:00+00,3.79,1,8900,Commercial,Office Building,1,and Vehicle Maintenance (in one building), , ,0, , ,0,b9f486a7-f90c-4ea0-a88d-fd23c0578e6b,SUB-11116,2010,1 proposed bldg - office/vehicle maintenance & 97 new parking spaces (see previous review 11116-3),SUB-11116,PARK FAMILY PARTNERSHIP,1170686.07881521,4731.52706170446
735,LD-10-10-2947,East Bradford Elementary School,2010/11/12 00:00:00+00,2010/10/13 00:00:00+00,2012/11/13 00:00:00+00,2013/08/02 00:00:00+00,18.15,1,7606,Institutional,Addition to Existing,1,, ,School,0, , ,0,dfff0dd5-a07f-4923-9dae-02e2d68ac0a4,PROJ-1875,2010,"five building additions (removing modular classrooms)
see also SD-10-10-2946",PROJ-1875,East Bradford Elementary School,800136.472715534,3547.71085157692
736,LD-10-10-2970,East Pikeland Elementary School ,2010/11/10 00:00:00+00,2010/10/15 00:00:00+00,,,11.34,1,101270,Institutional,Addition to Existing,1,, ,School,0, , ,0,bc071d28-2a21-413a-94f3-ee4c734012a8,PROJ-1887,2010,"demolish current addition and add large proposed building addition, parking, playing field, etc. See also SD-10-10-2969.",PROJ-1887,East Pikeland Elementary School Renovations and Ex,482220.794493231,3019.23692822125
737,LD-10-10-2983,Gourmet's Delight Mushrooms,2010/11/12 00:00:00+00,2010/10/15 00:00:00+00,2011/08/10 00:00:00+00,2011/09/14 00:00:00+00,30.86,4,58240,Commercial,Mushroom House,4,3 building additions to 2 buildings and 2 future buildings. (on one parcel), , ,0, , ,0,6c3701e7-0c7d-429e-8af7-cf5bd6547f16,SUB-808,2010,"3 building additions to 2 buildings and 2 future buildings. (mushroom houses)
see previous review 02860-4",SUB-808,GOURMETS DELIGHT,1719248.44183087,5440.62886865599
738,LD-10-11-4987,Shelbourne Healthcare,2011/10/25 00:00:00+00,2011/09/27 00:00:00+00,2012/04/23 00:00:00+00,2012/06/22 00:00:00+00,8.49,85,,Residential,Apartment,85,Assisted Living Facility, , ,0, , ,0,c522c0c3-9856-44a4-be34-9dfcc830bf37,SUB-10958,2011,proposed Assisted Living Facility,SUB-10958,ALLIANCE BANK,339198.774950663,3189.50182364673
739,LD-10-11-5016,Specialty Packaging Inc.,2011/10/25 00:00:00+00,2011/10/03 00:00:00+00,2012/03/12 00:00:00+00,2012/03/21 00:00:00+00,1.57,1,10570,Industrial, ,1,Unknown, , ,0, , ,0,0eb79900-9e08-4bee-bdc4-f42db9e208c0,PROJ-2523,2011,Construct proposed building. Demolish existing shed and trailer. Note: acreage taken from GIS.,PROJ-2523,Specialty Packaging Inc,64023.8036831696,1248.9072493716
740,LD-10-11-5033,Philips Brothers Electrical Contrac,2011/11/04 00:00:00+00,2011/10/05 00:00:00+00,2011/12/14 00:00:00+00,2012/06/28 00:00:00+00,53.67,5,111710,Industrial,Addition to Existing,2,,Industrial,Unique,3, , ,0,0c0d3cf8-c57c-49c5-9793-6e689db2a772,PROJ-2038,2011,"Full Plan Title: Philips Brothers Electrical Contractors

3 new buildings and 2 building additions
see previous review LD-12-10-3411
see also SD-10-11-5032",PROJ-2038,Philips Brothers Electrical Contractors,2242904.62575183,6861.09519766565
741,LD-10-12-6807,Lincoln University,2012/10/18 00:00:00+00,2012/10/01 00:00:00+00,,,0.77,1,34735,Institutional,Addition to Existing,1,two building additions to Dickey Hall, , ,0, , ,0,59535aa6-db13-4cae-93d0-f31533a77063,PROJ-2964,2012,Renovating and expanding the existing Dickey Hall Facility. See previous review 09387-2,PROJ-2964,Lincoln University Dickey Hall Expansion Phase 5,33391.1804130855,816.997403713636
742,LD-10-12-6820,I.C.C. Parking Lot Expansion,2012/10/24 00:00:00+00,2012/10/05 00:00:00+00,,,182.7,1,,Institutional,Parking Lot/Garage,1,Proposed parking lot expansion, , ,0, , ,0,16c027fa-5e63-419b-9edf-634262dc2e68,PROJ-2964,2012,"Proposed parking lot expansion.
See previous review 09387-7",PROJ-2964,Lincoln University Dickey Hall Expansion Phase 5,6644311.3716996,26681.6868547635
743,LD-10-12-6825,Proposed Garage,2012/10/17 00:00:00+00,2012/10/05 00:00:00+00,,,3.6,1,6114,Industrial,Unique,1,Proposed mechanics garage, , ,0, , ,0,a3bddf4d-65d8-481b-b1fa-0180fd98e535,PROJ-3003,2012,Proposed mechanics garage,PROJ-3003,Proposed Garage,129219.345685413,1552.01409891496
744,LD-10-12-6832,John Raser,2012/11/04 00:00:00+00,2012/10/05 00:00:00+00,2014/03/03 00:00:00+00,2014/03/12 00:00:00+00,5.5,1,5200,Commercial, ,1,, , ,0, , ,0,786797d7-f293-4c4c-ade0-f4c8363551e1,PROJ-3006,2012,"1 proposed building, 1 existing dwelling",PROJ-3006,John Raser,222623.970369725,2107.8853436233
745,LD-10-12-6838,Lighthouse Youth Center,2012/10/26 00:00:00+00,2012/10/05 00:00:00+00,2014/01/13 00:00:00+00,2014/01/15 00:00:00+00,4.04,1,10934,Institutional, ,1,youth center, , ,0, , ,0,8c7252c6-7365-4f5f-9d12-d80988662a64,PROJ-2993,2012,"demolish existing building(s) and construct new building and parking.

see previous review 11603.",PROJ-2993,Lighthouse Youth Center,167086.465351257,2068.47607933062
746,LD-10-12-6844,Tague Lumber,2012/11/02 00:00:00+00,2012/10/10 00:00:00+00,2013/06/04 00:00:00+00,2013/06/10 00:00:00+00,5,2,17127,Commercial,Unique,2,two proposed buildings, , ,0, , ,0,18e81d0c-695a-48e6-82a4-e96fd8c0ce04,PROJ-3005,2012,"Proposed commercial buildings.

also see SD-10-12-6914.",PROJ-3005,Tague Lumber,192239.581597325,1884.08026157354
747,LD-10-12-6885,Severgn Apartments Building Renovat,2012/11/01 00:00:00+00,2012/10/15 00:00:00+00,2013/01/14 00:00:00+00,2013/01/25 00:00:00+00,20.37,1,1200,Residential,Apartment,1,Proposed maintenance building, , ,0, , ,0,83055389-47d5-49d6-99d8-e0d7e57f5ab2,PROJ-3023,2012,Full plan title: Severgn Apartments Building Renovations and Maintenance Building Addition. Building addition and building renovation,PROJ-3023,Severgn Apartments,889843.771894568,3890.68517597951
748,LD-10-12-6915,Uptown Worthington,2012/11/07 00:00:00+00,2012/10/18 00:00:00+00,2012/11/14 00:00:00+00,2013/05/01 00:00:00+00,69.05,771,709375,Residential,Apartment,753,Proposed apartment units,Commercial,Unique,18, , ,0,331618d2-4c08-484b-af2d-c5443007ad23,PROJ-2449,2012,Proposed mixed use developments. See previous review LD-6-12-6192,PROJ-2449,Uptown Worthington,4375449.41248554,11530.1302112389
749,LD-10-12-6923,Victory Brewing Company 3127 Lower,2012/11/16 00:00:00+00,2012/10/19 00:00:00+00,2014/09/23 00:00:00+00,2014/10/17 00:00:00+00,42.49,1,3480,Commercial,Addition to Existing,1,"Proposed pavilion, pad, and restroom facility additions", , ,0, , ,0,ea8cc44f-ff44-49ff-9c83-c39c8eecc59c,PROJ-3031,2012,"Full plan title: Victory Brewing Company 3127 Lower Valley Road. Proposed pavilion, pad, and restroom facility additions",PROJ-3031,Victory Brewing Company 3127 Lower Valley Road,1758186.00688186,5351.4999450711
750,LD-10-13-8664,"Summit Realty Advisors, LLC",2013/10/25 00:00:00+00,2013/10/01 00:00:00+00,2014/08/27 00:00:00+00,2014/10/16 00:00:00+00,5.12,3,23352,Commercial,Unique,3,"Proposed Wawa, CVS, and Bank", , ,0, , ,0,f62fb9d4-f51a-41fd-91db-453867f44a45,PROJ-3405,2013,"Proposed Wawa, CVS, and Bank

also see SD-10-13-8663",PROJ-3405,"Summit Realty Advisors, LLC",225662.094379313,2109.7250229359
751,LD-10-13-8675,"Clover Mill Road,  Lot 1",2013/10/22 00:00:00+00,2013/10/02 00:00:00+00,,,7.45,1,20168,Industrial,Unique,1,Auto body repair shop, , ,0, , ,0,f33c63b8-acc9-4928-970b-13335ad8efb0,PROJ-3162,2013,"Proposed auto body repair shop on lot #1

See previous review LD-9-13-8600",PROJ-3162,Clover Mill Road,1770561.09359929,6022.8207411509
752,LD-10-13-8697,2 Tabas Lane,2013/11/06 00:00:00+00,2013/10/09 00:00:00+00,,,10.1,1,,Industrial,Addition to Existing,1,, , ,0, , ,0,b7dc724b-7310-4e00-b7cc-a495a9198925,PROJ-3410,2013,Two phase reconfiguration of loading docks and parking,PROJ-3410,2 Tabas Lane,432476.874463499,3004.06208168157
753,LD-10-13-8704,Severgn Apartments - Phase 2  Proposed Apartment Building #17,2013/10/25 00:00:00+00,2013/10/09 00:00:00+00,,,20.37,12,,Residential,Apartment,12,, , ,0, , ,0,a3f2252d-d6ea-4b43-a5b4-1855f291d4e0,PROJ-3023,2013,"Full plan title: Severgn Apartments - Phase 2  Proposed Apartment Building #17. proposed apartment bldg with 12 units. see previous review LD-10-12-6885.

",PROJ-3023,Severgn Apartments,889843.769849487,3890.68505753895
754,LD-10-13-8715,Henry S. Zook,2013/11/08 00:00:00+00,2013/10/10 00:00:00+00,,,18.35,1,11200,Industrial,Unique,1,Expansion of existing welding business, , ,0, , ,0,dc74b7cb-87da-4e8f-b268-2627e9b68f6a,PROJ-3413,2013,Proposed building. also see SD-10-13-8714.,PROJ-3413,Henry S. Zook,790964.552492227,5824.57472018591
755,LD-10-13-8718,The Oppy Property L.P.,2013/11/07 00:00:00+00,2013/10/11 00:00:00+00,,,21.92,2,126292,Commercial,Unique,2,, , ,0, , ,0,57cebe0c-86ea-4c05-87ae-ff0956a4420f,SUB-11061,2013,"Proposed cold storage warehouse, office building, equipment storage and drivers lounge.

See previous review 11061-3

also see SD-10-13-8717",SUB-11061,THE RICHARDS PARCEL,923892.249627037,4096.06062699269
756,LD-10-13-8731,100 First Ave,2013/11/06 00:00:00+00,2013/10/11 00:00:00+00,2014/04/08 00:00:00+00,2015/10/13 00:00:00+00,0.37,1,6450,Commercial,Medical Building,1,, , ,0, , ,0,43ea1c3b-784c-4033-b1ca-9f62ffc14613,PROJ-3417,2013,"Proposed 3-story medical building

",PROJ-3417,100 First Ave,15535.7028021538,510.168555445192
757,LD-10-14-10648,Winslow Hair Salon,2014/10/09 00:00:00+00,2014/09/29 00:00:00+00,2015/05/04 00:00:00+00,2015/05/14 00:00:00+00,0.21,1,,Commercial,Unique,1,, , ,0, , ,0,df4fec3d-bc8e-499d-85dc-8e892dbd0294,SUB-07897,2014,8 new parking spaces & convert existing structure to hair salon.,SUB-07897,"WINTERS, ROBERT E.",7480.76896958319,399.769062625806
758,LD-10-14-10680,O'Rourke Steel,2014/10/17 00:00:00+00,2014/10/02 00:00:00+00,2014/11/12 00:00:00+00,2014/12/17 00:00:00+00,4.64,1,1620,Industrial,Addition to Existing,1,, , ,0, , ,0,a6c31096-6f58-4d8e-a8c8-8fff384363fd,SUB-10382,2014,proposed bldg addition. see previous review 10382-2.,SUB-10382,O'ROURKE STEEL,205762.552797454,2333.51219363596
759,LD-10-14-10685,Movie Tavern,2014/10/20 00:00:00+00,2014/10/02 00:00:00+00,2014/10/29 00:00:00+00,2015/02/27 00:00:00+00,21.48,1,43402,Commercial,Unique,1,, , ,0, , ,0,3aa2387f-268c-486b-b149-6dd22aa3c898,PROJ-3787,2014,proposed movie tavern and parking. see previous review 3722-11.,PROJ-3787,Proposed Movie Tavern,1019066.20396911,4351.25162813285
760,LD-10-14-10686,The Haven @ Atwater Village,2014/11/06 00:00:00+00,2014/10/07 00:00:00+00,2015/03/11 00:00:00+00,2015/08/14 00:00:00+00,13.17,326,,Residential,Apartment,326,, , ,0, , ,0,e36b70fc-280e-4917-8227-aaca1d2a2d90,PROJ-3730,2014,"326 apartments in 9 buildings, parking, pool, cabana, etc. see previous review LD-4-12-5826.",PROJ-3730,"RLD Atwater JV, LLC",5905599.50232888,16413.5149186364
761,LD-10-14-10689,Atwater Village,2014/11/06 00:00:00+00,2014/10/07 00:00:00+00,2015/06/19 00:00:00+00,2015/08/18 00:00:00+00,121.17,549,,Residential,Single Family Residential,68,,Residential,Townhouse,401,Residential,Twin,80,0467178c-f9d4-408d-9b86-6d5f7fe5d68b,PROJ-3730,2014,"proposed: 68 SFR, 401 THS, 80 TWN, streets, parking, trails, etc. see previous review LD-4-12-5826.",PROJ-3730,"RLD Atwater JV, LLC",5905599.50232888,16413.5149186364
762,LD-10-14-10719,382 Pemberton Road,2014/10/23 00:00:00+00,2014/10/03 00:00:00+00,2015/03/30 00:00:00+00,2015/05/14 00:00:00+00,5.07,1,7866,Agricultural,Farm/Pasture Land,1,, , ,0, , ,0,9d49142d-d60c-4e38-86ed-eaf394bc1078,940-06-04,2014,"proposed riding ring, stalls, lounge. see previous review 11571.",940-06-04,Nance Subdivision AKA Tamara Estates,227727.855241561,2162.28838392558
763,LD-10-14-10723,Fame Fire Company,2014/10/24 00:00:00+00,2014/10/08 00:00:00+00,2015/01/14 00:00:00+00,2015/02/17 00:00:00+00,2.02,1,4470,Institutional,Addition to Existing,1,, ,Emergency Services,0, , ,0,c7309a60-b718-493a-81d0-9023ba650e9f,SUB-10184,2014,proposed drive thru addition. see previous review LD-11-10-3162.,SUB-10184,FAME FIRE COMPANY EXPANSION,88759.537913479,1292.74141794844
764,LD-10-14-10737,John Walsh,2014/10/27 00:00:00+00,2014/10/14 00:00:00+00,2021/10/18 00:00:00+00,2021/11/15 00:00:00+00,2.41,4,0,Commercial, ,4,, , ,0, , ,0,3b525e36-d3fe-4495-996e-52e94e6d154a,PROJ-3845,2014,4 proposed bldgs and parking.,PROJ-3845,John Walsh,86092.2261874412,1329.24457511883
765,LD-10-14-10743,Swampy Hollow Manufacturing,2014/11/14 00:00:00+00,2014/10/15 00:00:00+00,2015/02/11 00:00:00+00,2015/05/12 00:00:00+00,6.43,2,31454,Industrial, ,2,, , ,0, , ,0,44608f4a-940d-48ce-af56-f305c9f56586,PROJ-3847,2014,2 proposed buildings and parking. also see SD-10-14-10742.,PROJ-3847,Swampy Hollow Manufacturing,142865.900477798,2222.19816094001
766,LD-10-14-10749,Proposed Dollar General Retail Store,2014/11/14 00:00:00+00,2014/10/15 00:00:00+00,2015/07/21 00:00:00+00,2016/02/02 00:00:00+00,1.03,1,9202,Commercial, ,1,, , ,0, , ,0,9eae9bc3-2ff9-4845-affd-62e5a6620da8,PROJ-3848,2014,Demolish existing building and construct dollar general store and  parking. also see SD-10-14-10748.,PROJ-3848,Proposed Dollar General Retail Store,43503.8619825292,870.270015316246
767,LD-10-14-10769,Proposed Climate Controlled Self-Storage Facility,2014/10/27 00:00:00+00,2014/10/17 00:00:00+00,2015/10/07 00:00:00+00,2015/10/09 00:00:00+00,3.42,2,28725,Commercial, ,2,, , ,0, , ,0,0e6245ef-c9a8-4dd5-8895-60140f4b559b,PROJ-3854,2014,Proposed Climate Controlled Self-Storage Facility. 2 proposed buildings & parking (phase 1 and 2),PROJ-3854,Proposed Climate Controlled Self-Storage Facility,143739.422858578,1689.970814323
768,LD-10-14-10805,Exton Self Storage Facility,2014/11/14 00:00:00+00,2014/10/22 00:00:00+00,2015/04/13 00:00:00+00,2015/05/18 00:00:00+00,4.45,6,63600,Commercial, ,6,, , ,0, , ,0,427fbd13-b3d2-4172-bf0f-56f37a5c1bce,SUB-10045,2014,"6 proposed buildings, see previous review 10045-3.",SUB-10045,LIONVILLE BUSINESS CENTER,202741.725745394,1854.18735945438
769,LD-10-14-10811,New Eagle Elementary School,2014/11/14 00:00:00+00,2014/10/27 00:00:00+00,2014/12/18 00:00:00+00,2015/06/12 00:00:00+00,14.86,1,2700,Institutional,Addition to Existing,1,, ,School,0, , ,0,4a5c911b-82fb-4c53-b118-dd5315b750dc,SUB-09382,2014,"proposed building addition, site improvements and parking.",SUB-09382,NEW EAGLE ELEMENTARY SCHOOL ADDITION LD,654533.18831352,3732.83210216527
770,LD-10-15-12684,The Townes at Malvern - Section 2,2015/10/22 00:00:00+00,2015/10/02 00:00:00+00,2016/11/04 00:00:00+00,2017/04/24 00:00:00+00,12.06,64,,Residential,Townhouse,64,, , ,0, , ,0,c0485a46-907e-4165-b716-cec8010f8f0f,PROJ-4180,2015,"64 proposed townhouses, parking and a road. 2 existing 
SFR. also see SD-10-15-12683",PROJ-4180,The Townes at Malvern - Section 2,515953.788906562,3795.02787813431
771,LD-10-15-12700,Exton Elementary School Expansion,2015/10/26 00:00:00+00,2015/10/08 00:00:00+00,2015/12/09 00:00:00+00,2016/04/27 00:00:00+00,16.3,1,69139,Institutional,Addition to Existing,1,, , ,0, , ,0,2acab088-987b-4202-81a4-fb1173e6e4ad,PROJ-4182,2015,expansion of existing elementary school (building additions and parking),PROJ-4182,Exton Elementary School Expansion,537952.319330637,3047.23459955882
772,LD-10-15-12740,Ravello,2015/11/05 00:00:00+00,2015/10/14 00:00:00+00,2016/09/21 00:00:00+00,2016/09/26 00:00:00+00,14.39,175,,Residential,Apartment,175,, , ,0, , ,0,13b9b42d-bb35-48cf-b34f-af5ea8996eb8,PROJ-4186,2015,proposed apartment building and parking (160 garage and 147 outdoor spaces). also see SD-10-15-12739.,PROJ-4186,Ravello,610680.833909638,4504.98132372506
773,LD-10-15-12761,Mayfair,2015/11/10 00:00:00+00,2015/10/20 00:00:00+00,2018/01/02 00:00:00+00,2018/02/28 00:00:00+00,33.51,112,,Residential,Townhouse,112,, , ,0, , ,0,ae4b9294-4a63-445a-827a-1f3b35813b8a,PROJ-4011,2015,"112 proposed townhouses, roads and parking",PROJ-4011,Mayfair,1422556.25345196,5299.27294090881
774,LD-10-15-12771,Fillmore Village - Phase 3,2015/11/06 00:00:00+00,2015/10/16 00:00:00+00,2016/03/08 00:00:00+00,2016/09/15 00:00:00+00,20.06,24,,Residential,Townhouse,24,, , ,0, , ,0,0ca14085-b7f5-4de9-ae4b-5ebf750a4453,PROJ-4192,2015,"24 proposed townhouses, parking and road. Previous review LD-3-15-11497,  also see SD-10-15-12770.",PROJ-4192,Fillmore Village - Phase 3,873955.686051399,14420.1366098922
775,LD-10-15-12788,Exton Square Mall Grocery Store,2015/11/13 00:00:00+00,2015/10/21 00:00:00+00,2016/03/09 00:00:00+00,2016/09/26 00:00:00+00,20.28,1,55000,Commercial, ,1,, , ,0, , ,0,6ed68f4c-08b3-473c-be0d-5c79d70740b2,PROJ-4196,2015,demolish existing building and construct grocery store building and parking. (Whole Foods)  also see SD-10-15-12787.,PROJ-4196,Exton Square Mall Grocery Store,909356.916004294,4745.06649497822
776,LD-10-15-12825,St. Philip and James Parish Center,2015/11/20 00:00:00+00,2015/10/28 00:00:00+00,2016/02/10 00:00:00+00,2016/10/31 00:00:00+00,6.5,1,2176,Institutional,Addition to Existing,1,, , ,0, , ,0,98ae23ee-393a-4fad-81ed-4d14151e11ba,PROJ-4202,2015,construct new parish hall (building addition) and changing parking,PROJ-4202,St. Philip and James Parish Addition,1599696.66305822,7389.88328226504
777,LD-10-16-14481,AutoQuest Collision,2016/11/01 00:00:00+00,2016/10/03 00:00:00+00,2017/01/09 00:00:00+00,2017/01/19 00:00:00+00,0.59,1,1200,Commercial,,1,,,,0,,,0,14f05c3e-4443-4d05-b461-85e13a45a313,PR-004420-2016,2016,"build 1,200 SF garage",PR-004420-2016,AutoQuest Collision,15191.7143334307,986.496709264383
778,LD-10-16-14482,East Market Street Apartments,2016/10/25 00:00:00+00,2016/10/04 00:00:00+00,2016/12/14 00:00:00+00,2016/12/21 00:00:00+00,0.13,4,1200,Residential,Apartment,3,,Commercial,Retail,1,,,0,d0400b13-9c4b-41d7-8044-5d4ea5159204,PR-004421-2016,2016,"construct building (1st floor 1200 SF retail, 3 apts above) and parking.",PR-004421-2016,East Market Street Apartments,5619.79460085187,330.742567054196
779,LD-10-16-14499,Swedesford Square,2016/10/25 00:00:00+00,2016/10/06 00:00:00+00,2016/12/14 00:00:00+00,2017/09/13 00:00:00+00,24.08,244,0,Residential,Apartment,244,, , ,0,,,0,17af7aa5-6009-4dad-92c3-37eb6db85e5d,PR-004424-2016,2016,"2 proposed apartment buildings with 244 units, a clubhouse, new parking, etc. (1 existing commercial building) ",PR-004424-2016,Swedesford Square,1115408.04342613,4186.56786432035
780,LD-10-16-14500,GVCC Mixed Use Development ,2016/11/04 00:00:00+00,2016/10/07 00:00:00+00,,,40.81,618,1269960,Residential,Apartment,613,,Commercial,Hotel/Resort/Inn,1,Commercial,Office Building,4,88a17b97-84be-43a1-8050-88ce2eee7d38,PR-004425-2016,2016,"613 apartments, 4 Commercial buildings, a hotel, retail, 6 parking garages and surface parking in 3 phases.",PR-004425-2016,GVCC Mixed Use Development,1905865.9216483,10432.2821514011
781,LD-10-16-14501,Michael A. Stolper,2016/11/04 00:00:00+00,2016/10/11 00:00:00+00,2017/06/12 00:00:00+00,2017/06/14 00:00:00+00,12.3,1,10000,Commercial,Office Building,1,,,,0,,,0,1b4c5014-8225-4583-9e46-67d1416887ef,PR-004426-2016,2016,1 proposed office building and parking,PR-004426-2016,Michael A. Stolper,479376.66978299,2666.35969389479
782,LD-10-16-14504,Henderson Horse Farm,2016/11/15 15:37:08+00,2016/10/17 00:00:00+00,,,40.13,1,20400,Commercial,,1,,,,0,,,0,780a8ec3-6c73-491b-98ce-f4ea1cedb698,PR-004429-2016,2016,proposed equine building and parking,PR-004429-2016,Henderson Horse Farm,1742112.04495018,6649.16855687871
783,LD-10-16-14506,Steelworks,2016/11/07 10:20:52+00,2016/10/19 14:13:11+00,,,5.73,337,36700,Residential,Apartment,336,,Commercial,Retail,1,,,0,ef2b2e3a-e1bf-49c7-aebf-e7a6ba1d0ddb,PR-004430-2016,2016,"Construct 336 apartments and 36,700 SF of Commercial space in 1 building. also adding parking.",PR-004430-2016,Steelworks,213506.599489192,2061.18813375369
784,LD-10-16-14515,Oxford Cabinetry,2016/11/16 00:00:00+00,2016/10/21 00:00:00+00,2017/04/12 00:00:00+00,2017/08/25 00:00:00+00,4.81,1,28000,Commercial,,1,,,,0,,,0,8d5db41c-e9ae-40c0-a94d-5e99eae76145,PR-004432-2016,2016,proposed cabinet shop and parking,PR-004432-2016,Oxford Cabinetry,189875.462997577,2063.65101984021
785,LD-10-16-14516,Bay Colony Business Park - Phase 2,2016/11/15 00:00:00+00,2016/10/21 00:00:00+00,2017/01/19 00:00:00+00,2017/07/25 00:00:00+00,21.38,1,0,Commercial,,1,,,,0,,,0,cbef04b7-2672-45a7-acb1-2813573a3315,PR-004433-2016,2016,construct open air plaza for employees and changing parking (5 new spaces),PR-004433-2016,Bay Colony Business Park,918172.329498301,3977.22824773085
786,LD-10-16-14517,Parkview at Oaklands,2016/11/17 00:00:00+00,2016/10/21 00:00:00+00,2017/12/13 00:00:00+00,2018/08/07 00:00:00+00,36.07,276,0,Residential,Apartment,276,,,,0,,,0,e5501934-4bd3-4d4f-a701-9f000fc73bc5,PR-004434-2016,2016,"276 proposed apartments in 4 buildings. also proposing a pool, patio, garages, a dog park and parking.",PR-004434-2016,Parkview at Oaklands,1554652.35151991,7382.25516944282
787,LD-10-16-14522,West Chester KIA - Bldg. Addition,2016/11/16 00:00:00+00,2016/10/25 00:00:00+00,2017/03/08 00:00:00+00,2017/03/28 00:00:00+00,2.43,1,6369,Commercial,Addition to Existing,1,,,,0,,,0,913dbde6-ed26-4fff-9301-2e74a6514e7d,PR-004436-2016,2016,3 building additions to car dealership building,PR-004436-2016,West Chester KIA - Bldg. Addition,110298.554360417,1364.58946976434
788,LD-10-16-14523,ACAC Fitness & Wellness Center,2016/11/14 00:00:00+00,2016/10/25 00:00:00+00,,,17.46,1,7839,Commercial,Addition to Existing,1,,,,0,,,0,16086bd2-5d59-4100-baa5-e48ec9def555,PROJ-4282,2016,Adult Fitness Center Addition. ,PROJ-4282,ACAC Fitness & Wellness Center,882297.879741079,4210.94924273485
789,LD-10-17-15116,CarSense - Chester Springs,2017/10/20 00:00:00+00,2017/09/29 00:00:00+00,,,11.79,1,2853,Commercial,Addition to Existing,1,,,,0,,,0,e1552567-2b41-4cef-bfbd-0e1242aaf674,PR-004652-2017,2017,Proposed building addition and storage building,PR-004652-2017,CarSense - Chester Springs,505261.699879467,4027.80383622084
790,LD-10-17-15120,Spotts View Kennel,2017/10/23 15:35:49+00,2017/10/02 00:00:00+00,,,5.66,1,2433,Commercial,Unique,1,,,,0,,,0,09a0421f-6668-4099-b0e9-5695a87885bc,PR-004653-2017,2017,Proposed building addition and building ,PR-004653-2017,Spotts View Kennel,238223.524263049,1982.75799848496
791,LD-10-17-15128,"Valley Forge Meadows Company, Inc.",2017/11/01 00:00:00+00,2017/10/06 00:00:00+00,2019/11/21 00:00:00+00,2019/11/26 00:00:00+00,29.78,32,0,Residential,Townhouse,32,,,,0,,,0,a8871a3a-a1e0-4bf8-8917-e1e4dffd797e,PR-004658-2017,2017,"Proposed: townhouses, roads, and parking",PR-004658-2017,"Valley Forge Meadows Company, Inc.",1292154.2826716,6624.18519914451
792,LD-10-17-15133,Church Farm School (Phase 1-North Campus),2017/11/03 00:00:00+00,2017/10/11 14:03:51+00,2018/01/24 00:00:00+00,2019/03/14 00:00:00+00,86.34,1,8771,Institutional,Addition to Existing,1,,,,0,,,0,e6216595-eb97-41d9-8fb4-004d2343fab3,PR-004662-2017,2017,building addition and parking,PR-004662-2017,Church Farm School,3761720.51661275,7722.06847452281
793,LD-10-17-15137,Coatesville Mixed Use Redevelopment,2017/11/10 00:00:00+00,2017/10/12 00:00:00+00,,,1.3,1,34000,Commercial,Office Building,1,, , ,0,,,0,c33d4c21-043e-4759-871d-2bdc9dbada39,PR-004665-2017,2017,Demolish existing buildings. Proposed building and parking.,PR-004665-2017,Coatesville Mixed Use Redevelopment,69412.936100977,1552.59387428941
794,LD-10-17-15138,Quick Lane,2017/11/09 00:00:00+00,2017/10/13 14:23:40+00,2019/01/28 00:00:00+00,2019/01/29 00:00:00+00,3.43,2,15300,Commercial,Retail,1,,Commercial,Unique,1,,,0,75c7d482-7de0-458f-aabd-3205fc8f6295,PR-004666-2017,2017,demolish existing buildings. 2 proposed buildings and parking.,PR-004666-2017,Quick Lane,126925.583139512,1552.74027648625
795,LD-10-17-15142,"203 Management, LLC",2017/11/03 00:00:00+00,2017/10/13 00:00:00+00,2018/05/15 00:00:00+00,2018/05/31 00:00:00+00,0.37,5,0,Residential,Apartment,5,,,,0,,,0,5abe241d-fba4-4c02-afe4-ee4c066305e3,PR-004669-2017,2017,Proposed apartments (addition to existing apartment building) and parking,PR-004669-2017,"203 Management, LLC",14817.5397422467,505.123744088438
796,LD-10-17-15143,Valley Suburban Center,2017/11/08 00:00:00+00,2017/10/13 00:00:00+00,2018/12/04 00:00:00+00,2021/12/10 00:00:00+00,62.9,98,0,Residential,Townhouse,98,,,,0,,,0,116f7d5a-3ee8-473a-b8f2-e6026fcf6e47,PR-004485-2017,2017,"Proposed: townhouses, roads and parking",PR-004485-2017,Valley Suburban Center,2895996.10051663,7431.11589679193
797,LD-10-17-15145,Shane R. Ware & Kathryn M. Ware,2017/11/08 00:00:00+00,2017/10/13 00:00:00+00,2018/05/14 00:00:00+00,2018/05/14 00:00:00+00,4.02,1,4480,Commercial, ,1,,,,0,,,0,67bbbe4f-f9fc-4646-8a09-0873fb155eb6,PR-004672-2017,2017,Proposed pole barn and parking,PR-004672-2017,Shane R. Ware & Kathryn M. Ware,155360.243829169,1703.5612885341
798,LD-10-17-15149,"Landhope Realty, Co.",2017/11/14 00:00:00+00,2017/10/16 15:37:05+00,,,4.19,1,6108,Commercial, ,1,,,,0,,,0,a4fe4719-07d8-41ff-97d0-e2eef5f13e30,PR-004675-2017,2017,"Proposed building, gas pumps, and parking",PR-004675-2017,"Landhope Realty, Co",165431.754995518,1883.6239371612
799,LD-10-17-15153,Station Square,2017/11/03 00:00:00+00,2017/10/18 14:32:13+00,2018/04/19 00:00:00+00,2018/12/07 00:00:00+00,7.47,153,0,Residential,Apartment,153,,,,0,,,0,e8062291-d17d-46aa-8ff9-a8a6be0bf821,PR-004677-2017,2017,Demolish buildings and construct apartment building and parking,PR-004677-2017,Station Square,271257.223479338,3225.44387072394
800,LD-10-17-15156,Eagle Village Parking Expansion,2017/11/14 00:00:00+00,2017/10/20 00:00:00+00,,,7.2,1,0,Commercial,Parking Lot/Garage,1,,,,0,,,0,bd320d8f-6ca7-49c9-9dcc-4e2d5daa1ecb,PR-004680-2017,2017,Proposed parking lot expansion,PR-004680-2017,Eagle Village Parking Expansion,317037.539274622,2881.53819838987
801,LD-10-17-15158,O'Donnell Tract (Clover Lane),2017/11/14 00:00:00+00,2017/10/23 00:00:00+00,2017/12/13 00:00:00+00,2018/01/24 00:00:00+00,20.45,1,0,Residential,Single Family Residential,1,,,,0,,,0,81a005a1-5e63-43b9-b888-54f8317e2718,PR-004682-2017,2017,Proposed cul-de-sac (SFR lots will be created in the future),PR-004682-2017,O'Donnell Tract (Clover Lane),883655.611114821,4323.89354958799
802,LD-10-17-15162,302 National Road,2017/11/20 00:00:00+00,2017/10/30 00:00:00+00,2018/01/16 00:00:00+00,2019/01/30 00:00:00+00,0.71,1,4366,Commercial,,1,,,,0,,,0,b67e836c-48ca-486d-96e9-15d1cda90cf7,PR-004685-2017,2017,Proposed warehouse/office building and parking,PR-004685-2017,302 National Road,33166.1351801178,736.795480387581
803,LD-10-18-15614,Kennett Apartments,2018/10/29 14:22:52+00,2018/10/12 00:00:00+00,2019/05/01 00:00:00+00,2019/05/10 00:00:00+00,14.45,175,0,Residential,Apartment,175,,,,0,,,0,b15c930a-9436-4e83-8180-6c709709b95d,PR-004919-2018,2018,175 apartments in 3 buildings and parking,PR-004919-2018,Kennett Apartments,655753.731475347,5218.42556662741
804,LD-10-18-15620,"Orange Realty Group, Inc. ",2018/10/24 09:59:05+00,2018/10/08 11:28:17+00,2019/04/15 00:00:00+00,2019/05/30 00:00:00+00,1.31,1,936,Commercial,Addition to Existing,1,,,,0,,,0,731cc892-90ec-47ba-bd05-3b96e8bcf730,PR-004921-2018,2018,building addition and parking,PR-004921-2018,"Orange Realty Group, Inc. ",61976.2342323636,1293.27123881876
805,LD-10-18-15624,368 Church Street,2018/11/09 00:00:00+00,2018/10/10 13:46:43+00,,,0.9,1,95215,Commercial,Unique,1,,,,0,,,0,5f9a20f3-14f0-48d3-83a5-197604eb82bd,PR-004923-2018,2018,"95,215 square foot self-storage building",PR-004923-2018,368 Church Street,34076.1084831641,759.541228754528
806,LD-10-18-15634,Barclay Friends,2018/11/14 08:59:10+00,2018/10/18 00:00:00+00,2018/12/19 00:00:00+00,2019/04/03 00:00:00+00,10.88,1,33936,Institutional,Nursing Home/Assisted Living,1,,,,0,,,0,af239579-b1ca-48a5-9868-4f7f966c259e,PR-004929-2018,2018,"A new 29,940 square foot personal care building, four building additions to the Cotter Building totaling 3,996 square feet, and parking.",PR-004929-2018,Barclay Friends,476811.429716166,3034.73121836281
807,LD-10-18-15639,"1580, 1600, 1690 and 1692 Russell Road",2018/11/14 00:00:00+00,2018/10/18 00:00:00+00,,,5.78,1,114543,Institutional,Nursing Home/Assisted Living,1,,,,0,,,0,8875810e-1664-4aaf-b0e0-74bd43c963c3,PR-004933-2018,2018,proposed building (Assisted Living Facility) and changing parking,PR-004933-2018,"1580, 1600, 1690 and 1692 Russell Road",204621.969148426,2400.78235481324
808,LD-10-18-15648,Proposed Horse Barn and Greenhouse,2018/11/14 00:00:00+00,2018/10/29 14:13:36+00,2019/01/16 00:00:00+00,2019/03/27 00:00:00+00,8.9,2,5640,Commercial,Unique,2,,,,0,,,0,37a36e9a-80c8-4820-9661-a5b9cfadff23,PR-004935-2018,2018,Proposed Horse Barn and Greenhouse,PR-004935-2018,Proposed Horse Barn and Greenhouse,374458.451286402,2840.61890557392
809,LD-10-18-15649,SteamTeam/A-1 Mulch LLC,2018/11/14 09:14:23+00,2018/10/30 00:00:00+00,2020/05/11 00:00:00+00,2020/05/20 00:00:00+00,17.36,1,3460,Industrial,Addition to Existing,1,,,,0,,,0,134b83e2-ae2e-4bd7-a3f9-77f19870177d,PR-004936-2018,2018,two proposed building additions (and a hoop barn),PR-004936-2018,SteamTeam/A-1 Mulch LLC,755858.357023362,3821.41453528973
810,LD-10-19-16090,Daniel K. Blank,2019/10/24 15:12:05+00,2019/09/30 00:00:00+00,2019/11/13 00:00:00+00,2020/02/07 00:00:00+00,8,1,5000,Industrial,Manufacturing,1,,,,0,,,0,e9948060-18dc-43ab-b8dc-909f515eee1a,PR-005146-2019,2019,proposed building (manufacturing) and parking,PR-005146-2019,Daniel K. Blank,3867934.16374431,10283.3783214383
811,LD-10-19-16093,Starbucks at Eaglepointe Village,2019/10/25 13:58:21+00,2019/10/07 00:00:00+00,,,14.15,1,0,Commercial,Building Conversion,1,,, ,0,,,0,4cddfa22-e010-47e4-adac-f08333bcf9c2,PR-005147-2019,2019,Convert existing building to a Starbucks. Reconfiguring parking lot and drive through.,PR-005147-2019,Starbucks at Eaglepointe Village,609590.365884667,4020.89769719942
812,LD-10-19-16095,Avon Grove High School,2019/11/07 14:32:47+00,2019/10/08 14:16:58+00,,,153.81,1,296010,Institutional,School,1,,,,0,,,0,910ad14e-c42b-4222-8a13-6f52644ef79c,PR-005148-2019,2019,"proposed building (high school), parking and outdoor sporting areas",PR-005148-2019,Avon Grove High School,6653287.46864555,17211.5766713273
813,LD-10-19-16101,DSM Biomedical,2019/11/06 14:50:08+00,2019/10/11 11:08:09+00,2020/03/10 00:00:00+00,2020/06/25 00:00:00+00,18.51,1,486,Commercial, ,1,,,,0,,,0,671890b9-7103-49f6-bff4-863368bba973,PR-005150-2019,2019,proposed building,PR-005150-2019,DSM Biomedical,799367.424780864,3747.55883837632
814,LD-10-19-16128,Melton Center Apartments,2019/11/22 00:00:00+00,2019/10/29 00:00:00+00,2020/02/26 00:00:00+00,2020/06/01 00:00:00+00,4.03,51,0,Residential,Apartment,41,,Residential,Townhouse,10,,,0,2ff017fe-19fc-4e24-ac9e-dec11207d1b0,PR-005160-2019,2019,proposed: 10 townhouses and 41 apartments in 2 buildings and parking,PR-005160-2019,Melton Center Apartments,157790.693923025,1756.44229599257
815,LD-10-20-16497,Immaculata University,2020/11/04 00:00:00+00,2020/10/05 14:50:13+00,2021/01/13 00:00:00+00,2021/04/19 00:00:00+00,182,1,15369,Institutional,School,1,,,,0,,,0,450911c4-be9c-40c2-ae82-6563b808e96d,PR-005327-2020,2020,"proposed 15,369 square foot school building",PR-005327-2020,Immaculata University,8412980.73845509,13834.5340374633
816,LD-10-20-16505,Severgn Apartments,2020/10/26 00:00:00+00,2020/10/08 15:41:16+00,2021/06/14 00:00:00+00,2021/07/01 00:00:00+00,21.14,25,0,Residential,Apartment,25,,,,0,,,0,cdc28612-e755-416e-a0d3-36b39059ecc3,PR-005329-2020,2020,25 apartments proposed,PR-005329-2020,Severgn Apartments,979429.063726637,4079.31535411812
817,LD-10-20-16507,North Hill Flats,2020/11/04 13:10:56+00,2020/10/09 11:25:28+00,,,0.18,9,808,Residential,Apartment,8,,Commercial,Retail,1,,,0,f8de3e3b-3545-4bb6-a997-b3605dab75b9,PR-005330-2020,2020,"proposed 3 story mixed use building, Retail on ground level, 2nd and 3rd floor will have 8 apts",PR-005330-2020,North Hill Flats,9242.66203064071,387.716856939723
818,LD-10-20-16509,David S. and Milinda F. King,2020/11/09 00:00:00+00,2020/10/12 11:02:12+00,2020/11/11 00:00:00+00,2021/01/08 00:00:00+00,4.8,1,7200,Agricultural,Unique,1,Poultry Barn,,,0,,,0,f10e8ea7-e3ed-4837-865d-4e0b92f5e88a,PR-005332-2020,2020,"proposed 7,200 SF poultry barn",PR-005332-2020,David S. and Milinda F. King,288056.649802741,2401.77094890975
819,LD-10-20-16520,Hibernia School,2020/11/05 00:00:00+00,2020/10/21 14:21:45+00,,,134.8,1,1408,Institutional,School,1,,,,0,,,0,c03e914f-2fef-4e99-8191-54ef5889471a,PR-005335-2020,2020,"proposed 1,800 SF Amish School House",PR-005335-2020,Hibernia School,5889716.80575373,12306.5343099499
820,LD-10-20-16521,Eagleview Lot 10,2020/11/06 00:00:00+00,2020/10/22 12:17:52+00,2021/04/12 00:00:00+00,2021/07/01 00:00:00+00,8.95,1,1350,Commercial,Addition to Existing,1,,,,0,,,0,6ffed892-c397-4cbd-862c-4ed7498fe9f8,PR-005336-2020,2020,Proposed building addition,PR-005336-2020,Eagleview Lot 10,395896.698351114,2601.28848581038
821,LD-10-20-16523,The Rossi Tract,2020/11/20 00:00:00+00,2020/10/22 15:57:34+00,,,19.52,1,100528,Commercial,Retail,1,,,,0,,,0,5e9c0c29-a25a-4421-b5f9-016802847caf,PR-005337-2020,2020,"proposed 4 Bldgs. 100,528 SF of Commercial, 747 parking spaces, demolish miniature golf and existing building ",PR-005337-2020,The Rossi Tract,848168.599115587,3537.91371754073
822,LD-10-20-16526,951 Skelp Level Road,2020/11/17 00:00:00+00,2020/11/02 00:00:00+00,2021/04/21 00:00:00+00,2021/08/20 00:00:00+00,6.9,1,52200,Industrial,Warehouse,1,warehouse/office,,,0,,,0,d2ae5b03-a124-4cf6-a991-0376b1812a12,PR-005339-2020,2020,"proposed 52,200 SF warehouse/office space",PR-005339-2020,951 Skelp Level Road,292925.486383123,3431.20296373867
823,LD-10-21-16921,Clover Mill Townhouses,2021/10/18 09:29:02+00,2021/10/05 09:17:36+00,2022/07/20 00:00:00+00,2022/09/01 00:00:00+00,18.58,139,0,Residential,Townhouse,139,,,,0,,,0,4ef46dcc-f64c-4a4c-a20a-5f9dc94e8019,PR-005459-2021,2021,"Proposed 139 units, Revision to LD-07-21-16808",PR-005459-2021,Clover Mill Townhomes,680275.087314065,5395.76606672787
824,LD-10-21-16922,Patriot Self Storage,2021/10/27 11:38:41+00,2021/10/25 14:38:51+00,2023/04/17 00:00:00+00,2023/04/18 00:00:00+00,2.12,2,23895,Commercial,Unique,2,Self Storage,,,0,,,0,42dc68c6-c504-46ab-a4b7-52ddfca8db48,PR-005511-2021,2021,"two self-storage buildings totaling 23,895 square feet",PR-005511-2021,"Patriot Self Storage, LLC",218332.117334986,2327.71714805945
825,LD-10-21-16933,Wyebrook Farm,2021/10/27 09:45:01+00,2021/10/22 14:58:37+00,,,188.8,1,110,Commercial,Restaurant,1,Parking spaces,,,0,,,0,8dab8567-98f9-4b7f-9dba-1f75f72ea32b,PR-005514-2021,2021,Wyebrook Farm - parking,PR-005514-2021,Wyebrook Farm,8104502.15834932,14362.0601330628
826,LD-10-21-16938,Trieste,2021/11/23 11:16:18+00,2021/10/25 14:30:19+00,2024/04/25 00:00:00+00,2024/04/25 00:00:00+00,16,197,0,Residential,Townhouse,197,,,,0,,,0,928b1db6-3ca5-46be-8054-df9e3efad223,PR-004960-2018,2021,"Proposed 59 townhouses, 138 stacked townhouses",PR-004960-2018,Thunderwash Land Development Plan,863739.294906734,3878.53627402629
827,LD-10-21-16943,300 Snyder Avenue Self-Storage Facility,2021/11/17 14:03:36+00,2021/10/18 13:33:21+00,2023/03/07 00:00:00+00,2023/06/01 00:00:00+00,8.45,1,105000,Commercial,Unique,1,Self-Storage Facility, ,,0,,,0,7129b918-8b07-4b00-8abc-b5298a2422b1,PR-005519-2021,2021,"Proposed 105,000 square foot self-storage facility",PR-005519-2021,300 Snyder Avenue Self-Storage Facility,335222.756501495,2757.17494570282
828,LD-10-21-16949,Elmer K. & Lillian S. King (King Swings),2021/11/04 14:10:50+00,2021/10/21 10:54:10+00,2022/03/14 00:00:00+00,2022/07/14 00:00:00+00,76.723,1,74924,Industrial,Manufacturing,1,, , ,0,,,0,555bee60-4d08-48fa-b326-e55454862175,PR-005522-2021,2021,"Proposed 74,924 S.F., Industrial - Reconfiguration of existing two lots to create property for new industrial building for King Swings, a swingset manufacturer. The remaining farm will be consolidated onto the second property.",PR-005522-2021,Elmer K. & Lillian S. King (King Swings),2297786.58064218,6572.23344191863
829,LD-10-21-16951,United Sports Training Center,2021/11/05 14:53:48+00,2021/10/22 15:40:54+00,2022/12/13 00:00:00+00,2023/01/04 00:00:00+00,60.492,1,7600,Commercial,Sports/Recreation ,1,,,,0,,,0,f2d78bb4-cbb1-4fbb-8bea-d5bb67bd6902,PR-005523-2021,2021,"Proposed 7,600 S.F. office building, Athletic field, new parking",PR-005523-2021,United Sport Training Center,2536040.397443,9976.22642598697
830,LD-10-21-16963,SMF Properties LLC,2021/11/23 11:48:01+00,2021/11/23 11:39:59+00,2022/03/07 00:00:00+00,2022/09/13 00:00:00+00,1.14,2,1248,Residential,Apartment,1,,Commercial,Office Building,1,,,0,d58355de-71c3-408b-91f9-58a8e960a387,PR-005389-2021,2021,Conversion of garage loft area to office space and an apartment,PR-005389-2021,SMF Properties LLC,56823.0124020622,964.106285321213
831,LD-10-22-17391,Bluebird Distilling,2022/11/03 00:00:00+00,2022/10/06 14:03:04+00,,,0.26,1,4071,Commercial,Addition to Existing,1,,,,0,,,0,5dc573a9-7b75-45a4-b4f7-0f72fd2ab350,PR-005707-2022,2022,Commercial Building Expansion,PR-005707-2022,Bluebird Distilling,10890.0734446811,469.975856217895
832,LD-10-22-17407,901 South Bolmar Street,2022/11/09 00:00:00+00,2022/10/11 09:38:21+00,2024/10/01 00:00:00+00,2025/11/18 00:00:00+00,11.414,1,58400,Industrial,Warehouse,1,,,,0,,,0,482a530f-337f-4339-ab05-169779f99fc0,PR-005708-2022,2022,"Proposed construction of 58,400 SF combined Office/Warehouse Building area. Associated site infrastructure to parking, sanitary sewer, and stormwater management facilities.",PR-005708-2022,901 South Bolmar Street,495571.284955497,2802.61898388306
833,LD-10-22-17412,Ducklings Early Learning Center,2022/11/10 00:00:00+00,2022/10/17 09:09:58+00,2023/07/06 00:00:00+00,2023/07/06 00:00:00+00,3.51,1,11990,Institutional,Child Daycare,1,,,,0,,,0,598119a7-f9a3-4ac5-8068-1e8585d90433,PR-004986-2019,2022,Construct Child Day Care Center,PR-004986-2019,Ducklings Early Learning Center,149321.747287565,1640.76650124206
834,LD-10-22-17416,Specht Property,2022/11/22 00:00:00+00,2022/11/21 16:14:46+00,,,10.395,47,0,Residential,Townhouse,47,,,,0,,,0,2fecb95d-de45-43b1-a598-dcbd5dfe99a4,PR-005712-2022,2022,47 townhouses,PR-005712-2022,Specht Property,450092.712552551,4347.62831525715
835,LD-10-22-17417,Maple Inn Estates,2022/11/15 00:00:00+00,2022/11/01 11:48:55+00,,,4.126,24,0,Residential,Townhouse,24,,,,0,,,0,4ca69d75-8a4f-4f92-86a8-02e193a3d0d2,PR-005424-2021,2022,proposed 24 townhouses,PR-005424-2021,Maple Inn Estates,185983.856391353,1728.08952199791
836,LD-10-22-17421,Upward Investments LLC Preliminary Land Development Plan,2022/11/17 00:00:00+00,2022/11/15 13:53:41+00,2024/04/08 00:00:00+00,2024/04/24 00:00:00+00,17.776,1,35170,Industrial,Warehouse,1,,,,0,,,0,dd361eb9-423b-473c-ac8f-0e7345327b41,PR-005715-2022,2022,"Upward Investments Land Development Plan, proposed 35,170 SF bldg.",PR-005715-2022,"Upward Investments, LLC",775513.427768354,4407.42199911761
837,LD-10-23-17873,"Kennett Area Community Service ""KACS""",2023/11/01 00:00:00+00,2023/10/05 14:16:57+00,,,5.61,1,29527,Institutional,,1,,,,0,,,0,503525b3-dcc5-47e4-85ab-41dbf00cefe0,PR-005895-2023,2023,"Proposed 1 story 29,527 SF personal service establishment with food cupboard, and offices, etc.   Note: Fee has been waived, per Paul Fritz.",PR-005895-2023,Kennett Area Community Service,224302.912619868,2399.09892658154
838,LD-10-23-17877,The Hills at Thorndale Woods,2023/11/01 00:00:00+00,2023/11/06 11:01:48+00,2023/09/28 00:00:00+00,2023/11/09 00:00:00+00,119.28,175,0,Residential,Townhouse,175,,,,0,,,0,538230ae-cdee-4786-94d5-3b6ad2832c67,PROJ-1626,2023,175 Townhouses proposed. Construction of 87 Single Family Homes and 175 Townhouses over 122 acres.,PROJ-1626,Hills at Thorndale Woods,5209636.55920251,12231.2927322369
839,LD-10-23-17881,943 High Street Redevelopment,2023/11/13 00:00:00+00,2023/10/24 08:36:12+00,2024/01/25 00:00:00+00,2024/10/09 00:00:00+00,8.59,2,301000,Institutional,Nursing Home/Assisted Living,1,175 Units,Commercial,Unique,1,,,0,bf101343-d6e0-4e19-97d8-49f1afb102fa,PR-005841-2023,2023,"2 proposed bldgs (184,000 SF assisted living and 117,000 SF self-storage) and parking. Redevelopment of site with an assisted living facility and a self-storage facility",PR-005841-2023,943 High Street Redevelopment,314583.395395127,2629.16308685024
840,LD-10-23-17884,Sadsbury Taco Bell,2023/10/24 00:00:00+00,2023/10/16 12:28:06+00,2024/05/07 00:00:00+00,2024/09/19 00:00:00+00,9.48,1,2722,Commercial,Fast Food,1,Taco Bell,,,0,,,0,08eac76a-9c72-49da-b1e6-de142694338c,PR-005907-2023,2023,"Development of a 2,722 SF Taco Bell Restaurant with a dual ordering layout, stormwater management system, and associated site improvements.",PR-005907-2023,Sadsbury Taco Bell,430567.250891778,2640.60163035377
841,LD-10-23-17886,Kinder Care Learning Center,2023/11/15 00:00:00+00,2023/10/23 13:34:55+00,2024/02/15 00:00:00+00,2024/03/15 00:00:00+00,9.02,1,0,Institutional,Child Daycare,1,,,,0,,,0,6d7740d4-4cd5-4885-9cda-489cd2312641,PR-005908-2023,2023,Convert existing building to child day care center. The Property is located in the C-1 Commercial District and contains an . No new SF just parking lot changes.,PR-005908-2023,Kinder Care Learning Center,376784.498753201,2963.35477690551
842,LD-10-23-17888,Malvern Preparatory School Student Life Center,2023/11/16 00:00:00+00,2023/10/23 13:40:36+00,2024/01/02 00:00:00+00,2024/04/11 00:00:00+00,99.63,1,23555,Institutional,School,1,,,,0,,,0,927d171b-5531-45ef-98fa-112db183e9a8,PR-005910-2023,2023,"Construction of a 23,555 square foot building, and 15 additional parking spaces.",PR-005910-2023,Malvern Preparatory School Student Life Center,4310911.63925151,8310.13472175933
843,LD-10-23-17891,Kimberton Whole Foods Malvern,2023/11/16 00:00:00+00,2023/10/23 14:28:47+00,,,1.18,1,1040,Commercial,Retail,1,canopy roof,,,0,,,0,ed4e92ca-6cf5-49da-94f8-ab87a0536030,PR-005921-2023,2023,"1,040 SF canopy roof over rear entrance. Attach Canopy roof structure to side of building",PR-005921-2023,Kimberton Whole Foods Malvern,51687.6334941704,1007.22521763529
844,LD-10-23-17896,20 E. Ridge Road,2023/11/21 00:00:00+00,2023/11/01 13:44:55+00,2024/07/23 00:00:00+00,2024/09/17 00:00:00+00,20.671,1,11970,Industrial,Unique,1,automotive,,,0,,,0,933f961e-487c-4285-8757-d18232b9be1d,PR-005914-2023,2023,"Preliminary/Final application for the development of a 11,970 sq ft warehouse for the dismantling and recycling of automobiles. This is in the township's industrial district",PR-005914-2023,20 E Ridge Road,888824.648043938,3812.89789578258
845,LD-10-23-17899,Building Additions and Renovations for Spring Ford Area School District,2023/11/22 00:00:00+00,2023/11/03 12:53:48+00,,,10,2,7088,Institutional,Addition to Existing,2,,,,0,,,0,8862ed42-ddff-426c-8c36-51ccac0925d3,PR-005916-2023,2023,"2 building additions (7, 088 SF) and parking",PR-005916-2023,Spring Ford Area Schools - Additions & Renovations,430752.039918326,2640.37296821336
846,LD-10-24-18270,PSU Great Valley Campus,2024/12/13 00:00:00+00,2024/11/19 12:13:20+00,,,22.09,1,0,Institutional,Parking Lot/Garage,1,,,,0,,,0,71f17ec2-0995-4808-a243-d14620333a84,PR-006078-2024,2024,Amended Final Land Development Plan to reduce parking and impervious coverage on the site. The parking will be reduced from 983 Spaces to 734 spaces which will still meet the minimum required.,PR-006078-2024,PSU Great Valley Campus,990860.127273481,3900.6768703867
847,LD-10-24-18271,Johnson & Johnson Innovative Medicine,2024/11/01 00:00:00+00,2024/10/07 12:22:50+00,2025/11/18 00:00:00+00,2025/12/01 00:00:00+00,7.6,2,0,Commercial,Parking Lot/Garage,1,,Commercial,Unique,1,,,0,86db3245-c2d4-425d-9a64-3452ca846c3a,PR-006079-2024,2024,Install a generator to be mounted on a concrete pad located on the property line between 244 & 260 Great Valley with walkways and a retaining wall along with upgrades to the existing parking facilities on UPI# 42-4-15.21.,PR-006079-2024,Johnson & Johnson Innovative Medicine,319762.562797051,2436.07784001866
848,LD-10-24-18275,Chester Springs Service Center,2024/11/13 00:00:00+00,2024/10/15 16:37:39+00,,,13.79,1,45774,Commercial,Unique,1,"Proposed 45,774 sf service center bldg",,,0,,,0,31d287b8-2b49-46fe-9649-2a1d2ddb2e42,PR-006081-2024,2024,"Proposed 45,774 sf service center. Preliminary Land Development Plan for Rockhill Real Estate Enterprises XVII, LP",PR-006081-2024,Chester Springs Service Center,595085.741427717,3470.65553214856
849,LD-10-24-18276,Main Line Health Inc.,2024/11/14 00:00:00+00,2024/10/15 10:12:30+00,,,61,1,146140,Institutional,Medical Building,1,"Proposed 146,140 sf Medical Office",,,0,,,0,c24d6f76-5039-4765-8741-5af264c5fad7,PR-006080-2024,2024,"SD = 1 lot into 2 lots. LD = proposed 146,140 sf medical office bldg w/ 503 parking spaces. Re-zoning, subdivision into 2 lots and constructing a medical care center.",PR-006080-2024,Main Line Health Inc.,2644463.33772118,6561.76651498134
850,LD-10-24-18279,Proposed Spotless Car Wash,2024/11/21 00:00:00+00,2024/10/22 12:42:47+00,2025/07/08 00:00:00+00,2025/07/18 00:00:00+00,1.5,1,8,Commercial,Addition to Existing,1,car wash - convert building and add 8 SF,,,0,,,0,d0ee56d2-974c-45f6-b4d2-66c001b6396e,PR-006083-2024,2024,"Convert existing building and add 8 SF bldg. addition. also changing parking. - The plan and application propose the reuse of the former retail drug store, by converting it into a full-service, drive-through car wash development with thirteen (13) exterior vacuum spaces, associated site improvements and stormwater management accommodations.",PR-006083-2024,Proposed Spotless Car Wash,62768.740842901,1045.71864406624
851,LD-10-24-18286,Parker Ford Church of the Brethren,2024/11/20 00:00:00+00,2024/10/25 14:47:45+00,,,10,1,10454,Institutional,Addition to Existing,1,"Proposed 10,454 sf addition to existing building",,,0,,,0,4453b1b4-a208-454d-b513-50beb3035849,PR-006086-2024,2024,"Proposed 10,454 SF addition to existing building & 72 new parking spaces",PR-006086-2024,Parker Ford Church of the Brethren,435574.322927802,2758.51347746502
852,LD-10-24-18295,Proposed Fitness Center French Creek Business Park Lot 3,2024/11/25 00:00:00+00,2024/11/02 15:35:40+00,,,2.6,1,12200,Commercial,Unique,1,"Proposed Fitness Center 12,200sqft",,,0,,,0,4475d56f-f48b-4989-b9f8-2700ffbba6cc,PR-006090-2024,2024,"Proposed building (fitness center) 12,200 square feet.",PR-006090-2024,Fitness Center French Creek Business Park Lot 3,113155.203533644,1523.39271768469
853,LD-10-24-18297,Lot 7 Dalin Drive,2024/11/22 00:00:00+00,2024/10/31 10:08:48+00,,,3,1,5088,Commercial,,1,,,,0,,,0,6325f4d8-366f-4a40-9545-d2fd7caefe78,PR-006091-2024,2024,"5,088 SF bldg and parking. - #5 Dalin Drive (Lot #7)",PR-006091-2024,Lot 7 Dalin Drive,134220.543499269,1619.20871663881
854,LD-10-24-18301,Ervin and Rebecca Stoltzfus,2024/12/13 00:00:00+00,2024/11/14 14:41:43+00,2025/06/23 00:00:00+00,2025/07/17 00:00:00+00,45.4,2,1828,Institutional,School,1,,Institutional,Unique,1,,,0,f8a299f3-c98b-40b4-9f38-fc061f513cff,PR-006092-2024,2024,"Proposed School house and toilet rooms, 1828 SF. One Room Amish School House",PR-006092-2024,Ervin and Rebecca Stoltzfus,1878633.02067447,7758.28193255553
855,LD-10-24-18303,"Workspace Property Trust, 55 - 65 Valley Stream Parkway",2024/12/11 00:00:00+00,2024/11/15 12:26:35+00,,,10.11,1,86000,Industrial, ,1,,,,0,,,0,71cecca7-fe23-4066-ae5e-7c8f8cce8314,PR-006094-2024,2024,"2 lots into 1. SD & LD plan. Proposal to consolidate 55 & 65 Great Valley Parkway and construct a new 86,000 square foot industrial building.",PR-006094-2024,"Workspace Property Trust, 55-65 Valley Stream Pkwy",386603.278034818,2588.81616496
856,LD-10-25-18667,Veterinary Diagnostic Laboratory,2025/11/10 00:00:00+00,2025/10/16 13:45:34+00,,,152.3,1,62546,Institutional,Educational Facility,1,,,,0,,,0,f8f2adcc-6c54-4b26-8596-70f40fd83853,PR-006251-2025,2025,"1 proposed INS 2 story building, 62,526 SF w/ parking",PR-006251-2025,Veterinary Diagnostic Laboratory,6670263.06355545,11481.5469678086
857,LD-10-25-18668,"Arora Estates, LLC, 851 High St.",2025/11/20 00:00:00+00,2025/10/28 14:33:24+00,,,0.85,1,2419,Commercial,Addition to Existing,1,,,,0,,,0,60724f51-faae-4822-9edf-d85b4bca8e88,PR-006246-2025,2025,"2,149 square foot building addition, COM/convenience store",PR-006246-2025,"Arora Estates, LLC, 851 High St.",34927.4808144004,750.453573933579
858,LD-10-25-18669,Phoenixville Plaza - Chipotle Pad Site,2025/11/14 00:00:00+00,2025/10/16 12:02:52+00,,,7.03,1,2385,Commercial,Fast Food,1,Chipotle Restaurant w/ drive thru,,,0,,,0,76c95a92-fb71-4db0-893b-b9283b78480c,PR-006248-2025,2025,"2,385 square foot commercial building with drive-through, and associated improvements. The previously approved car wash facility, drive-through coffee shop, and existing self-storage building will remain unchanged.",PR-006248-2025,Phoenixville Plaza - Chipotle Pad Site,289289.682824035,2465.96263844405
859,LD-10-25-18672,52 E Swedesford Road Redevelopment,2025/11/14 00:00:00+00,2025/10/15 16:26:31+00,,,10.35,252,6670,Residential,Apartment,250,,Commercial,Restaurant,1,Commercial,Unique,1,900ae71e-81a9-4354-b0ba-e3df93a94941,PR-006249-2025,2025,"Proposed APTS, a clubhouse, a pool, and commercial space.     Description by Applicant: Construction of 250 apartment units and 2 commercial units. Total square footage of the project is 11,500.",PR-006249-2025,52 E Swedesford Road Redevelopment,450840.371647614,2968.27684828434
860,LD-10-25-18679,Cheyney University Athletic Complex Construction,2025/11/13 00:00:00+00,2025/10/14 13:59:15+00,,,3.04,1,48887,Institutional,Sports/Recreation ,1,, ,,0,,,0,038e7c89-8f7e-422b-9990-754db417cedb,PR-006254-2025,2025,"1 proposed INS Building, 48,887 square feet (Township description: Athletic Complex Land Development)",PR-006254-2025,Cheyney University Athletic Complex Construction,124407.281653675,1415.17697341065
861,LD-10-25-18680,Cheyney University Athletic Field Construction,2025/11/13 00:00:00+00,2025/10/14 14:04:35+00,,,39.5,1,0,Institutional,Sports/Recreation ,1,Athletic Field,,,0,,,0,54a5de63-c4ea-4271-b5ca-7f6cf9c69f23,PR-006255-2025,2025,Athletic Field Land Development,PR-006255-2025,Cheyney University Athletic Field Construction,1655361.4181963,5988.4904482835
862,LD-10-25-18684,411 Clover Mill Rd.,2025/11/24 00:00:00+00,2025/10/30 12:16:01+00,,,2.6,1,9398,Industrial,Warehouse,1,,,,0,,,0,fe17db4b-25f3-400c-aece-4d3fcf62f581,PR-006256-2025,2025,"Proposed 9,398 square foot industrial building, and additional parking.     Description by Applicant: Construct a new warehouse building and provide additional parking areas.",PR-006256-2025,411 Clover Mill Rd.,114827.812947891,1443.13565796209
863,LD-10-25-18686,Hammell-O'Donnell Business Park (Lot 4),2025/11/24 00:00:00+00,2025/10/27 17:29:56+00,,,118.86,1,5750,Industrial,,1,,,,0,,,0,b27d74de-1c87-4afc-8186-8c8ceaa29e8d,PR-006258-2025,2025,Proposed: an IND building and parking on Lot 4 & stormwater management on the other 2 parcels,PR-006258-2025,Hammell-O'Donnell Business Park (Lot 4),4930102.79802372,13031.8390337218
864,LD-10-25-18687,West Nottingham CSG 1 LLC Solar Project,2025/11/21 00:00:00+00,2025/10/24 19:54:38+00,,,126.7,1,0,Industrial,Unique,1,Solar Panels,,,0,,,0,f9636408-4683-4678-9fb5-c20ea7a2c99b,PR-006260-2025,2025,"Proposed solar farm with access drive on proposed lot 1. (Applicant description: Lot 1 land development to construct a ground mounted solar field.  Lot 1 of 3 lot subdivision, lot 2 submitted under separate over, lot 3 is future development.  3 lot subdivision plan submitted under separate cover.)",PR-006260-2025,West Nottingham CSG 1 LLC Solar Project,5236844.91564088,11546.8091229546
865,LD-10-25-18688,West Nottingham CSG 2 LLC Solar Project,2025/11/21 00:00:00+00,2025/10/24 20:11:20+00,,,126.7,1,0,Industrial,Unique,1,Solar Panels,,,0,,,0,f695ab5a-fd3c-4824-a072-ceb0ec0f8b56,PR-006259-2025,2025,"Proposed solar farm with access drive on proposed lot 2.(Township description - Land development plan for lot 2 of the Two Boys LLC project.  Lot 1 submitted under separate cover, as well as, subdivision plan.)",PR-006259-2025,West Nottingham CSG 2 LLC Solar Project,5236844.91564088,11546.8091229546
866,LD-10-25-18702,Glick Exteriors,2025/11/14 00:00:00+00,2025/10/23 16:06:46+00,2025/12/09 00:00:00+00,2025/12/12 00:00:00+00,3.18,1,2700,Commercial,Addition to Existing,1,,,,0,,,0,e147bfce-1523-4a46-a8d1-e28fbc9baee7,PR-006264-2025,2025,Bldg addition to a COM warehouse.    (Description by Applicant: Application is for amending a pervious land development approval),PR-006264-2025,Glick Exteriors,263214.598833482,2160.76902759407
867,LD-11-10-3048,"Delchester Developers, LP",2010/11/24 00:00:00+00,2010/10/26 00:00:00+00,,,2.58,2,9153,Commercial,Bank,1,,Commercial,Restaurant,1, , ,0,e6e346ad-dbda-40a5-b62e-e004ee17fb0b,PROJ-1924,2010,"2 proposed buildings. 1 restaurant, 1 bank and parking",PROJ-1924,Delchester Developers,159037.472010057,2185.84792823011
868,LD-11-10-3064,Westtown Thornbury Elementary Schoo,2010/11/22 00:00:00+00,2010/10/27 00:00:00+00,2012/04/02 00:00:00+00,2012/04/18 00:00:00+00,11.77,1,15900,Institutional,Addition to Existing,1,, ,School,0, , ,0,bd46384a-1721-46df-aefe-1c5bf975fa73,PROJ-1932,2010,"Full plan title: Westtown Thornbury Elementary School

proposed building addition, athletic field and activity area",PROJ-1932,Westtown Thornbury Elementary School,460386.931437709,2740.79255892469
869,LD-11-10-3085,The Sands Property,2010/11/23 00:00:00+00,2010/10/26 00:00:00+00,,,95.06,309,,Residential,Townhouse,237,,Residential,Apartment,72, , ,0,f601f81e-5099-42ed-8d0f-a6958ae0f5c4,PROJ-1914,2010,Proposed multi-family development. Refer to SD-11-10-3083 for concurrent Subdivision,PROJ-1914,The Sands Property,4059606.91899489,10778.4295638132
870,LD-11-10-3107,Fairview Village,2010/12/07 00:00:00+00,2010/11/08 00:00:00+00,2012/07/10 00:00:00+00,2012/09/27 00:00:00+00,5.91,37,1900,Residential,Townhouse,36,,Commercial,Office Building,1, , ,0,84ee529c-ad9f-45ba-8460-0b901f162035,PROJ-1954,2010,"Affordable Housing; demolish existing 25 units, and vacate Arden Street. 36 proposed townhouses, 1 office & parking. Refer to SD-11-10-3106 for concurrent subdivision.",PROJ-1954,Fairview Village Affordable Housing,273466.537357222,3018.61170813699
871,LD-11-10-3113,Coldstream Crossing II,2010/12/03 00:00:00+00,2010/11/03 00:00:00+00,2011/09/06 00:00:00+00,2011/09/27 00:00:00+00,16.8,42,0,Residential,Twin,42,, , ,0, , ,0,3b432830-ff07-4d47-878d-3d5bf4562d3e,PROJ-1781,2010,"42 proposed twin units
see previous review 8755-4
see also SD-11-10-3111",PROJ-1781,Coldstream Crossing II,737582.806181133,3750.09552990299
872,LD-11-10-3143,Chester County Public Safety Training Facility,2010/12/10 00:00:00+00,2010/11/10 00:00:00+00,,,96.91,1,18827,Institutional,Government,1,, , ,0, , ,0,385e7a7e-0290-46a6-9b63-817a6078a48b,PROJ-1955,2010,"Proposed shooting range, accessory structures and parking. See also SD-11-10-3141",PROJ-1955,Chester County Public Training Facility,4615489.46154304,19389.0051202257
873,LD-11-10-3162,Proposed Expansion Fame Fire Co.,2010/12/09 00:00:00+00,2010/11/12 00:00:00+00,2011/01/18 00:00:00+00,2011/03/08 00:00:00+00,2.22,1,4077,Institutional,Addition to Existing,1,, , ,0, , ,0,dd498d9b-f2e4-4459-99ca-dcd5e71b710c,SUB-10184,2010,"Plan Name: Proposed Expansion Fame Fire Company

Proposed building expansion and parking",SUB-10184,FAME FIRE COMPANY EXPANSION,88759.537913479,1292.74141794844
874,LD-11-10-3171,Malvern Fire Company,2010/12/14 00:00:00+00,2010/11/15 00:00:00+00,2011/10/03 00:00:00+00,2011/10/12 00:00:00+00,3.07,1,9787,Institutional,Addition to Existing,1,, , ,0, , ,0,0b98e364-b3eb-4d8a-ac28-385efd27a841,PROJ-1974,2010,"Proposed entrance, ready room and apparatus bays additions",PROJ-1974,Malvern Fire Company,141476.221457694,1977.55768613486
875,LD-11-11-5126,Chester Valley Trail Phase III,2011/11/21 00:00:00+00,2011/10/25 00:00:00+00,2012/05/30 00:00:00+00,2013/03/11 00:00:00+00,9.17,1,,Institutional, ,1,trail (1.2 miles), , ,0, , ,0,c84a1ad5-e0b0-46c5-9dfe-73b3b5734627,PROJ-2544,2011,Proposed trail between Iron Lake BL and Exton Park (1.2 miles),PROJ-2544,Chester Valley Trail Phase III,418567.795219413,15710.9120153198
876,LD-11-11-5132,Roberts Automall,2011/11/21 00:00:00+00,2011/10/31 00:00:00+00,2012/04/11 00:00:00+00,2012/04/13 00:00:00+00,3.04,1,6586,Commercial,Addition to Existing,1,, , ,0, , ,0,b2e76d00-f18e-4d8a-a66b-715a8a588350,PROJ-2257,2011,Construct building addition and parking lot improvements. See previous review # LD-5-11-4170.,PROJ-2257,Roberts Automall,133301.899031988,1491.87791918866
877,LD-11-11-5134,Berwyn Squash/Fitness Club Building,2011/11/21 00:00:00+00,2011/11/02 00:00:00+00,,,12.67,1,8370,Commercial,Addition to Existing,1,Squash/Fitness Club building, , ,0, , ,0,5edb9bf6-b932-4955-81bf-6528d9d782f3,SUB-10981,2011,"Full Plan Title: Berwyn Squash/Fitness Club Building Addition

construct building addition and parking improvements to existing fitness club.

see previous review 10981 & 10981-2.",SUB-10981,BERWYN SQUASH & FITNESS CLUB,540934.38316709,3481.77525381394
878,LD-11-11-5158,Fairfield Place Shopping Center,2011/11/16 00:00:00+00,2011/11/07 00:00:00+00,2011/11/22 00:00:00+00,2011/12/06 00:00:00+00,32.1,1,2208,Commercial,Addition to Existing,1,, , ,0, , ,0,38b09a9a-396f-4e78-9fdb-971fbd945b0e,SUB-07210,2011,"proposed building addition. 
see previous review LD-2-10-1437",SUB-07210,FAIRFIELD PLACE LD,1362860.3756119,6906.37699645407
879,LD-11-11-5184,Vanore Property,2011/12/09 00:00:00+00,2011/11/14 00:00:00+00,2012/07/11 00:00:00+00,2012/11/15 00:00:00+00,5,1,7920,Industrial,Unique,1,Cabinetry Shop, , ,0, , ,0,fd2b0381-3237-413e-9184-686314e71853,PROJ-2407,2011,Construct proposed cabinetry shop.,PROJ-2407,Neal Vanore,220857.570011758,2058.72411560037
880,LD-11-11-5186,Malvern Preparatory School,2011/11/23 00:00:00+00,2011/11/14 00:00:00+00,2011/12/20 00:00:00+00,2013/06/26 00:00:00+00,99.63,1,3560,Institutional,Addition to Existing,1,"3 building additions to school chapel	", , ,0, , ,0,d73bd5a6-ce7e-4d0b-9f12-8969e17bc9a3,SUB-10366,2011,3 proposed building additions to existing site chapel. See previous review # LD-2-10-1424.,SUB-10366,MALVERN PREPARATORY SCHOOL,4310899.78878988,8310.16010795914
881,LD-11-11-5237,Cheslen Preserve,2011/12/05 00:00:00+00,2011/11/18 00:00:00+00,2012/03/12 00:00:00+00,2012/03/21 00:00:00+00,20.39,1,6460,Institutional,Educational Facility,1,, , ,0, , ,0,7b3a88c2-a1b3-43b0-b842-f91512ac544b,PROJ-2538,2011,Construct Preserve Management Center and parking. See previous review # 10673-2.,PROJ-2538,Cheslen Preserve,1045705.88870095,4652.86674644235
882,LD-11-12-6952,New Kent Apartments II,2012/11/21 00:00:00+00,2012/10/24 00:00:00+00,2013/08/06 00:00:00+00,2013/08/15 00:00:00+00,30.83,12,,Residential,Apartment,12,Proposed 12-unit apartment building, , ,0, , ,0,db028602-d1c0-4645-83eb-b59dc0def1dd,PROJ-1651,2012,"Proposed 12-unit apartment building. See previous review SD-7-10-2370
 
Revised version of plan approved by East Goshen Twp. on August 4, 2015, signed 8/26/2015 - PF",PROJ-1651,New Kent Apartments,1283680.4339505,5970.9817955767
883,LD-11-12-6986,Applebrook Meadows (Phase II),2012/11/21 00:00:00+00,2012/10/31 00:00:00+00,2013/02/25 00:00:00+00,2013/03/14 00:00:00+00,100.9,53,,Residential,Townhouse,53,,,,0,,,0,650e794d-5193-40ce-a467-9927bc846e31,973-06-07,2012,53 townhouses and 14 parking spaces proposed in phase II,973-06-07,Applebrook Meadows,4295422.39710075,12384.6080751255
884,LD-11-12-7011,Roberts Automall,2012/11/21 00:00:00+00,2012/11/09 00:00:00+00,2013/06/19 00:00:00+00,2015/03/25 00:00:00+00,5.49,2,9526,Commercial,Addition to Existing,2,Proposed building and service bay additions, , ,0, , ,0,0c56bcdd-3d3e-415a-9cd0-5ed9c0e29f7a,SUB-05419,2012,Proposed building and service bay additions. See previous review 05419-4,SUB-05419,FIDELITY BANK SD,203226.479711023,1892.84444788593
885,LD-11-12-7028,Building Expansion at Fairfield Place Shopping Center,2012/12/07 00:00:00+00,2012/11/13 00:00:00+00,2013/01/23 00:00:00+00,2013/02/05 00:00:00+00,28.8,1,4400,Commercial,Addition to Existing,1,Proposed building expansions (6), , ,0, , ,0,8badb743-9657-4149-9b1a-7d49fd779446,SUB-07210,2012,"Proposed building expansions (6), See previous review LD-11-11-5158",SUB-07210,FAIRFIELD PLACE LD,1186358.6313099,4823.97402545906
886,LD-11-12-7057,"Goshen Meadows Investors, LP",2012/12/14 00:00:00+00,2012/11/19 00:00:00+00,2014/01/28 00:00:00+00,2014/01/30 00:00:00+00,19.4,64,,Residential,Apartment,64,Apartment expansion,,,0,,,0,bf04dc01-6d0e-42e3-9120-6619ff3049fd,SUB-11762,2012,Apartment expansion with 60 apartments in 5 proposed buildings and 4 apartments in an existing dwelling.,SUB-11762,HOLLY HILLS,825638.973838016,3897.370650126
887,LD-11-12-7058,Keystone Volvo,2012/12/07 00:00:00+00,2012/11/19 00:00:00+00,,,2.33,1,1305,Commercial,Addition to Existing,1,, , ,0, , ,0,a2279169-52ed-4794-8331-828bd62724ea,PROJ-3069,2012,proposed building addition,PROJ-3069,Keystone Volvo,85397.9789976988,1337.29878422505
888,LD-11-12-7085,Bridal Barn at Brandywine Manor House,2012/12/26 00:00:00+00,2012/11/26 00:00:00+00,2013/02/07 00:00:00+00,2013/02/15 00:00:00+00,42.49,1,,Commercial,Unique,1,Historic barn relocation, , ,0, , ,0,5b5b0c9b-eda7-48f0-9381-421296a711d6,PROJ-1872,2012,Historic barn relocated to Brandywine Manor House. See previous review 12269-2,PROJ-1872,McLaughlin/Eck,1849708.40048322,8335.1050187144
889,LD-11-13-8875,Village Square at 23,2013/11/25 00:00:00+00,2013/11/01 00:00:00+00,2014/02/24 00:00:00+00,2015/04/08 00:00:00+00,1.86,30,,Residential,Townhouse,30,, , ,0, , ,0,19e70d82-ebf8-4374-9d5c-7fbc1c74362f,PROJ-3443,2013,"30 proposed townhouses

also see SD-11-13-8864",PROJ-3443,Village Square at 23,77522.0097229015,1156.44576347148
890,LD-11-13-8882,380 Lapp Road,2013/12/04 00:00:00+00,2013/11/06 00:00:00+00,,,3.6,1,,Industrial,Parking Lot/Garage,1,, , ,0, , ,0,a9c3c359-87c9-4bc0-9c28-24877b53c7e8,PROJ-3452,2013,Parking lot reconfiguration,PROJ-3452,380 Lapp Road,153755.467863614,1571.14656268605
891,LD-11-13-8894,JMP Malvern Associates LP,2013/12/04 00:00:00+00,2013/11/06 00:00:00+00,,,4.67,1,16742,Commercial,Retail,1,, , ,0, , ,0,a10bc82a-6fd6-4753-9039-0e8ce120160e,SUB-12227,2013,"Proposed restaurant and retail buildings

See previous review 12227",SUB-12227,ONE MOORHALL ROAD LD,210505.239757316,2234.20143506851
892,LD-11-13-8912,3 Quarry Ridge,2013/12/04 00:00:00+00,2013/11/06 00:00:00+00,,,44.75,1,50000,Commercial,Addition to Existing,1,, , ,0, , ,0,8630868d-b8cb-43f4-999b-2da0484ed14a,SUB-04559,2013,Proposed building addition and change to parking. see previous review 04559-46.,SUB-04559,BRANDYWINE OPERATING PARTNERSHIP,1947776.620984,6516.11899745199
893,LD-11-13-8919,Charlestown Play House,2013/11/21 00:00:00+00,2013/11/08 00:00:00+00,,,3,1,,Institutional,Unique,1,"Proposed parking lots, drive ways, ADA ramp, and child waiting pad", , ,0, , ,0,65ddb031-e058-47ef-bf70-f905117eec57,PROJ-3459,2013,"Proposed parking lots, drive ways, and child waiting area and ADA ramp",PROJ-3459,Charlestown Play House,118610.080862902,1776.85544622612
894,LD-11-13-8942,Ultimate Image - Lionville,2013/12/11 00:00:00+00,2013/11/12 00:00:00+00,2015/02/09 00:00:00+00,2015/04/14 00:00:00+00,3.95,1,4547,Commercial,Unique,1,first floor salon and spa with second floor office and storage, , ,0, , ,0,f074a6ec-4b7d-4504-8cea-f6f8e1b53e76,SUB-11634,2013,"Proposed salon and spa building with second floor office/storage. 

See previous review 11634

also see SD-11-13-8989",SUB-11634,PROPOSED RESTAURANT LD,283049.648665836,2567.3791226695
895,LD-11-13-8961,Brandywine YMCA,2013/12/12 00:00:00+00,2013/11/19 00:00:00+00,,,29.76,1,21317,Institutional,Addition to Existing,1,, , ,0, , ,0,ef5916e4-ca3b-45b6-a67f-5076d6f255bb,SUB-02987,2013,Proposed building additions and new parking lots. see previous review 02987-11.,SUB-02987,HAWTHORNE LANE LOTS 45 THRU 47 SD,1269817.43858375,4739.14215012755
896,LD-11-13-8965,Clover Mill Road Lot 2,2013/12/17 00:00:00+00,2013/11/20 00:00:00+00,2014/03/14 00:00:00+00,2014/10/27 00:00:00+00,12.94,1,99080,Industrial,Unique,1,office and warehouse, , ,0, , ,0,d52145ff-4f0e-4d9e-9e99-221766594055,PROJ-3162,2013,"Proposed office and warehouse on lot #2

See previous review LD-10-13-8675",PROJ-3162,Clover Mill Road,1770561.09359929,6022.8207411509
897,LD-11-13-8970,Traditions of West Goshen,2013/12/17 00:00:00+00,2013/11/20 00:00:00+00,,,6.65,114,,Residential,Apartment,114,Age restricted housing/retirement, , ,0, , ,0,54b84ce0-e6fd-41c0-a9d9-534dca863bbb,PROJ-3469,2013,Proposed independent living facility.,PROJ-3469,Traditions of West Goshen,369421.608691666,2694.47117692479
898,LD-11-13-8991,Struble Trail Trailhead and Crossing Improvements,2013/12/17 00:00:00+00,2013/11/20 00:00:00+00,,,10.53,3,252,Institutional,Unique,3,, , ,0, , ,0,8eb157f2-9a50-4df6-a9c9-5afd848f986a,PROJ-3474,2013,"Proposed contact station, parking and trailhead and trail improvements (see previous review 12439)",PROJ-3474,Struble Trail Trail Head and Crossing Improvements,178174.112928806,2416.35017771606
899,LD-11-14-10841,David Lantz Poultry Operation,2014/12/03 00:00:00+00,2014/11/03 00:00:00+00,2015/03/24 00:00:00+00,2015/04/03 00:00:00+00,30.43,1,44100,Commercial, ,1,, , ,0, , ,0,ebc2e345-50b7-4970-b309-3f67cdba7574,PROJ-3857,2014,proposed turkey barn,PROJ-3857,David R Lantz Poultry Operation,1291158.56430837,5593.36161697322
900,LD-11-14-10920,Bishop Shanahan High School,2014/12/15 00:00:00+00,2014/11/18 00:00:00+00,2015/03/04 00:00:00+00,2015/05/29 00:00:00+00,86.53,1,2448,Institutional,School,1,, , ,0, , ,0,e57176a8-141a-49de-80e3-1a37d7a0ba49,SUB-09995,2014,athletic field and tennis venue renovations (including a bathroom). see previous review 99995-4.,SUB-09995,BISHOP SHANAHAN HIGH SCHOOL,3624301.99026694,9234.00903091799
901,LD-11-14-10929,Patient First,2014/12/15 00:00:00+00,2014/11/19 00:00:00+00,2015/08/17 00:00:00+00,2015/08/24 00:00:00+00,0.89,1,7151,Commercial,Medical Building,1,, , ,0, , ,0,ed9f2af6-aed8-400a-9a22-56c478f22432,PROJ-3883,2014,demolish existing building and construct Patient First.,PROJ-3883,Patient First,35472.1717323793,754.749084163915
902,LD-11-15-12848,East Brandywine Center,2015/11/19 00:00:00+00,2015/11/02 00:00:00+00,,,20.6,2,74089,Commercial,Retail,1,,Commercial,Bank,1, , ,0,46be23f7-191f-47cf-bb0a-c936483d6219,PROJ-4204,2015,"2 proposed buildings (retail and bank), parking and roads.  See previous review LD-12-14-11058",PROJ-4204,East Brandywine Center,863254.012100085,4392.62543719368
903,LD-11-15-12859,Riverside Daycare,2015/11/17 00:00:00+00,2015/11/02 00:00:00+00,,,2.17,1,9561,Commercial,Child Daycare,1,, , ,0, , ,0,0144088c-0cce-41bd-8dbb-ddf67b61dd59,PROJ-4099,2015,proposed daycare and parking. see previous review LD-6-15-11986,PROJ-4099,Riverside Daycare,98787.3780518263,1258.98971462667
904,LD-11-15-12869,Walnut Walk,2015/11/17 00:00:00+00,2015/11/06 00:00:00+00,2016/10/03 00:00:00+00,2017/01/26 00:00:00+00,11.3,13,,Residential,Single Family Residential,1,,Residential,Townhouse,12, , ,0,d8da15e7-d811-45e8-b581-d9144a245988,PROJ-4205,2015,"1 existing SFR, construct 12 Townhouses, new road and parking.  also see SD-11-15-12874. see previous review LD-5-14-9824.",PROJ-4205,Walnut Walk,454409.731941995,2821.28900296982
905,LD-11-15-12917,Mike & Elizabeth Rudy,2015/12/09 00:00:00+00,2015/11/13 00:00:00+00,2016/05/12 00:00:00+00,2016/08/29 00:00:00+00,1.9,2,36300,Commercial,Office Building,1,,Commercial,Sports/Recreation ,1, , ,0,41f57633-2329-4900-b800-5c5eef0529e9,PROJ-4209,2015,One existing office building and construct a batting cage and parking. also see SD-11-15-12916.,PROJ-4209,Mike & Elizabeth Rudy,93216.3667296108,1298.87671609589
906,LD-11-15-12925,270 - 290 Park Road,2015/12/14 00:00:00+00,2015/11/16 00:00:00+00,2016/03/21 00:00:00+00,2017/08/03 00:00:00+00,4.93,44,,Residential,Townhouse,44,, , ,0, , ,0,934e01cf-58cf-46ca-83e0-d45d8017e453,PROJ-4211,2015,"Construct 44 townhouses on 3 combined lots, road and parking",PROJ-4211,270 - 290 Park Road,214675.885052054,1842.29653296368
907,LD-11-15-12929,Vernon Weaver Dairy Operation,2015/12/09 00:00:00+00,2015/11/18 00:00:00+00,2016/06/13 00:00:00+00,2016/06/15 00:00:00+00,80.6,2,28120,Commercial,Unique,2,, , ,0, , ,0,cb9bf4d8-8381-4974-82ae-9f7f6b2199ee,PROJ-4212,2015,proposed dairy barn and milkhouse,PROJ-4212,Vernon Weaver Dairy Operation,3642528.60764692,9356.79954498458
908,LD-11-15-12939,Eagleview Lot 24,2015/12/11 00:00:00+00,2015/11/19 00:00:00+00,,,23.77,288,,Residential,Apartment,288,, , ,0, , ,0,d13a4d6d-0321-4504-8a25-58297ffb6638,PROJ-4035,2015,"2 lots to 2 lots. Construct 200 apartments and 88 assisted living units in 3 buildings. 474 proposed parking (143 garage, 239 spaces, 92 future spaces).  Previous review LD-4-15-11697",PROJ-4035,Eagleview Lot 24,959910.534414136,5812.68316963676
909,LD-11-15-12951,Proposed Dwelling & Produce Barn,2015/12/18 00:00:00+00,2015/11/23 00:00:00+00,2016/04/12 00:00:00+00,2016/04/13 00:00:00+00,33.16,2,,Residential,Single Family Residential,1,,Agricultural,Farm/Pasture Land,1, , ,0,e4e18002-3f1f-4eef-a1f5-798ca5cd4110,PROJ-4215,2015,construct  1 SFR and 1 barn. previous review SD-4-15-11660.,PROJ-4215,Proposed Dwelling & Produce Barn,1401773.07776754,5423.66961287441
910,LD-11-15-12973,"Davlyn Manufacturing Co., Inc",2015/12/11 00:00:00+00,2015/11/25 00:00:00+00,2016/10/05 00:00:00+00,2016/10/13 00:00:00+00,24.56,1,70190,Industrial,Addition to Existing,1,, , ,0, , ,0,b093f3c1-9e3e-4401-aa2b-0495fa13edbe,PROJ-4220,2015,Addition to existing building and new parking. also see SD-11-15-12972.,PROJ-4220,Davlyn Manufacturing,984819.52411629,4584.41194750769
911,LD-11-16-14527,Penn - London Elementary School,2016/11/16 13:54:05+00,2016/10/27 00:00:00+00,2017/02/15 00:00:00+00,2017/03/08 00:00:00+00,212.37,1,5656,Institutional,School,1,,,,0,,,0,0abae3e8-e97b-4599-ab29-b121b43c5000,PR-004438-2016,2016,proposed modular classroom,PR-004438-2016,Penn - London Elementary School,1643011.09569505,6163.93914201771
912,LD-11-16-14528,Bush Automotive Collision,2016/11/17 00:00:00+00,2016/10/27 00:00:00+00,2017/03/08 00:00:00+00,2017/03/28 00:00:00+00,5.33,1,9120,Commercial,Addition to Existing,1,,,,0,,,0,a84f0446-876f-40ae-82df-055ea5080669,PR-004439-2016,2016,proposed building addition (garage) and changing parking,PR-004439-2016,Bush Automotive Collision,200138.509285898,1894.75559234436
913,LD-11-16-14554,New Streets Department Facility,2016/12/06 10:20:15+00,2016/11/10 00:00:00+00,,,14.6,1,10500,Institutional,Government,1,,,,0,,,0,e9ef8bc4-6ade-41c8-b718-f2047e37e87d,PR-004447-2016,2016,"Proposed maintenance garage, salt shed and parking.",PR-004447-2016,New Streets Department Facility,644342.388630339,3243.03222589728
914,LD-11-16-14555,West Chester University South Campus Student Center,2016/11/30 00:00:00+00,2016/11/10 00:00:00+00,,,41,1,11516,Institutional,School,1,,,,0,,,0,160cd753-c625-4b76-9f77-0858342ebd80,PR-004448-2016,2016,"proposed 11,516 square foot student center",PR-004448-2016,West Chester University South Campus Student Cent,1659250.14847053,6314.0121085993
915,LD-11-16-14557,PVC Facility Management,2016/12/09 00:00:00+00,2016/11/10 00:00:00+00,,,17.68,1,1600,Commercial,Unique,1,,,,0,,,0,c3dc9098-9428-43b5-a21e-512be9bf68e3,PR-004449-2016,2016,proposed canapy at FedEx warehouse,PR-004449-2016,PVC Facility Management,1039402.30848382,6113.82967207917
916,LD-11-16-14565,"Wawa, Inc. - Store #160",2016/12/07 00:00:00+00,2016/11/16 00:00:00+00,,,2.1,1,168,Commercial,Addition to Existing,1,,,,0,,,0,84441451-45b0-4899-ad35-ede2ad81840c,PR-004452-2016,2016,proposed walk-in freezer (bldg. addition),PR-004452-2016,Wawa Inc Store 160,78971.3737519697,1289.95526164287
917,LD-11-16-14568,"Luludoli, LLC",2016/12/16 00:00:00+00,2016/11/21 00:00:00+00,2017/02/13 00:00:00+00,2017/03/21 00:00:00+00,0.56,6,0,Residential,Apartment,6,,,,0,,,0,8ccfcab6-e1d1-48e8-9ab8-306f76daab0f,PR-004453-2016,2016,convert existing building into 6 apartments and add 18 parking spaces,PR-004453-2016,"Luludoli, LLC",16364.97305286,548.823778076924
918,LD-11-16-14575,"Whiteland Valley Corporate Center, Inc. ",2016/12/22 00:00:00+00,2016/11/23 00:00:00+00,,,1.1,1,2240,Institutional,Child Daycare,1,,,,0,,,0,38813bb8-3150-4aad-81a9-a3499b5d9b5d,PR-004454-2016,2016,Convert existing building to a day care facility. Adding an outside play area and parking. ,PR-004454-2016,"Whiteland Valley Corporate Center, Inc. ",50036.9926851618,928.180138355313
919,LD-11-16-14578,Lot #1 - Woodbine Road,2016/12/27 00:00:00+00,2016/11/28 14:21:25+00,2019/10/04 00:00:00+00,2019/10/07 00:00:00+00,16.74,229,0,Residential,Apartment,229,,,,0,,,0,dadb3ff6-cfb3-4cbd-808f-2ef16c4aa7f8,PR-004455-2016,2016,Construct five apartment buildings with 229 total apts,PR-004455-2016,Lot #1 - Woodbine Road,694345.80148995,3373.95224406845
920,LD-11-16-14582,"Marsh Creek Homes, LLC",2016/12/14 00:00:00+00,2016/11/23 00:00:00+00,2017/04/04 00:00:00+00,2017/03/06 00:00:00+00,1.23,2,0,Residential,Single Family Residential,2,,,,0,,,0,d0c6c1d3-24ab-4aed-9d6d-cbaf73d28673,PR-004457-2016,2016,Construct 2 SFR on 2 existing lots,PR-004457-2016,"Marsh Creek Homes, LLC",42827.1576665811,834.677260679065
921,LD-11-16-14584,Festival at Exton Retail Addition,2016/12/16 00:00:00+00,2016/11/28 00:00:00+00,2017/03/08 00:00:00+00,2017/06/06 00:00:00+00,20.2,1,2070,Commercial,Addition to Existing,1,,,,0,,,0,dcf9edd5-40a7-4259-9468-e111ce3fb71f,PR-004458-2016,2016,"add 2,070 SF addition to an exisitng commercial building",PR-004458-2016,Festival at Exton Retail Addition,885413.12808583,3909.99049197452
922,LD-11-17-15164,Friends Boarding Home of the Western Quarterly Meeting,2017/11/17 13:47:37+00,2017/10/31 00:00:00+00,2018/03/05 00:00:00+00,2018/03/08 00:00:00+00,2.86,1,1245,Commercial,Addition to Existing,1,,,,0,,,0,e72e65e5-4db4-4e7c-86dc-038ed0e5aa7f,PR-004686-2017,2017,Proposed building addition and various paving,PR-004686-2017,Friends Boarding Home - Western Quarterly Mtg,111181.786915607,1365.98735226028
923,LD-11-17-15166,Unit 5 at East Caln Business Park,2017/11/17 00:00:00+00,2017/11/03 14:43:36+00,2018/12/05 00:00:00+00,2018/12/11 00:00:00+00,4.34,1,0,Industrial,Parking Lot/Garage,1,,,,0,,,0,69cf87c9-de43-4dd7-bb47-1d546fa96f18,PR-004688-2017,2017,Proposed parking,PR-004688-2017,Unit 5 at East Caln Business Park,1170410.08133207,4731.54098481824
924,LD-11-17-15171,1568 West Chester Pike,2017/11/21 00:00:00+00,2017/11/08 00:00:00+00,,,3.67,1,1589,Commercial,Addition to Existing,1,,,,0,,,0,dd6aa27c-d1c9-4448-848c-07ab2c917e43,PR-004691-2017,2017,proposed building addition,PR-004691-2017,1568 West Chester Pike,147345.202050137,1729.97552818701
925,LD-11-17-15175,"88,000 SF Office/Assembly & Manufacturing Facility",2017/12/06 00:00:00+00,2017/11/13 00:00:00+00,2018/04/03 00:00:00+00,2018/05/15 00:00:00+00,16.08,1,88000,Industrial,Manufacturing,1,,,,0,,,0,9a7abd16-712b-4238-8adf-a9ba5143b161,PR-004693-2017,2017,Proposed industrial building (Office/Assembly & Manufacturing Facility) and parking,PR-004693-2017,"88,000 SF Office/Assembly & Manufacturing Facility",708363.820731279,4012.41510058389
926,LD-11-17-15189,"West Chester Partners Apartments, LLC",2017/12/12 00:00:00+00,2017/11/15 00:00:00+00,,,6.1,325,0,Residential,Apartment,325,,,,0,,,0,969755cc-adf0-42d9-abe0-22fe8e4391df,PR-004699-2017,2017,Proposed apartment building with parking,PR-004699-2017,"West Chester Partners Apartments, LLC",257732.387618569,2128.77458367807
927,LD-11-18-15659,Buckman's Ski and Snowboard Shop,2018/12/06 00:00:00+00,2018/11/08 10:45:52+00,2019/03/13 00:00:00+00,2019/03/01 00:00:00+00,2.31,1,8004,Commercial,Addition to Existing,1,,,,0,,,0,1e0423f7-ae6b-4efd-80cf-395e67600da9,PR-004944-2018,2018,proposed building addition and parking,PR-004944-2018,Buckman's Ski and Snowboard Shop,83282.305849406,1150.68522917708
928,LD-11-18-15663,151 Sheree Boulevard,2018/12/06 00:00:00+00,2018/11/15 00:00:00+00,,,7.68,1,37938,Industrial,Warehouse,1,,,,0,,,0,2d14f8ac-b727-4eb0-844f-e3a7bbd69e72,PR-004946-2018,2018,Proposed building (warehouse) and parking,PR-004946-2018,151 Sheree Boulevard,337750.508565462,2456.61797910877
929,LD-11-18-15667,101 Gordon Drive,2018/12/06 00:00:00+00,2018/11/15 00:00:00+00,2019/08/12 00:00:00+00,2019/12/03 00:00:00+00,36.6,1,183717,Industrial,Warehouse,1,,,,0,,,0,2039a7ef-9771-47fc-ab96-e5c13b17a16b,PR-004948-2018,2018,proposed building (warehouse) and reducing parking  ,PR-004948-2018,101 Gordon Drive,1496074.95549281,5754.62847369384
930,LD-11-18-15671,Stillman Volvo Parking Expansion,2018/12/14 00:00:00+00,2018/11/19 11:21:22+00,2019/05/21 00:00:00+00,2019/09/13 00:00:00+00,2.44,1,0,Commercial,Parking Lot/Garage,1,,,,0,,,0,3a1db514-29e3-42df-b72a-5a93848191a6,PR-004950-2018,2018,Proposed parking lot expansion,PR-004950-2018,Stillman Volvo Parking Expansion,106607.781960935,1488.04042449493
931,LD-11-18-15672,125 Little Conestoga Road,2018/12/06 00:00:00+00,2018/11/19 13:25:52+00,2019/11/18 00:00:00+00,2020/06/15 00:00:00+00,1.18,1,3080,Commercial,Addition to Existing,1,,,,0,,,0,196618e0-a676-464c-87aa-1e57f611c876,PR-004951-2018,2018,Proposed building addition and parking,PR-004951-2018,125 Little Conestoga Road,57006.0876918675,983.351157550522
932,LD-11-18-15681,North Creek Nurseries,2018/12/10 10:31:58+00,2018/11/26 13:34:00+00,2019/06/11 00:00:00+00,2019/08/15 00:00:00+00,28.34,1,79488,Commercial,Unique,1,,,,0,,,0,2bd237fd-dfed-4053-9800-d60364047ccf,PR-004954-2018,2018,Proposed building - greenhouse,PR-004954-2018,North Creek Nurseries,1222713.93414183,4832.02417171767
933,LD-11-18-15682,109 Coeway Lane,2018/12/14 00:00:00+00,2018/11/26 14:15:16+00,2019/02/27 00:00:00+00,2019/06/13 00:00:00+00,1.09,1,2160,Commercial,Unique,1,,,,0,,,0,8634867e-9546-4deb-9959-5a37bb69f806,PR-004955-2018,2018,proposed pole barn,PR-004955-2018,109 Coeway Lane,47476.3877708853,874.950156254155
934,LD-11-19-16140,Red Clay Manor,2019/11/20 15:04:14+00,2019/11/07 14:20:21+00,2020/07/13 00:00:00+00,2020/12/18 00:00:00+00,2.41,61,0,Residential,Apartment,61,,,,0,,,0,19742720-e317-40ef-811c-6d695ef4b539,PR-005164-2019,2019,61 apartments and parking,PR-005164-2019,Red Clay Manor,101385.393548983,1654.79294772693
935,LD-11-19-16146,255 S. Bailey Rd.,2019/12/05 00:00:00+00,2019/11/14 12:21:16+00,2022/01/30 00:00:00+00,2022/03/25 00:00:00+00,11.53,1,41389,Industrial,Addition to Existing,1,,,,0,,,0,0f064934-f1d3-4e15-a720-3f6f3c9f8a23,PR-005169-2019,2019,Proposed building addition (Phase 1) & building (Phase 2) and parking in both phases,PR-005169-2019,255 S. Bailey Rd.,636761.199839051,3345.52982162473
936,LD-11-19-16159,Stonewall Golf Course Clubhouse,2019/12/11 09:35:07+00,2019/11/18 12:57:59+00,2019/12/11 00:00:00+00,2020/04/22 00:00:00+00,105.2,1,2750,Commercial,Unique,1,,,,0,,,0,e7eb0817-e663-4eb8-8309-26ba0343643c,PR-005175-2019,2019,Proposed building (cart barn),PR-005175-2019,Stonewall Golf Course Clubhouse,4430226.8362112,14093.0155795047
937,LD-11-19-16161,Masjid Ar-Rahman Property,2019/12/18 00:00:00+00,2019/11/18 13:36:40+00,2021/02/22 00:00:00+00,2021/04/23 00:00:00+00,0.39,1,3250,Institutional,Addition to Existing,1,,,,0,,,0,b1296ede-cfa8-4069-9c49-954e35f850fa,PR-005176-2019,2019,proposed building addition and parking,PR-005176-2019,Masjid Ar-Rahman Property,17368.2119606299,559.153711792195
938,LD-11-19-16163,Rudolph A. Fedor,2019/12/18 00:00:00+00,2019/11/18 00:00:00+00,2020/08/26 00:00:00+00,2021/06/30 00:00:00+00,1.68,2,0,Residential,Twin,2,,,,0,,,0,c2ef7a73-cc21-4c1b-aa75-4072936a4e28,PR-005178-2019,2019,2 twin units proposed on an existing parcel,PR-005178-2019,Rudolph A. Fedor,72555.9527867418,1939.01925429276
939,LD-11-19-16166,Roslyn Swim Club,2019/12/19 00:00:00+00,2019/11/19 11:32:18+00,2020/07/04 00:00:00+00,2020/08/05 00:00:00+00,2.96,1,1200,Commercial,Unique,1,,,,0,,,0,85d18c77-ce9c-439d-a2fd-7cd6f9077634,PR-005179-2019,2019,2 proposed buildings and parking,PR-005179-2019,Roslyn Swim Club,130801.695168896,1420.63174470914
940,LD-11-19-16173,The Timothy School,2019/12/19 00:00:00+00,2019/11/22 12:05:19+00,,,5.06,4,5692,Institutional,School,4,,,,0,,,0,fd55dc87-e49c-449c-811f-5e06176b489a,PR-005182-2019,2019,4 building additions and parking ,PR-005182-2019,The Timothy School,215359.874620053,1992.64783913822
941,LD-11-19-16174,Malvern Veterinary Hospital,2019/12/19 00:00:00+00,2019/11/22 12:31:47+00,2021/02/18 00:00:00+00,2021/06/21 00:00:00+00,1.37,1,4453,Commercial,Unique,1,,,,0,,,0,7aab4f74-e627-4d96-a341-44855484bf23,PR-005183-2019,2019,demolish existing Veterinary Hospital and construct new facility & garage and additional parking ,PR-005183-2019,Malvern Veterinary Hospital,60137.161108696,1101.06433994625
942,LD-11-19-16175,"Honeybrook Properties, LLC",2019/12/11 00:00:00+00,2019/11/25 14:10:38+00,2021/04/21 00:00:00+00,2021/04/28 00:00:00+00,10.99,4,0,Residential,Apartment,4,,,,0,,,0,7006e9cd-b681-48ba-abb7-73596f42534e,PR-005184-2019,2019,convert existing barn into 4 apartments and adding parking,PR-005184-2019,"Honeybrook Properties, LLC",460717.87729692,3508.77303990976
943,LD-11-20-16528,Providence Place at Lower Oxford,2020/11/18 14:14:29+00,2020/11/02 11:12:45+00,,,49.6,1,146112,Institutional,Nursing Home/Assisted Living,1,145 beds,,,0,,,0,7c39a6ed-a30b-4750-af4e-7e38c0bb69f3,PR-005340-2020,2020,"proposed 146,112 square foot assisted living facility",PR-005340-2020,Providence Place at Lower Oxford,2252185.479037,6043.29083435129
944,LD-11-20-16529,45 Liberty Boulevard,2020/12/02 00:00:00+00,2020/11/04 11:03:04+00,2021/03/10 00:00:00+00,2021/08/27 00:00:00+00,13.06,2,0,Commercial,Office Building,2,,,,0,,,0,b803d47d-c029-47ec-940c-2108d54aa22b,PR-005341-2020,2020,parking lot improvement with 99 new spaces,PR-005341-2020,45 Liberty Boulevard,546988.363367582,3384.29534353555
945,LD-11-20-16532,Chickie's & Pete's Malvern,2020/12/04 00:00:00+00,2020/11/05 12:20:18+00,,,8.15,1,1925,Commercial,Addition to Existing,1,,,,0,,,0,8f0aa5fc-6378-4027-ba0b-2635c3a7a828,PR-005342-2020,2020,"proposed 1,925 SF addition to bldg",PR-005342-2020,Chickie's & Pete's Malvern,347516.751494967,2646.21715835679
946,LD-11-20-16534,Goshen Leisure Development,2020/12/04 00:00:00+00,2020/11/05 00:00:00+00,2020/12/04 00:00:00+00,2021/01/22 00:00:00+00,14.09,1,32000,Commercial,Office Building,1,,,,0,,,0,3ed7f2df-4aab-409c-aaf1-975abbcdff60,PR-005343-2020,2020,"proposed 32,000 SF  building",PR-005343-2020,Goshen Leisure Development,593961.286504847,3329.90705959558
947,LD-11-20-16537,Kennett Square Helipad,2020/12/01 00:00:00+00,2020/11/06 10:54:26+00,2021/08/26 00:00:00+00,2021/09/01 00:00:00+00,51.73,1,286,Commercial,Unique,1,,,,0,,,0,7c3fa4b7-b70f-486b-8f8d-effdf293eba9,PR-005344-2020,2020,proposed helicopter pad and guardhouse,PR-005344-2020,Kennett Square Helipad,2195027.66908015,7420.48875225069
948,LD-11-20-16540,J. D. Eckman Shop Building,2020/12/04 00:00:00+00,2020/11/09 00:00:00+00,,,35.71,2,39736,Industrial,Warehouse,1,,Industrial,Office Building,1,,,0,1a72ba38-bdeb-4dc5-a592-e3867934f072,PR-005346-2020,2020,"proposed 39,736 SF warehouse and addition to office building",PR-005346-2020,J. D. Eckman Shop Building,1500246.5341297,5316.53974469803
949,LD-11-20-16549,305 Westtown Road,2020/12/23 00:00:00+00,2020/11/24 00:00:00+00,2021/09/21 00:00:00+00,2021/10/05 00:00:00+00,2.01,1,16000,Commercial,Unique,1,Health Club,,,0,,,0,da869502-b177-4a36-877d-9eec32e73ec0,PR-005349-2020,2020,"Proposed 16,000 SF Health Bldg w/85 Parking Places",PR-005349-2020,305 Westtown Road,90794.0936898246,1212.09255865876
950,LD-11-21-16968,Cleveland Cliffs Steel,2021/12/01 15:58:54+00,2021/11/05 11:10:10+00,2022/02/15 00:00:00+00,2023/02/10 00:00:00+00,139.94,1,120000,Industrial,Addition to Existing,1,,,,0,,,0,af72c250-504a-436c-af6b-4acffef86571,PR-005529-2021,2021,"Cleveland Cliffs Steel Plate, Inc / ISG Plate, Inc.",PR-005529-2021,Cleveland Cliffs Steel,6182903.49747553,13574.7449868524
951,LD-11-21-16974,Project Keystone,2021/12/01 00:00:00+00,2021/11/09 09:40:19+00,,,43,1,300,Industrial,Warehouse,1,,,,0,,,0,c966f5c9-4b0f-44ca-adfd-8944feb35a77,PR-005530-2021,2021,Redevelopment of an existing industrial lot.,PR-005530-2021,Project Keystone,1704184.80468991,5544.49024368667
952,LD-11-21-16976,"Evergreen Landscaping, Inc.",2021/12/15 10:44:43+00,2021/11/15 10:24:40+00,,,6.26,1,7200,Industrial,Warehouse,1,,,,0,,,0,6d6d84b7-1f3a-4054-9434-a76ba89b0098,PR-005532-2021,2021,"Construct a 6,000 square foot steel building and a 1,200 square foot shed. The project is also proposing a stone storage lot and material storage bins for bulk material storage.",PR-005532-2021,Evergreen Landscaping,307441.838767564,2318.39121481802
953,LD-11-21-16984,Redevelopment for Multi-Family Apartment Complex (250 East Market Street),2021/12/10 09:30:18+00,2021/11/10 12:12:17+00,,,2.509,219,0,Residential,Apartment,219,,,,0,,,0,257fda90-e3f8-4e28-a2b2-5232423e574e,PR-005535-2021,2021,Redevelopment of existing site for Multi-Family Apartment Complex.,PR-005535-2021,Redevelopment for Multi-Family Apartment Complex,102357.790143535,1468.47603822306
954,LD-11-21-16988,215-219 West Lancaster Avenue Vehicle Inventory Improvements,2021/12/15 10:19:43+00,2021/11/15 09:22:58+00,2023/12/04 00:00:00+00,2024/01/09 00:00:00+00,1.0151,1,0,Commercial,Retail,1,automobile sales,,,0,,,0,1dfa1569-9c40-4f6a-ad1e-51967cf68187,PR-005539-2021,2021,"Consolidate three lots into one; demolish existing building on 219 Lancaster Ave and use the property for automobile sales in conjunction with the existing “Maserati of the Main Line” dealership on the MOTML Property.",PR-005539-2021,215-219 W Lancaster Ave Vehicle Improvements,40154.9865516129,802.20554598222
955,LD-11-21-16989,Knickerbocker Redevelopment,2021/12/17 12:58:57+00,2021/11/18 10:14:44+00,,,176.7,280,0,Residential,Townhouse,204,,Residential,Twin,76,,,0,76d38a0e-b0da-495a-a476-9da5c10b2904,PR-005537-2021,2021,Proposed 204 townhomes and 76 twin units,PR-005537-2021,Knickerbocker Redevelopment,7767377.97136585,15571.010037355
956,LD-11-21-16996,Banquet Facility,2021/12/10 16:22:19+00,2021/11/18 13:35:45+00,2022/07/07 00:00:00+00,2023/12/14 00:00:00+00,24.8,1,18748,Commercial,Conference Center,1,,,,0,,,0,315a617e-add1-426e-857f-a61aee1ec3e2,PR-005540-2021,2021,"2 parcels into 1 for a banquet facility, associated structures, barn building and parking",PR-005540-2021,Banquet Facility,1065919.71334533,4187.37723723135
957,LD-11-21-17006,Coventry Chase Townhomes,2021/12/13 13:49:01+00,2021/12/03 09:44:17+00,2022/12/20 00:00:00+00,2022/12/21 00:00:00+00,42.3,112,0,Residential,Townhouse,112,,,,0,,,0,1c95bb7a-5ef0-4e02-9c4e-0c993d8d454c,PR-005543-2021,2021,Final Subdivision/Land Development Plan - 112 townhouse lots,PR-005543-2021,Coventry Chase Townhomes ,1832474.37581893,6549.57561626627
958,LD-11-22-17444,West Goshen Shopping Center Redevelopment,2022/12/02 00:00:00+00,2022/11/04 10:46:55+00,2023/09/05 00:00:00+00,2024/01/31 00:00:00+00,33.47,2,15450,Commercial,Fast Food,1,"5,200 SF",Commercial,Addition to Existing,1,,,0,11adb163-1f92-40c5-805c-308d255540a2,PR-005721-2022,2022,"5,200 SF proposed building and 10,250 SF building addition. Proposed redevelopment within a 7-acre portion of the overall 35.97-acre parcel. Project proposes an approximately 10,000 square foot expansion of the existing commercial building (formerly K-Mart), construction of an approximately 5,000 square foot fast food restaurant, and alterations to the existing parking lot and utility infrastructure.",PR-005721-2022,West Goshen Shopping Center Redevelopment,1402399.5398988,5245.29095978308
959,LD-11-22-17446,Proposed Headquarters Building,2022/12/20 00:00:00+00,2022/12/07 10:27:41+00,,,3.15,1,8400,Commercial,Office Building,1,,,,0,,,0,2fbd1283-307d-469a-9717-1af2023ccdef,PR-005723-2022,2022,"8,400 SF office building and parking proposed. Preliminary Plan. Site will be developed into an office building, garage, parking lots, and gravel storage area with associated utilities and stormwater management facilities.",PR-005723-2022,Proposed Headquarters Building,91177.5765027949,1814.00128017493
960,LD-11-22-17450,"Delaware Valley Friends School Expansion, Phases 1 & 2",2022/12/15 00:00:00+00,2022/11/15 11:42:37+00,2024/04/12 00:00:00+00,2024/06/13 00:00:00+00,8.18,1,21739,Institutional,Addition to Existing,1,3 building additions to 1 building,,,0,,,0,7efc8968-757d-4f6b-8dd8-677f219d446c,PR-005725-2022,2022,"Three (3) building additions totaling 21,739 SF.",PR-005725-2022,"Delaware Valley Friends School Expansion, 2 Phases",325490.485003343,2325.62115803355
961,LD-11-22-17455,Paradise Village,2022/12/20 00:00:00+00,2022/11/16 13:43:32+00,,,5.79,202,13275,Residential,Apartment,200,,Commercial,Retail,2,,,0,ec118d06-fee1-4615-99a8-5f979e7b8aba,PR-005726-2022,2022,"Construct a five (5) story building with commercial on 1st floor, apartments on floors 2 through5 with subgrade, elevated and surface parking. Construct Hal Street.",PR-005726-2022,Paradise Village,260628.881359457,3658.74368407388
962,LD-11-22-17456,"Pothouse-Kimberton, LLC Self Storage",2022/12/16 00:00:00+00,2022/11/21 10:01:41+00,,,5.31,1,102000,Commercial,Unique,1,,,,0,,,0,a3355c42-170f-4e93-8302-d9265d477196,PR-005730-2022,2022,"102,000 SF building (self-storage facility).
Pothouse/Kimberton LLC Self Storage Facility",PR-005730-2022,"Pothouse-Kimberton, LLC Self Storage",222502.558209943,2794.94430693641
963,LD-11-22-17460,Avon Grove Charter School,2022/12/20 00:00:00+00,2022/12/07 10:41:29+00,2023/05/10 00:00:00+00,2024/02/28 00:00:00+00,21.74,1,81784,Institutional,Educational Facility,1,"81,484 SF bldg & 300 SF addition",,,0,,,0,d9d69c1c-afd9-49d1-9e50-7776c7c19eae,PR-004539-2017,2022,"81,484 SF bldg & 300 SF addition and parking. Proposed new academic building to replace three existing modular unit buildings which will be demolished at the end of the project. New parking area, improvements to the existing maintenance area, new walkways, an amphitheater, play areas, utilities, landscaping and stormwater management.",PR-004539-2017,Avon Grove Charter School,991161.20376706,4986.97608247704
964,LD-11-22-17469,Jenners Commons,2023/01/11 00:00:00+00,2023/01/05 15:34:34+00,,,6.86,1,0,Commercial,Parking Lot/Garage,1,Proposed Driveway,,,0,,,0,0fe08ac5-cec3-40c1-b557-dd9daf401d91,PR-005732-2022,2023,Proposed driveway. Revision to a prior proposal,PR-005732-2022,Jenners Commons,300422.462379002,2326.83096124488
965,LD-11-22-17470,Proposed Barn,2022/12/12 00:00:00+00,2022/11/29 11:45:56+00,,,2.52,1,1200,Agricultural,Unique,1,Proposed Barn,,,0,,,0,5d1bdb1f-27cb-4bb8-a2b2-cfb59209a18c,PR-005733-2022,2022,"1,200 SF barn proposed. Land Development Plan and Stormwater Management Plan for the construction of a barn.",PR-005733-2022,Proposed Barn,95588.6431566318,1382.34735360063
966,LD-11-23-17900,O'Rourke Steel,2023/11/16 00:00:00+00,2023/11/02 10:13:27+00,2024/08/20 00:00:00+00,2026/02/03 00:00:00+00,6.93,1,4500,Industrial,Addition to Existing,1,,,,0,,,0,49e38c85-c05c-4e20-b93c-cc733771c180,SUB-10382,2023,"Construct a new 4,500 sf addition to the existing fabrication building.",SUB-10382,O'ROURKE STEEL,311722.467691079,3356.57993025399
967,LD-11-23-17909,Brandywine Regional Airport,2023/12/06 00:00:00+00,2023/11/14 14:13:56+00,2024/05/07 00:00:00+00,2024/06/17 00:00:00+00,26.3,4,13390,Commercial,Unique,4,Airport Hangers,,,0,,,0,46ff2022-43ed-460d-9d93-c1cab968a59b,PR-005875-2023,2023,Construct four (4) new hangers,PR-005875-2023,Brandywine Regional Airport,1157856.51084943,4937.31276439834
968,LD-11-23-17916,Campus Circulation and Parking Improvements,2023/12/08 00:00:00+00,2023/11/17 12:21:59+00,,,138.14,1,1350,Institutional,Educational Facility,1,,,,0,,,0,d4519dfd-5f5e-438e-b4ec-ea2fb4ae8e80,PR-005924-2023,2023,"Proposed parking, tennis courts, open air spectator shelter, 1,350 SF, and improved driving circulation. Parking, Circulation, & Tennis Improvements",PR-005924-2023,Campus Circulation and Parking Improvements,3324777.14177586,7403.08786280704
969,LD-11-23-17919,Green Fig Land Company,2023/12/21 00:00:00+00,2023/11/27 12:59:45+00,2026/03/02 00:00:00+00,2026/03/20 00:00:00+00,74.53,2,1000000,Industrial,Unique,2,Data Center,,,0,,,0,981476a6-fb85-411b-a4b9-00f50a9ef759,PR-005020-2019,2023,Preliminary Land Development to construct two Data Center buildings.  The main access will be Swedesford Road.,PR-005020-2019,Green Fig Land Company,3040618.72824869,8837.07616865509
970,LD-11-24-18314,"Boot Road Tree Service, Inc.",2024/12/13 00:00:00+00,2024/11/13 09:14:18+00,2025/04/15 00:00:00+00,2025/11/10 00:00:00+00,1.58,1,6000,Commercial,Unique,1,,,,0,,,0,fce36d01-c409-48ae-920a-66872c7ca366,PR-006098-2024,2024,"Proposed 6,000 SF building.  SD & LD plan.",PR-006098-2024,"Boot Road Tree Service, Inc.",61593.4533327446,962.870408325096
971,LD-11-24-18318,206. S. Whitford Road,2024/12/20 00:00:00+00,2024/11/20 13:27:51+00,,,7.7,2,30754,Commercial,Addition to Existing,1,,Commercial,,1,,,0,f83f2e3e-3f8c-4f92-b18f-6ce644173b5f,PR-006101-2024,2024,"The Applicant proposes an 8,754 square foot addition to an existing commercial building, along with the construction of a 22,000 square foot commercial building in the rear of the property located at 206 S. Whitford Road.  The existing historic building along South Whitford Road will be maintained.",PR-006101-2024,206. S. Whitford Road,366286.073357102,2445.52138097636
972,LD-11-24-18321,"Landhope Investors, LP",2024/12/19 00:00:00+00,2024/11/19 13:31:49+00,2025/07/09 00:00:00+00,2025/10/29 00:00:00+00,156.9,1,0,Commercial,Unique,1,"renovating building, no new SSF", , ,0,,,0,9df805d3-d45b-482e-9a71-0af5d5945aba,PR-006103-2024,2024,Renovate existing barn and new ceremony space. - Event Space - Barn Conversion,PR-006103-2024,"Landhope Investors, LP",6732065.73991023,11316.4442123349
973,LD-11-24-18325,Proposed Wawa,2024/12/20 00:00:00+00,2024/11/21 16:56:08+00,,,5.4,1,6049,Commercial,Convenience Store,1,,,,0,,,0,73821042-b488-4205-9a15-d2193935d9f9,PR-006106-2024,2024,"6,049 square foot convenience store (Wawa) and parking",PR-006106-2024,Proposed Wawa,227293.85471112,2483.70807660829
974,LD-11-25-18711,PNY Sports Arena Building Addition,2025/11/21 00:00:00+00,2025/11/05 10:38:10+00,,,11.8,1,1200,Commercial,Addition to Existing,1,,,,0,,,0,bfaf494e-5696-4160-8ea0-9724ca48e3de,PR-006268-2025,2025,"1,200 SF building addition, COM (Township description: This application calls for construction of a 1,200 square foot building addition and an 88 square foot concrete pad at the condominium (UPI. # 67-3-132.9), which houses an ice skating rink.  The new addition will include two locker rooms and shower facilities, and the concrete pad will house relocated dehumidifier.)",PR-006268-2025,PNY Sports Arena Building Addition,532337.755186144,3471.27055051103
975,LD-11-25-18712,Pelet Welding,2025/12/05 00:00:00+00,2025/11/12 11:18:14+00,,,21.01,1,39789,Industrial,Manufacturing,1,Manufacturing/office building,,,0,,,0,fbf31a7f-cd81-4931-b643-31d80d97ea0b,PR-006269-2025,2025,"1 proposed IND building/office, 39,789 SF (Township description: Pelet Welding/Pelco Ventures Land Development Application)",PR-006269-2025,Pelet Welding,962044.999929466,5280.36783724041
976,LD-11-25-18723,114 Washington Ave.,2025/12/17 00:00:00+00,2025/11/17 12:19:54+00,,,0.32,20,0,Residential,Apartment,20,,,,0,,,0,4cbe65ea-a370-4da0-8e21-c2e732ed4cb2,PR-006274-2025,2025,20 apartments proposed w/ 1st floor parking garage & parking in rear,PR-006274-2025,114 Washington Ave.,10687.7314320083,661.496693602869
977,LD-11-25-18725,"1580, 1600, 1690 and 1692 Russell Road",2025/12/17 00:00:00+00,2025/11/17 09:34:41+00,,,7.08,18,0,Residential,Twin,18,,,,0,,,0,a6b2fea8-0038-4620-a7de-d544648b2b0e,PR-005096-2019,2025,Proposed construction of 18 age-qualified single family semi-detached (twin) dwelling units.  Refer to SD-11-25-18731 for concurrent lot consolidation plan.,PR-005096-2019,"1580, 1600, 1690 and 1692 Russell Road",254853.951945688,2853.78962058148
978,LD-11-25-18735,Penn-Delmar Power,2026/02/20 14:52:51+00,2026/01/28 15:24:18+00,,,6.89,1,30000,Commercial,Office Building,1,,,,0,,,0,412f15ad-29d7-420f-8a75-476ff9017d03,PR-006278-2025,2026,"1 proposed COM building, 30,000sf. SD & LD plan. Description by Applicant: Commercial Building to be Constructed in the C-2 Special Limited Business District",PR-006278-2025,Penn-Delmar Power,290491.331486731,2391.60890562433
979,LD-11-25-18739,Penn CSG 2 LLC Solar Project,2025/12/15 00:00:00+00,2025/12/03 10:34:59+00,,,35.09,1,0,Industrial,Unique,1,Solar panels,,,0,,,0,58cb8b91-c7ec-4c74-9e30-111c18a5cf3f,PR-006281-2025,2025,"5,448 Solar panels proposed.     Description by Applicant: Land Development Plan for Penn CSG 2 LLC/Dimension Energy",PR-006281-2025,Penn CSG 2 LLC Solar Project,1529062.72846203,6722.83244722846
980,LD-12-09-10040-6,Chester County Intermediate Unit,2009/12/30 00:00:00+00,2009/12/02 00:00:00+00,2011/05/25 00:00:00+00,2011/05/25 00:00:00+00,15.51,2,2488,Institutional,Addition to Existing,2,extending connection between 2 buildings, , ,0, , ,0,92902640-0c21-40b2-9287-02f5c5d5fa78,PROJ-1100,2009,Extending connection between 2 buildings.,PROJ-1100,Chester County Intermediate Unit,695910.361927516,3521.5639539239
981,LD-12-09-1042,Kendal @ Longwood Congregate Care L,2010/01/07 00:00:00+00,2009/12/08 00:00:00+00,2011/06/06 00:00:00+00,2011/06/07 00:00:00+00,115.68,48,,Residential,Twin,48,, , ,0, , ,0,a170c861-4895-4535-a2ac-fb8f640f625f,PROJ-1098,2010,,PROJ-1098,Kendal @ Longwood Congregate Care,4915498.51129835,9991.44789496829
982,LD-12-09-1080,"Mattia Landscape, Inc.",2010/01/07 00:00:00+00,2009/12/11 00:00:00+00,2010/08/23 00:00:00+00,2010/08/25 00:00:00+00,1.39,1,3200,Commercial,Office Building,1,, , ,0, , ,0,010425d0-1287-434f-b314-9b5d3a9724af,SUB-08059,2010,,SUB-08059,"MATTIONI, DAVID",75732.7753068184,1170.43638159034
983,LD-12-09-1107,2200 Flowing Springs Road,2010/01/19 00:00:00+00,2009/12/21 00:00:00+00,,,2.84,2,7500,Commercial,Office Building,2,3 office buildings on a 2 parcel site., , ,0, , ,0,c44d5f53-7681-45f8-b637-38c44908d182,SUB-11846,2010,"three one-story office buildings totaling 7,500 square feet, and 34 parking spaces",SUB-11846,Birch Run Village,92480.5133917961,1427.43807363376
984,LD-12-09-1134,Shops at Coventry,2010/01/22 00:00:00+00,2009/12/24 00:00:00+00,,,68.72,7,74463,Commercial,Shopping Center,7,"Grocery Store, Drug Store, and Fast Food Restaurant", , ,0, , ,0,af9e8575-6629-48be-88d7-fe38b62ce1fe,SUB-05515,2010,,SUB-05515,COVENTRY MALL - BOSCOV'S EXPANSION LD,2613843.78714459,7868.53779055082
985,LD-12-09-12630,1345 Enterprise Drive ,2009/12/22 00:00:00+00,2009/11/24 00:00:00+00,,,8,2,,,Parking Lot/Garage,2,Parking Only, , ,0, , ,0,81ecd8db-d935-4a6c-bf09-64ae49c9c345,PROJ-1096,2009,"Parking only.
Site consists of 2 parcels.",PROJ-1096,1345 Enterprise Drive LD,179379.782943179,1694.37312619426
986,LD-12-09-5797-44,National Bank of Malvern,2009/12/31 00:00:00+00,2009/12/04 00:00:00+00,2011/03/08 00:00:00+00,2011/03/11 00:00:00+00,4.56,1,3050,,Bank,1,1 building and parking, , ,0, , ,0,5bc88a5b-b32c-46d4-a24c-8840d4eb8e06,PROJ-1097,2009,"1 Building and parking.
Plan is relevant to Landscapes.",PROJ-1097,National Bank of Malvern,207127.532592629,2149.82536564328
987,LD-12-10-3339,Covenant Presbyterian Church,2011/01/06 00:00:00+00,2010/12/07 00:00:00+00,2013/01/07 00:00:00+00,2015/05/08 00:00:00+00,4.08,2,31015,Institutional,Addition to Existing,1,,Institutional,Religious Organization,1, , ,0,0eb1467e-5cec-48a9-87ed-5545db927726,SUB-1145,2011,1 proposed building (Deacons Pantry) and 2 building additions to Church,SUB-1145,COVENANT PRESBYTERIAN CHURCH,180636.501265117,1897.43265155043
988,LD-12-10-3363,Applebrooke Meadows (Phase 1),2010/12/30 00:00:00+00,2010/12/03 00:00:00+00,2011/05/09 00:00:00+00,2011/05/19 00:00:00+00,41.76,51,,Residential,Townhouse,51,, , ,0, , ,0,3f1ac377-b2d5-4372-bbaf-9302ec430f54,973-06-07,2010,"Phase 1
50 townhouses and 1 community building
see previous review 7798-5",973-06-07,Applebrook Meadows,1783213.20143988,5978.6306256243
989,LD-12-10-3380,County of Chester,2011/01/10 00:00:00+00,2010/12/13 00:00:00+00,2011/01/24 00:00:00+00,2011/02/03 00:00:00+00,139.1,1,3149,Institutional,Government,1,, , ,0, , ,0,2f5325f8-5462-43cf-8c4f-a22c1dc65200,PROJ-1299,2011,"proposed Data Center building
see previous review LD-3-10-1496",PROJ-1299,County of Chester,5907166.38808718,12074.0431137892
990,LD-12-10-3411,Philips Brothers Electrical Contrac,2011/01/11 00:00:00+00,2010/12/15 00:00:00+00,,,53.67,5,119375,Industrial,Addition to Existing,2,,Industrial,Unique,3, , ,0,a36fa5e8-753a-4488-946d-1546a9e2deb8,PROJ-2038,2011,"Full Plan Title Name: Philips Brothers Electrical Contractors

LD, IND, 3 new buildings and 2 additions

See also SD-12-10-3410",PROJ-2038,Philips Brothers Electrical Contractors,2242904.62575183,6861.09519766565
991,LD-12-10-3433,"LC Auto Body, Inc.",2011/01/21 00:00:00+00,2010/12/23 00:00:00+00,2011/06/14 00:00:00+00,2011/06/16 00:00:00+00,2.25,1,17208,Commercial,Unique,1,Auto body repair shop,,,0,,,0,e29c1409-a7bb-46db-b51e-82c8645a68ab,PROJ-2042,2011,construct 1 commercial auto body repair shop,PROJ-2042,LC Auto Body Inc,93714.6529287517,1233.71789366689
992,LD-12-11-5259,26 Main Avenue LLC,2011/12/16 00:00:00+00,2011/11/22 00:00:00+00,2012/12/03 00:00:00+00,2012/12/07 00:00:00+00,0.29,1,5076,Commercial,Addition to Existing,1,Self Storage , , ,0, , ,0,f75cf721-8515-4d59-8f22-d9236671dc63,PROJ-2211,2011,Remove accessory structure and construct 3-story self storage addition and parking.,PROJ-2211,26 Main Avenue LLC,12457.4635461464,481.615610466756
993,LD-12-11-5261,Penn Liberty Bank,2011/12/20 00:00:00+00,2011/11/23 00:00:00+00,2012/03/21 00:00:00+00,2012/04/18 00:00:00+00,2.7,1,2550,Commercial,Bank,1,, , ,0, , ,0,bd8affbb-c805-40d8-95f5-a18fd4a8e583,925-04-05,2011,"proposed bank and parking. see previous review 10723-2

Also - Muni Approval 12/18/2013 and Signed by JK on 12/20/13
",925-04-05,Penn Liberty Bank,125604.293732445,1433.36448480886
994,LD-12-11-5264,Minquas Fire Company No. 2,2011/12/16 00:00:00+00,2011/11/28 00:00:00+00,2012/12/27 00:00:00+00,2013/01/11 00:00:00+00,2.48,1,25779,Institutional,Emergency Services,1,Fire/EMS Station, , ,0, , ,0,4a02144c-acba-407e-a5a0-d039065932fd,PROJ-2584,2011,"demolish 5 existing buildings and replace with Fire/EMS Station, maintenance facility and salt shed",PROJ-2584,Minquas Fire Company No. 2,100781.230616478,1287.5837884732
995,LD-12-11-5268,New Intermediate School,2011/12/20 00:00:00+00,2011/12/02 00:00:00+00,2012/11/12 00:00:00+00,2012/11/15 00:00:00+00,62.28,1,150740,Institutional,School,1,, , ,0, , ,0,6371360c-fa75-4f4e-971e-fce77034b8ff,PROJ-2586,2011,"Proposed Intermediate School and parking.
See previous review 3642-3.",PROJ-2586,New Intermediate School,2692483.38688117,7784.1509869645
996,LD-12-11-5281,Proposed Sunoco,2012/01/06 00:00:00+00,2011/12/08 00:00:00+00,2013/01/09 00:00:00+00,2013/03/13 00:00:00+00,1.12,1,3159,Commercial,Unique,1,Gas station, , ,0, , ,0,808d8785-4342-416d-bea3-d90fcf3c7570,PROJ-2587,2012,"Demolish existing building, construct proposed Sunoco and parking. See previous review # 3317-8. Also pick up CU-12-11-5279.",PROJ-2587,Proposed Sunoco,46932.7637928958,866.160373213469
997,LD-12-11-5297,Jill Harper and Darlene Harper,2012/01/06 00:00:00+00,2011/12/12 00:00:00+00,2012/03/12 00:00:00+00,2012/03/14 00:00:00+00,2.63,1,1500,Commercial, ,1,, , ,0, , ,0,337cf413-7416-4f16-9cad-e0f6e10e6e09,PROJ-2591,2012,Construct commercial building and parking.,PROJ-2591,Jill Harper and Darlene Harper,85847.2034238019,1194.59434826148
998,LD-12-11-5348,Camphill Soltane,2012/01/20 00:00:00+00,2011/12/21 00:00:00+00,,,50.88,4,,Institutional, ,4,, , ,0, , ,0,afc82d93-4f9d-47d2-8097-3ef53472f5af,SUB-11422,2012,Proposed community sewage system to replace existing individual sewage systems throughout the facility. See previous review # 11422-3.,SUB-11422,CAMPHILL SOLTANE LD,2116207.85348229,11785.2382246929
999,LD-12-11-5351,Carsense,2012/01/18 00:00:00+00,2011/12/29 00:00:00+00,2012/03/19 00:00:00+00,2012/04/12 00:00:00+00,11.4,1,4000,Commercial,Addition to Existing,1,, , ,0, , ,0,35d2e1aa-5749-46e9-bea6-b36ca2293049,SUB-12193,2012,Proposed building addition to existing car lot. See previous review # 12193.,SUB-12193,CAR SENSE L/D,505294.277579009,4027.80235370543
1000,LD-12-12-7135,Camphill Soltane,2012/12/28 00:00:00+00,2012/11/30 00:00:00+00,2013/05/08 00:00:00+00,2017/06/13 00:00:00+00,24.16,1,180,Institutional,Unique,1,Proposed sewage treatment and disposal system, , ,0, , ,0,398baaf9-94e6-41d9-a671-e5e53a0dd576,SUB-11422,2012,Proposed sewage treatment and disposal system. See previous review 11422-3,SUB-11422,CAMPHILL SOLTANE LD,1033420.01854269,5095.52924206488
1001,LD-12-12-7153,Washington Square,2012/12/18 00:00:00+00,2012/12/06 00:00:00+00,,,32.48,136,10000,Residential,Single Family Residential,39,,Residential,Townhouse,96,Commercial,Child Daycare,1,fb9c8a6d-dfcd-420d-954e-b44de21fecc3,SUB-12235,2012,"39 proposed single family residential dwellings, 96 proposed townhouses, and 1 proposed day care. See previous review 2533",SUB-12235,CHANNING VIEW,1337577.33181409,6889.98275811369
1002,LD-12-12-7180,Barclay Friends,2013/01/02 00:00:00+00,2012/12/06 00:00:00+00,2013/01/16 00:00:00+00,2013/03/13 00:00:00+00,11.21,4,4040,Institutional,Addition to Existing,4,, , ,0, , ,0,f3e238bf-e2a4-49f9-84ec-d410e32059ae,SUB-09815,2013,8 building additions to 4 buildings and parking in 6 phases (senior living facility),SUB-09815,BARCLAY FRIENDS HALL,476812.251555899,3034.74661997735
1003,LD-12-12-7186,River Station East,2013/01/02 00:00:00+00,2012/12/07 00:00:00+00,,,6.11,41,37567,Residential,Apartment,30,,Commercial, ,11, , ,0,2b7f9ecf-98ff-4fff-a588-149ee84b0508,SUB-12505,2013,"4 mixed use buildings with retail, bank, offices, day care, and apartments

see previous review 12505-4

also see SD-12-12-7185
",SUB-12505,RIVER STATION BUSINESS PARK L/D,285934.53010502,4691.53240393478
1004,LD-12-12-7192,Hari Om Yoga Center,2013/01/07 00:00:00+00,2012/12/17 00:00:00+00,2013/12/04 00:00:00+00,2013/12/06 00:00:00+00,3.73,1,2634,Commercial,Addition to Existing,1,, , ,0, , ,0,965f4614-ab80-45a1-a401-fdebc3dd078e,SUB-11053,2013,"2 proposed building additions to 1 building and parking

see previous review 11053",SUB-11053,"SHARMA, BALDEV RAJ",154935.936619988,2914.95926502544
1005,LD-12-12-7203,Berkley Road Commercial,2013/01/11 00:00:00+00,2012/12/18 00:00:00+00,2013/01/17 00:00:00+00,2014/03/31 00:00:00+00,0.26,4,1820,Residential,Apartment,3,,Commercial,Retail,1, , ,0,17184138-9bfa-4a63-a5f1-2dd73f23ea59,PROJ-2301,2013,"Proposed 3-story building with retail on the 1st floor and apartments on the 2nd and 3rd.
see previous review 4288.",PROJ-2301,Berkley Road Commercial,11246.5916570894,489.963663638796
1006,LD-12-12-7219,Whitford Country Club,2013/01/11 00:00:00+00,2012/12/19 00:00:00+00,2013/07/10 00:00:00+00,2013/07/15 00:00:00+00,192.52,2,11281,Commercial,Addition to Existing,2,, , ,0, , ,0,3656db6f-6a91-4bdb-a726-1840487f0b00,SUB-10155,2013,2 proposed clubhouse building additions and 1 proposed pool house,SUB-10155,WHITFORD COUNTRY CLUB,4282681.36538851,14937.1985363728
1007,LD-12-12-7225,Pica's,2013/01/17 00:00:00+00,2012/12/21 00:00:00+00,2013/06/12 00:00:00+00,2013/06/26 00:00:00+00,1.77,1,8000,Commercial,Restaurant,1,, , ,0, , ,0,1d2270a7-b04c-409a-8786-ac6234c503dd,PROJ-3101,2013,Proposed restaurant ,PROJ-3101,Pica's,71825.8297964542,1118.3011347518
1008,LD-12-13-9009,Heartland Dental Care,2013/12/17 00:00:00+00,2013/11/25 00:00:00+00,,,0.86,1,6170,Commercial,Medical Building,1,, , ,0, , ,0,57cf95c1-779f-45d7-8f62-c377aa4c9fdb,PROJ-3478,2013,Proposed dental and medical office building. see previous review 11857.,PROJ-3478,Heartland Dental Care,42295.2260351496,934.315662507993
1009,LD-12-13-9014,Valley Forge Educational Services,2013/12/12 00:00:00+00,2013/11/27 00:00:00+00,,,8.4,1,1694,Institutional,Addition to Existing,1,, , ,0, , ,0,46b7b36c-a4ce-438e-a3cc-754ee1f80f7e,PROJ-3482,2013,Proposed modular classroom addition,PROJ-3482,Valley Forge Educational Services,290423.527547289,2632.61373727183
1010,LD-12-13-9087,Cedar Craft,2014/01/10 00:00:00+00,2013/12/11 00:00:00+00,2014/08/18 00:00:00+00,2014/08/20 00:00:00+00,18.8,1,16950,Industrial,Unique,1,Proposed shop and office, , ,0, , ,0,63b76213-179b-4830-baf4-5b853797ef69,SUB-11217,2014,"Proposed building with shop and office

See previous review 11217-3

also see SD-12-13-9086",SUB-11217,SIMMERS BUILDERS INC,384074.919303841,2593.94164463447
1011,LD-12-13-9108,"Filmore West, L.P.",2014/01/08 00:00:00+00,2013/12/11 00:00:00+00,,,9.41,8,49206,Commercial,Unique,8,Proposed storage and retail buildings, , ,0, , ,0,2d27ceae-b991-47f6-b3e7-5eb2b46feee9,PROJ-3500,2014,"5 proposed storage buildings with solar panels on roofs, and 3 contiguous retail buildings

also see SD-12-13-9107",PROJ-3500,"Fimore West, L.P.",383160.150880871,2488.50925865972
1012,LD-12-13-9122,Hope Community,2014/02/11 00:00:00+00,2013/12/16 00:00:00+00,,,73,437,,Residential,Single Family Residential,437,, , ,0, , ,0,79e1031f-9cf1-438b-bc73-136040c365b0,PROJ-3505,2014,"437 proposed residential units consisting of singles, duplexes, triplexes, apartments and townhouses",PROJ-3505,Hope Community,3256087.21686875,10221.6312007038
1013,LD-12-13-9124,Qihe Food Corp,2014/01/17 00:00:00+00,2013/12/19 00:00:00+00,,,10.57,1,14200,Agricultural,Mushroom House,1,, , ,0, , ,0,f3d2fb20-5b85-4d04-b318-3a10d01354ba,PROJ-3506,2014,Proposed green house for mushrooms,PROJ-3506,Qihe Food Corp,487343.870916853,3289.56434154485
1014,LD-12-13-9126,Whitford Country Club,2014/01/15 00:00:00+00,2013/12/23 00:00:00+00,2014/06/11 00:00:00+00,2014/09/17 00:00:00+00,62,2,12782,Commercial,Unique,2,Proposed maintenance and equipment storage building and racquets facility building, , ,0, , ,0,1db43705-dea4-456d-bc08-d920fae59318,SUB-10155,2014,"Proposed maintenance and equipment storage building and racquets facility building

See previous review LD-12-12-7219",SUB-10155,WHITFORD COUNTRY CLUB,2637591.93732431,8344.99509880381
1015,LD-12-14-10960,Stoneyfield Estates,2014/12/16 00:00:00+00,2014/11/21 00:00:00+00,2016/08/09 00:00:00+00,2016/08/16 00:00:00+00,42.1,85,,Residential,Mobile Home,85,, , ,0, , ,0,8ab9c286-ea17-4441-a694-37735cd60e88,PROJ-3885,2014,85 mobile homes proposed in 4 phases,PROJ-3885,Stoneyfield Estates,1813412.64091719,7105.76820288194
1016,LD-12-14-10999,20 Moores Road Buildings 4 & 5,2014/12/19 00:00:00+00,2014/12/02 00:00:00+00,,,62.22,2,198000,Commercial,Office Building,2,, , ,0, , ,0,aa1bcd81-049d-4c83-af82-db931cd6b978,PROJ-3891,2014,2 proposed buildings (#4 &5) and parking. see previous review LD-1-14-9166.,PROJ-3891,20 Moores Road Buildings 4 and 5,2912127.35707283,7850.8889742091
1017,LD-12-14-11002,Whispering Woods,2014/12/31 00:00:00+00,2014/12/02 00:00:00+00,,,35.5,80,,Residential,Townhouse,80,, , ,0, , ,0,84de5f32-81a2-4ec8-9d5f-897a5ab8259e,SUB-10848,2014,"80 proposed THS, parking, streets, and open space. see previous review 10848-5.",SUB-10848,COVENTRY VILLAGE,1469370.33524762,7535.44900685843
1018,LD-12-14-11006,Habitat for Humanity,2014/12/19 00:00:00+00,2014/12/03 00:00:00+00,2019/05/01 00:00:00+00,2019/06/12 00:00:00+00,6.84,40,,Residential,Townhouse,40,, , ,0, , ,0,7077fc73-a707-449d-b055-12003a56524a,SUB-12073,2014,"40 proposed THS, street, and parking. see previous review 12073,-2. also see SD-12-14-11005.",SUB-12073,THE CHAMBERS PROPERTY,279085.83320949,2287.20432870587
1019,LD-12-14-11036,Bob Gress - Signature HVAC,2015/01/07 00:00:00+00,2014/12/10 00:00:00+00,2015/02/11 00:00:00+00,2015/03/06 00:00:00+00,0.49,1,7145,Commercial,Office Building,1,, , ,0, , ,0,44ed253d-17e3-4c4c-9413-8e29b78da6de,PROJ-3899,2015,demolish dwelling and construct office building and parking.,PROJ-3899,Bob Gress - Signature HVAC,19829.7853316052,576.546118521942
1020,LD-12-14-11058,East Brandywine Center,2015/01/14 00:00:00+00,2014/12/15 00:00:00+00,,,20.6,2,74089,Commercial,Retail,1,,Commercial,Bank,1, , ,0,81f7e4be-bf85-40d9-af41-221ec33e521d,PROJ-1515,2015,"2 proposed buildings (retail and bank), parking and roads. see previous review LD-6-10-2140.",PROJ-1515,East Brandywine Retail,863254.012100085,4392.62543719368
1021,LD-12-14-11060,Struble Trail - Trailhead Improvements,2015/01/09 00:00:00+00,2014/12/17 00:00:00+00,2015/05/27 00:00:00+00,2016/08/16 00:00:00+00,3.24,1,0,Institutional, ,1,, , ,0, , ,0,dd60cb6e-d744-4e39-a944-1a6799a7ed41,PROJ-3474,2015,"Improvements to trail to provide adequate, safe accessibility. see previous review LD-11-13-8991.",PROJ-3474,Struble Trail Trail Head and Crossing Improvements,130965.688910895,1679.63108817223
1022,LD-12-14-11072,"Landhope Realty, Co.",2015/01/16 00:00:00+00,2014/12/18 00:00:00+00,2018/06/11 00:00:00+00,2018/07/24 00:00:00+00,7.99,2,4800,Commercial,Convenience Store,1,,Commercial, ,1, , ,0,ec7a6858-f5c0-4682-9902-ab9da0d4e751,PROJ-3909,2015,1 lot into 2 and proposed gas station and convenience store,PROJ-3909,Landhope Realty Co,341874.595098795,2984.28712154658
1023,LD-12-14-11077,Church Farm School,2015/01/15 00:00:00+00,2014/12/18 00:00:00+00,,,131.31,18,128885,Institutional,Dormitory,18,"student center, apts and ths", , ,0, , ,0,e3be2460-fa8a-44c1-87de-41a7d6b75cbe,SUB-06632,2015,"proposed: student center, dorm, 6 APT, 27 THS. 11 new buildings and 7 building additions. see previous review 6632-18.",SUB-06632,CHURCH FARM SCHOOL,5789598.74696184,14312.3488439485
1024,LD-12-14-11086,"State Street Products Company, Ltd.",2015/01/21 00:00:00+00,2014/12/22 00:00:00+00,,,14.82,2,30500,Commercial, ,2,, , ,0, , ,0,d3f98713-5d10-4a6d-9038-9fac87a0d89d,SUB-11860,2015,2 proposed buildings and parking. see previous review 11860.,SUB-11860,"FERVER, JAMES SD",625537.155454215,4583.11870121438
1025,LD-12-14-11100,Northwyn Court Apartments,2015/01/20 00:00:00+00,2014/12/22 00:00:00+00,2015/02/25 00:00:00+00,2015/05/15 00:00:00+00,5.8,20,,Residential,Apartment,20,, , ,0, , ,0,fd18ea32-3659-4b6a-bee6-39fa01581706,PROJ-3663,2015,proposed apt building and parking and changing utilities. see previous review LD-6-14-9977.,PROJ-3663,Northwyn Court Apartments,232509.769100272,1987.84334054527
1026,LD-12-14-11102,Spring Valley Community Church,2015/01/23 00:00:00+00,2014/12/24 00:00:00+00,2017/06/26 00:00:00+00,2017/07/13 00:00:00+00,7.39,1,14000,Institutional,Religious Organization,1,, , ,0, , ,0,ac72f78b-b561-4ef9-9bfe-957cf2a52dac,SUB-09557,2015,proposed church and parking. see previous review 9557-5-S.,SUB-09557,COVENTRY CHRISTIAN SCHOOL,323770.791649507,2673.81275957022
1027,LD-12-14-11104,Bombay Enterprises,2015/01/23 00:00:00+00,2014/12/24 00:00:00+00,,,50.23,2,12000,Commercial,Warehouse,1,"10,000 sq. ft. warehouse space",Commercial,Office Building,1, , ,0,bb1f8e24-2d98-4d17-a5a8-a943b506842a,PROJ-3877,2015,"proposed warehouse, office and parking. see previous review 9695-5. also see SD-12-14-11103.",PROJ-3877,Bombay Enterprises LLC Stockpile,2058092.63080705,7699.27228080944
1028,LD-12-14-11105,Ashbridge Commons Hotel,2015/01/21 00:00:00+00,2014/12/24 00:00:00+00,2015/06/23 00:00:00+00,2015/06/26 00:00:00+00,15.06,1,65174,Commercial,Hotel/Resort/Inn,1,, , ,0, , ,0,c561ca02-62d0-406b-8c8d-5e56c41b1acb,PROJ-2621,2015,proposed hotel (115 rooms) and changing parking. see previous review LD-1-12-5382.,PROJ-2621,Ashbridge Commons Building Expansion,475745.64837175,6504.30388749248
1029,LD-12-14-11109,Great Valley Corporate Center - Chesterfield Parkway (Lots 2-5),2015/01/21 00:00:00+00,2014/12/24 00:00:00+00,,,46.78,1,109800,Commercial, ,1,, , ,0, , ,0,bed1f6bf-4631-4416-ac8f-c9f35099469e,PROJ-3915,2015,Demolish building and construct new building and parking. see previous review SD-5-12-5971. also see SD-12-14-11108.,PROJ-3915,Great Valley Corporate Center Chesterfield Parkway,2121564.13823636,7099.63408511229
1030,LD-12-15-12982,Medical Office Building ,2015/12/18 00:00:00+00,2015/11/30 00:00:00+00,2016/05/10 00:00:00+00,2016/05/27 00:00:00+00,1.69,1,3270,Commercial,Addition to Existing,1,, , ,0, , ,0,450cf8d1-4d81-447d-9d75-e3ec9fc34379,PROJ-4221,2015,1676 Lincoln Highway. addition to existing building and changing parking.,PROJ-4221,Medical Office Building 1676 Lincoln Highway,73664.63576567,1147.85276305012
1031,LD-12-15-13008,Brightview - Wayne,2015/12/18 00:00:00+00,2015/12/03 00:00:00+00,2017/05/03 00:00:00+00,2017/05/15 00:00:00+00,2.98,1,181481,Institutional,Nursing Home/Assisted Living,1,, , ,0, , ,0,758954dc-daf8-4d7f-a472-dae05dcfab46,PROJ-4224,2015,Construct 5 story Senior Living Building (196 beds) and parking. Refer to SD-12-15-13007 for lot consolidation plan.,PROJ-4224,Brightview Senior Living,120073.924604035,1573.83366736057
1032,LD-12-15-13046,Penn Medicine Chester County Hosp,2016/01/06 00:00:00+00,2015/12/10 00:00:00+00,2016/04/13 00:00:00+00,2016/06/16 00:00:00+00,18.3,1,229179,Institutional,Parking Lot/Garage,1,, , ,0, , ,0,615d7ad5-2db9-4827-90de-bed4e8fc8808,PROJ-4228,2016,Full plan title: Penn Medicine Chester County Hospital. construct a parking garage. see previous review LD-2-11-3629.,PROJ-4228,Penn Medicine Chester County Hospital,759454.277221542,3927.22568600933
1033,LD-12-15-13108,CVS/Pharmacy,2016/01/15 00:00:00+00,2015/12/21 00:00:00+00,2017/01/05 00:00:00+00,2017/04/04 00:00:00+00,1.73,1,12900,Commercial,Retail,1,, , ,0, , ,0,51bf773a-3d45-4623-9fc9-c0f44759fe86,PROJ-4233,2016,Demolish existing building and erect new CVS building,PROJ-4233,CVS/Pharmacy,69525.0176734853,1087.0177725247
1034,LD-12-15-13124,Nursery Overflow Parking Facility,2016/01/15 00:00:00+00,2015/12/23 00:00:00+00,2016/02/17 00:00:00+00,2016/04/19 00:00:00+00,119.8,1,,Commercial,Parking Lot/Garage,1,, , ,0, , ,0,04f165cb-9d91-4c9e-bd14-356b7877011e,PROJ-4235,2016,"create 1,173 new parking spaces for overflow parking",PROJ-4235,Nursery Overflow Parking Facility,5120343.11908804,10103.1425198238
1035,LD-12-15-13125,Conestoga Stone,2016/01/21 00:00:00+00,2015/12/23 00:00:00+00,2017/07/07 00:00:00+00,2017/07/11 00:00:00+00,5.27,1,,Commercial,Retail,1,, , ,0, , ,0,a97828be-5fb0-468f-ac4f-add21f2ac7d6,PROJ-4234,2016,converting existing facility building to commercial retail and adding parking.,PROJ-4234,Conestoga Stone,186681.179337195,2041.78439213581
1036,LD-12-15-13133,26 Main Avenue LLC,2016/01/15 00:00:00+00,2015/12/24 00:00:00+00,,,0.28,3,,Residential,Single Family Residential,1,,Residential,Twin,2, , ,0,8be5bba3-20a6-4410-9e54-0f60200a4a14,PROJ-2211,2016,1 SFR and 2 twin homes proposed. see previous review LD-7-13-8323.,PROJ-2211,26 Main Avenue LLC,12457.4891266924,481.615683123668
1037,LD-12-16-14598,Appleview,2016/12/16 00:00:00+00,2016/11/23 00:00:00+00,2018/07/19 00:00:00+00,2018/08/18 00:00:00+00,43.33,157,0,Residential,Townhouse,157,,,,0,,,0,639ef106-0252-4911-a395-f28342d5bd73,PR-004461-2016,2016,"Construct 157 THS, 27 parking spaces and proposed pavilion",PR-004461-2016,Appleview,1857995.14175452,6554.3711863815
1038,LD-12-16-14604,Proposed Wawa Food Market,2016/12/28 00:00:00+00,2016/11/30 00:00:00+00,2017/05/25 00:00:00+00,2017/06/06 00:00:00+00,42.98,1,5051,Commercial,Retail,1,, , ,0,,,0,83e4e039-23d1-4841-8815-8612d7794be6,PR-004462-2016,2016,"Proposed Wawa 5,051 SF with gas pumps and parking",PR-004462-2016,Proposed Wawa Food Market,1801285.98697331,7101.00077483457
1039,LD-12-16-14606,Ed Henry  Car Wash,2016/12/19 00:00:00+00,2016/11/30 00:00:00+00,2017/04/03 00:00:00+00,2017/04/04 00:00:00+00,0.72,1,3157,Commercial,Unique,1,,,,0,,,0,7fe7c5d7-070d-4d30-838e-c8256422a356,PR-004463-2016,2016,Proposed car wash and parking,PR-004463-2016,Ed Henry Car Wash,491335.448592209,4579.41856944323
1040,LD-12-16-14613,Swedesford 66,2016/12/22 00:00:00+00,2016/12/05 00:00:00+00,2017/10/11 00:00:00+00,2018/07/13 00:00:00+00,15.83,66,0,Residential,Townhouse,66,,,,0,,,0,715da8ae-5a5b-4b3a-ae62-1d457acbc322,PR-004467-2016,2016,66 proposed townhouses and road. ,PR-004467-2016,Swedesford 66,658377.508282647,3949.63507253536
1041,LD-12-16-14617,GVCC Mixed Use Development Phase 1 ,2016/12/21 00:00:00+00,2016/12/05 00:00:00+00,,,25.5,619,726860,Residential,Apartment,613,,Commercial,Office Building,2,Commercial,Retail,4,bda99799-16c4-44b5-b7a2-4fdeec48640e,PR-004425-2016,2016,"Phase 1 - 613 apartments, 726,860 SF (Retail, Commerical, parking garages), 3,606 parking spaces, and roads proposed.",PR-004425-2016,GVCC Mixed Use Development,1119851.10475474,5850.15525388454
1042,LD-12-16-14634,Proposed Hotel - 199 Sunrise Boulevard,2017/01/17 00:00:00+00,2016/12/19 14:23:52+00,,,2.59,1,37976,Commercial,Hotel/Resort/Inn,1,"four-story, 37,976 square foot (65 unit) hotel",,,0,,,0,96a8f426-e074-49b3-850e-542cbe27c5ce,PR-004474-2016,2017,Proposed 4 story hotel and parking,PR-004474-2016,Proposed Hotel - 199 Sunrise Boulevard,111524.034751912,1979.99967552339
1043,LD-12-16-14640,Whispering Woods,2017/01/19 00:00:00+00,2016/12/21 13:27:38+00,2017/07/10 00:00:00+00,2017/10/23 00:00:00+00,35.5,80,0,Residential,Townhouse,80,,,,0,,,0,9038aee7-523c-4540-a5d9-fa5a40e8e293,PR-004475-2016,2017,80 THS and road proposed,PR-004475-2016,Whispering Woods,1469486.05137094,7534.46924703987
1044,LD-12-16-14645,Spring City Electrical Manufacturing Co.,2017/01/17 00:00:00+00,2016/12/23 11:01:14+00,,,8.22,1,11162,Industrial,Addition to Existing,1,,,,0,,,0,de9c7c5f-c7c5-4249-b102-07faf70ab602,PR-004490-2017,2017,"Proposed 11,162 SF bldg addition to existing mfg. facility",PR-004490-2017,Spring City Electrical Manufacturing Co.,324146.813621827,3078.52333042177
1045,LD-12-17-15205,Proposed Building Addition (East Goshen Elementary School),2017/12/15 00:00:00+00,2017/11/30 00:00:00+00,2018/01/16 00:00:00+00,2018/06/11 00:00:00+00,18.08,1,25013,Institutional,Addition to Existing,1,,,,0,,,0,6814fc46-3c53-4dda-8a5e-f7095a2bbbfc,PR-004704-2017,2017,2 proposed building additions,PR-004704-2017,Proposed Bldg Addition (E Goshen Elem School) ,762857.362594564,4317.34213567861
1046,LD-12-17-15213,Kaolin Mushrooms,2018/01/08 00:00:00+00,2017/12/12 13:45:33+00,,,40.44,1,20832,Commercial,Mushroom House,1,,,,0,,,0,3b629539-a1da-444a-86d2-ec5e8713b990,PR-004710-2017,2018,Proposed mushroom house,PR-004710-2017,Kaolin Mushrooms,1760990.33848729,6934.62512384411
1047,LD-12-17-15239,Devault Quarry,2018/01/17 00:00:00+00,2017/12/26 11:26:47+00,2018/02/20 00:00:00+00,2019/03/19 00:00:00+00,44.7,2,1607,Industrial,Office Building,1,,Industrial,Unique,1,,,0,d771332a-7e74-429f-8543-51adbba6cd84,PR-004719-2017,2018,Proposed: 2 buildings and parking,PR-004719-2017,Devault Quarry,1964101.7779266,11862.6068126022
1048,LD-12-17-15240,Wayne Glen (Residential Parcel),2018/01/16 00:00:00+00,2017/12/20 00:00:00+00,2018/06/21 00:00:00+00,2018/08/15 00:00:00+00,36.98,91,0,Residential,Townhouse,65,,Residential,Twin,26,,,0,575c7ced-1f0e-4436-bdd7-5e496bc5b6f1,PROJ-3489,2018,Proposed: 91 residential units and roads,PROJ-3489,Wayne Glen,1595275.31430039,6674.40213733395
1049,LD-12-18-15688,The Malvern School,2018/12/14 00:00:00+00,2018/12/04 13:21:12+00,2019/08/19 00:00:00+00,2019/08/21 00:00:00+00,2.75,1,10750,Institutional,Child Daycare,1,,,,0,,,0,7a582d2f-eead-4993-ab6e-97136953e28e,PR-004957-2018,2018,Proposed building (nursery school) and parking,PR-004957-2018,The Malvern School,117864.479918953,1414.99374000381
1050,LD-12-18-15691,Kauffman Property,2018/12/19 00:00:00+00,2018/12/04 15:13:00+00,2019/02/13 00:00:00+00,2019/07/11 00:00:00+00,10.86,1,1200,Institutional,School,1,, ,,0,,,0,eeb3e63f-f7e8-4193-bc78-bdfb8fd3e073,PR-004959-2018,2018,proposed building (school) and play area,PR-004959-2018,Kauffman Property,930945.960762779,4510.43576570051
1051,LD-12-18-15695,Thunderwash Land Development Plan,2019/01/02 00:00:00+00,2018/12/06 00:00:00+00,2020/06/03 00:00:00+00,2020/06/24 00:00:00+00,2.78,1,12000,Commercial, ,1,,,,0,,,0,b74d1bdc-7d5d-4341-a418-140daa64f300,PR-004960-2018,2019,Proposed building (with capture and refuse tank),PR-004960-2018,Thunderwash Land Development Plan,111681.2214398,1361.08099118983
1052,LD-12-18-15700,John King,2019/01/04 00:00:00+00,2018/12/17 13:46:22+00,2019/08/23 00:00:00+00,2019/08/23 00:00:00+00,16.52,1,11200,Commercial,Retail,1,,,,0,,,0,9c6e641d-96a2-497e-8d50-864c4a9dfd25,PR-004963-2018,2019,Demolish existing greenhouse and build Hardware Store,PR-004963-2018,John King,553458.926679104,3297.29077116264
1053,LD-12-18-15707,Upper Uwchlan Township Building Expansion,2019/01/11 11:49:27+00,2018/12/20 13:41:03+00,2019/01/22 00:00:00+00,2019/02/07 00:00:00+00,2.89,1,3250,Institutional,Addition to Existing,1,,,,0,,,0,6f862f69-da74-4bdc-afa5-a36813a69a6f,PR-004965-2018,2019,building addition and changing parking,PR-004965-2018,Upper Uwchlan Township Building Expansion,120979.247449445,1542.57490968258
1054,LD-12-18-15709,Old Orchard Park,2019/01/17 00:00:00+00,2018/12/20 14:30:26+00,2019/11/20 00:00:00+00,2019/12/04 00:00:00+00,6.37,11,0,Residential,Mobile Home,11,,,,0,,,0,b6e6bbec-a430-4bea-a1af-479da7813679,PR-004966-2018,2019,proposed mobile homes,PR-004966-2018,Old Orchard Park,276793.206591464,2117.88237102248
1055,LD-12-18-15719,"99,998 S.F. Agricultural Support Building",2019/01/18 00:00:00+00,2018/12/28 00:00:00+00,,,8.29,1,99998,Commercial,Unique,1,,,,0,,,0,c8ad452a-183c-45c4-9f0c-9a322424901e,PR-004971-2018,2019,Proposed building and parking,PR-004971-2018,"99,998 S.F. Agricultural Support Building",361506.845981381,2766.17201222712
1056,LD-12-18-15720,"ARD Exton Pad, LLC",2019/01/24 00:00:00+00,2018/12/28 00:00:00+00,2019/03/13 00:00:00+00,2019/09/17 00:00:00+00,1.04,1,2455,Commercial,Addition to Existing,1,,,,0,,,0,72bca08a-e358-42fd-a211-d36e50325a22,PR-004970-2018,2019,building addition (bank) and changing parking,PR-004970-2018,"ARD Exton Pad, LLC",42272.3793122668,829.688329586591
1057,LD-12-18-15722,Frazer Lanes Redevelopment,2019/01/24 00:00:00+00,2018/12/31 11:29:44+00,2019/11/20 00:00:00+00,2020/01/07 00:00:00+00,5.1,227,0,Residential,Apartment,227,,,,0,,,0,8bdbf01e-edf8-4833-8e4d-b8fed0b4fb6a,PR-004972-2018,2019,Proposed apartment building and parking,PR-004972-2018,Frazer Lanes Redevelopment,216030.928094381,1995.23192664935
1058,LD-12-18-15724,Buildings 9 and 25 Great Valley Corporate Center,2019/01/25 00:00:00+00,2018/12/31 13:22:28+00,2019/10/02 00:00:00+00,2019/11/21 00:00:00+00,15.6,1,0,Commercial,Parking Lot/Garage,1,,,,0,,,0,f95f8472-2fa2-4397-8eee-ad900f43ba15,PR-004974-2018,2019,parking lot expansion ,PR-004974-2018,Buildings 9 and 25 Great Valley Corporate Ctr,663460.624571485,3504.02150622271
1059,LD-12-19-16177,Red Lion Equipment / Storage Building,2019/12/12 00:00:00+00,2019/11/27 00:00:00+00,,,309.6,1,18150,Commercial,Unique,1,,,,0,,,0,e4d2eb95-d76d-403c-921b-7ff6d21aafd7,PR-005186-2019,2019,two proposed buildings (equipment/storage & pole barn) and parking,PR-005186-2019,Red Lion Equipment / Storage Building,13526221.3950958,15859.0016139265
1060,LD-12-19-16180,Zukin Realty (West Chester Hotel),2019/12/23 00:00:00+00,2019/12/03 14:09:40+00,2020/05/20 00:00:00+00,2020/11/25 00:00:00+00,0.34,1,88389,Commercial,Hotel/Resort/Inn,1,,,,0,,,0,5e2f6e01-42ba-44d8-af19-fbf49541a4dc,PR-005187-2019,2019,proposed building (hotel),PR-005187-2019,Zukin Realty (West Chester Hotel),15608.6595030682,529.073130076931
1061,LD-12-19-16182,Zukin Realty (Spence Building),2019/12/23 00:00:00+00,2019/12/03 14:43:19+00,2020/05/20 00:00:00+00,2020/11/25 00:00:00+00,0.14,1,1362,Commercial,Addition to Existing,1,,,,0,,,0,dc8294b5-3946-47bf-bfb4-202e2aa3ae73,PR-005188-2019,2019,proposed addition to building,PR-005188-2019,Zukin Realty (Spence Building),6376.06611537352,441.118816915414
1062,LD-12-19-16186,Eagleview Apartments at Town Center,2019/12/20 10:51:56+00,2019/12/09 00:00:00+00,2020/10/13 00:00:00+00,2020/11/19 00:00:00+00,33.94,44,0,Residential,Apartment,44,,,,0,,,0,85df3600-8c48-423c-a1c4-692c82253cd5,PR-005191-2019,2019,44 proposed apartments in 1 building and parking (also Conditional Use plan),PR-005191-2019,Eagleview Apartments at Town Center ,595386.090782391,7460.97620575371
1063,LD-12-19-16190,"Maffei Landscape Design, LLC",2020/01/09 00:00:00+00,2019/12/12 11:50:26+00,,,45.44,1,0,Institutional,,1,,,,0,,,0,d9dfdb49-12e8-4c0b-84f1-1926f044804e,PR-005193-2019,2020,"proposed parking, sidewalks, plants, etc.",PR-005193-2019,"Maffei Landscape Design, LLC",1912896.73038656,6366.5525507675
1064,LD-12-19-16192,Kennett Gateway,2020/01/23 11:13:52+00,2019/12/27 00:00:00+00,2021/04/14 00:00:00+00,2021/04/15 00:00:00+00,19.95,78,14000,Residential,Townhouse,53,,Residential,Apartment,24,Commercial,,1,9dab49d2-59cc-4620-986c-80ab49b36d0b,PR-005194-2019,2020,"Proposed: 53 Townhouses, 24 Apartments, commercial space, roads and parking",PR-005194-2019,Kennett Gateway,835196.940517769,4573.80936859773
1065,LD-12-19-16194,1305 Wilmington Pike,2020/01/21 00:00:00+00,2019/12/23 00:00:00+00,,,3.09,1,30000,Commercial,Office Building,1,,,,0,,,0,d8796523-e3b7-4a4e-aae7-1fa5dcbc37f7,PR-005195-2019,2020,proposed building (office/retail) and parking,PR-005195-2019,1305 Wilmington Pike,134599.388993194,1507.02310960307
1066,LD-12-19-16198,Malvern Ducklings Early Learning Center,2020/01/22 00:00:00+00,2019/12/24 00:00:00+00,2020/11/20 00:00:00+00,2021/01/27 00:00:00+00,1.93,1,11000,Institutional,Child Daycare,1,,,,0,,,0,017f5105-e93c-414d-918c-c4c51e1f6ec0,PR-005199-2019,2020,proposed building (daycare) and parking,PR-005199-2019,Malvern Ducklings Early Learning Center,154734.785060476,1651.07308039579
1067,LD-12-20-16552,2232 Horseshoe Pike,2021/01/05 11:28:52+00,2020/12/07 12:38:50+00,2023/10/04 00:00:00+00,2023/10/26 00:00:00+00,60.45,113,0,Residential,Mobile Home,113,,,,0,,,0,3ee99b6b-dd94-412d-9545-3c589d439c32,PR-005351-2020,2021,"demolish existing building, proposed 113 mobile homes ",PR-005351-2020,2232 Horseshoe Pike,2373377.98354392,6703.31679641294
1068,LD-12-20-16557,315 Snyder Avenue,2021/01/08 00:00:00+00,2020/12/09 15:12:51+00,2021/06/15 00:00:00+00,2021/06/29 00:00:00+00,0.84,1,2640,Industrial,Unique,1,Garage,,,0,,,0,c89b4a10-7b4e-4077-bf03-e892181b666c,PR-005357-2020,2021,"demolish existing garage, construct 2,640 SF garage",PR-005357-2020,315 Snyder Avenue,37530.0547315616,775.648001607649
1069,LD-12-20-16566,Main Street Lofts,2021/01/12 13:30:57+00,2020/12/14 12:56:00+00,2021/12/14 00:00:00+00,2022/12/02 00:00:00+00,0.15,26,3291,Residential,Apartment,23,,Commercial,Retail,3,,,0,b4570dc4-7d6c-4e76-8cfe-807790014728,PR-005360-2020,2021,proposed 23 efficiency apartments. Ground floor commercial spaces will remain.,PR-005360-2020,Main Street Lofts,5579.16964451861,366.71472830756
1070,LD-12-20-16567,333 Technology Drive,2021/01/08 00:00:00+00,2020/12/11 00:00:00+00,,,5.84,1,0,Commercial,Parking Lot/Garage,1,,,,0,,,0,de6cf06f-7768-415c-8d37-5af235a35c8e,PR-005359-2020,2021,parking lot expansion,PR-005359-2020,333 Technology Drive,255599.475806623,2498.98280984241
1071,LD-12-20-16570,2046 Pottstown Pike,2021/01/11 14:59:30+00,2020/12/21 09:42:31+00,,,3.66,1,0,Commercial,Parking Lot/Garage,1,,,,0,,,0,9d0629b0-6b60-4c0e-ae14-837f626f2a95,PR-005362-2020,2021,Proposed parking lot and spaces for equipment,PR-005362-2020,2046 Pottstown Pike,149735.593403034,1590.78869282004
1072,LD-12-20-16578,257 Church Street,2021/01/15 16:04:44+00,2020/12/21 13:39:11+00,,,0.09,6,0,Residential,Apartment,6,"proposed to eliminate commercial, add 6 apts",,,0,,,0,fe260b21-3955-4234-b75a-41a43900def9,PR-005363-2020,2021,"Proposed to eliminate commercial, add 6 apts",PR-005363-2020,257 Church Street,9090.39645487386,630.356381663037
1073,LD-12-20-16579,20 Moores Road-Building 5,2021/01/27 00:00:00+00,2020/12/29 00:00:00+00,,,65.6,1,175000,Commercial,Office Building,1,Proposed office building and parking improvements,,,0,,,0,f40fe117-6dba-48a7-9177-5db273768cc0,PR-005364-2020,2021,Proposed office building and parking improvements,PR-005364-2020,20 Moores Road-Building 5,2912310.48223314,7850.72913521708
1074,LD-12-21-17016,Brandywine View Apartments,2021/12/27 11:09:58+00,2021/12/02 11:34:18+00,,,7.8,266,0,Residential,Apartment,266,,,,0,,,0,e1549e7b-2511-4335-9c9b-5efe6d1b0b34,PR-005545-2021,2021,266 apartment units and 312 parking spaces in four structures,PR-005545-2021,Brandywine View Apartments,3694929.6474838,15811.5751346511
1075,LD-12-21-17017,W.C. Orthodontics,2021/12/22 09:24:16+00,2021/12/02 14:45:42+00,2022/08/17 00:00:00+00,2022/10/26 00:00:00+00,1.495,1,6000,Commercial,Office Building,1,, ,,0,,,0,c2366f92-93e8-43c3-b1a0-2306c0345eaf,PR-005547-2021,2021,"Redevelopment of existing site, Proposed 6,000 S.F. building
Existing building to be demolished and new building constructed.",PR-005547-2021,West Chester Orthodontics,64925.6964944776,990.882643220562
1076,LD-12-21-17022,1220-1224 & 1226 Lincoln Highway,2021/12/20 00:00:00+00,2021/12/09 16:10:54+00,,,1.96,1,4288,Commercial,Office Building,1,,,,0,,,0,4ff03e32-3e0a-49a6-96d3-4235782437f9,PR-005548-2021,2021,"Abdala subdivision - 1220, 1224 & 1226 West Lincoln Highway - Proposed 4,288 S.F. office building",PR-005548-2021,1220-1224 & 1226 Lincoln Highway,87972.0885216361,1205.87746882384
1077,LD-12-21-17026,Michall Daimion,2022/01/06 13:50:01+00,2021/12/09 13:04:17+00,,,0.39,1,2800,Commercial,Warehouse,1,,,,0,,,0,82a4606d-b9b5-4bbe-a8b0-2b789a8205bc,PR-005550-2021,2022,proposed 2800 Sf Building,PR-005550-2021,Michall Daimion,14929.7625782433,521.862527190668
1078,LD-12-21-17033,211 High Street,2022/01/06 14:03:49+00,2021/12/21 15:30:10+00,,,1,8,0,Residential,Apartment,8,,,,0,,,0,c18807cd-cde6-4846-be06-64161fe21d84,PR-005555-2021,2022,"The land development located in the Neighborhood Center (NC) zoning district, proposes to demolish the existing blighted building on site and the construction of a multi-family structure comprised of eight (8) dwelling units and associated stormwater management. The project also proposes providing off-street parking for the apartment building off Penn Street via lot consolidation.",PR-005555-2021,211 High Street,7026.94886757764,498.076844768146
1079,LD-12-21-17034,Evergreen Lane,2022/01/11 15:58:49+00,2021/12/22 11:14:12+00,,,1,10,0,Residential,Apartment,10,,,,0,,,0,63e7425b-deaf-4acd-93f7-f5dd905ffe60,PR-005556-2021,2022,"The applicant proposes to combine the existing residential parcels and subdivide into five (5) lots. The resultant lots will all be multi-family lots containing a two-unit structure each with a unit on the first floor, and a unit on the second floor. Each unit will have a private driveway located along the side of the house. Each lot will have a stormwater bed in the rear to control runoff.",PR-005556-2021,Providence Capital Group,28066.1607820054,726.054285924877
1080,LD-12-21-17037,The Phoenix Wheel II,2022/01/21 13:45:36+00,2021/12/23 15:52:27+00,2025/11/13 00:00:00+00,2025/12/08 00:00:00+00,1,1,0,Commercial,Unique,1,Sculpture,,,0,,,0,6a85a20b-8ed3-448f-a4be-6c652d9bb452,PR-005469-2021,2022,"Land development - demolish the existing blighted area on site, and the reconstruction and installation of the Historic Phoenix Wheel,
French Creek Trail expansion, tourism plaza and associated stormwater management.",PR-005469-2021,Phoenix Wheel,9487.15985456944,416.012569684816
1081,LD-12-22-17478,Twin Ponds Farm,2022/12/22 00:00:00+00,2022/12/13 15:14:16+00,,,47.61,1,6185,Commercial,Unique,1,Horse barn,,,0,,,0,0c5bc1a1-13c5-481e-8e17-fb658f5bfec9,PR-005736-2022,2022,"6,185 SF stable, 10 paddocks, derby field, and arena - horse barn",PR-005736-2022,Twin Ponds Farm,1955806.80279364,7434.54174446697
1082,LD-12-22-17480,BTDS Protein Lab Expansion - M11,2023/01/24 00:00:00+00,2023/01/06 13:50:47+00,2023/08/09 00:00:00+00,2023/11/20 00:00:00+00,3.1,1,0,Commercial,,1,,,,0,,,0,e5516e27-1623-4479-abac-fb19c7806c4f,PR-005738-2022,2023,"proposed parking improvements, pedestrian improvements, and stormwater management improvements.",PR-005738-2022,BTDS Protein Lab Expansion - M11,129528.051530355,1421.10251712543
1083,LD-12-22-17484,"129 Church Road Mattia Landscape & Nursery, Inc.",2023/01/06 00:00:00+00,2022/12/28 16:38:16+00,2023/03/13 00:00:00+00,2023/07/11 00:00:00+00,2.75,1,1680,Commercial,Unique,1,Pole barn,,,0,,,0,4e35f31c-e523-4989-9337-9d9218047350,PR-005739-2022,2023,"1,680 SF Pole barn. We owe a refund of $15.04. The applicant proposes to construct a new pole barn, stone parking lot, driveway and storage bins to support a Nursery/Landscaping use.  An existing concrete pad will be removed, along with some existing trees within the interior of the lot.  The proposed improvements will include stormwater management controls, landscaping and lighting.",PR-005739-2022,"129 Church Road Mattia Landscape & Nursery, Inc.",123035.728889495,1427.13555037586
1084,LD-12-22-17485,Bechtel Farm at Stony Run,2023/01/23 00:00:00+00,2022/12/28 14:57:32+00,,,67.91,86,0,Residential,Single Family Residential,86,including 1 historic estate,,,0,,,0,1c6e2d21-4dbb-4d14-936a-f4ea99aa889f,PR-005741-2022,2023,"86 homes (no lot lines), roads, parking, open space, etc.",PR-005741-2022,Bechtel Farm at Stony Run,2968733.90941368,8139.77352792232
1085,LD-12-22-17487,Rouse Chamberlin - Bancroft,2023/01/06 00:00:00+00,2022/12/16 13:28:33+00,2024/08/12 00:00:00+00,2024/08/22 00:00:00+00,26.08,98,0,Residential,Townhouse,98,,,,0,,,0,fd54471e-261f-4136-8b45-02ac35a1e7fd,PR-005740-2022,2023,proposed 98 Townhouses,PR-005740-2022,Rouse Chamberlin - Bancroft,1097815.5739063,5126.85576551382
1086,LD-12-22-17497,Westtown School - Art School Center,2023/01/12 00:00:00+00,2022/12/16 15:12:39+00,2023/02/21 00:00:00+00,2023/04/28 00:00:00+00,170.5,1,8691,Institutional,Addition to Existing,1,,,,0,,,0,03cea3e9-8359-421b-a82a-80be9595861e,PR-005744-2022,2023,"8,691 SF building addition to the Center for the Living Arts and associated landscaping and site improvements. Installation of new stormwater BMP.",PR-005744-2022,Westtown School - Art School Center,6626561.9877758,10903.6617463681
1087,LD-12-22-17498,West Chester Kia,2023/01/24 00:00:00+00,2022/12/28 14:57:59+00,2023/09/05 00:00:00+00,2023/11/09 00:00:00+00,2.429,1,11520,Commercial,Addition to Existing,1,,,,0,,,0,53ce4dc6-2337-4a65-a499-da0259c2755d,PR-005745-2022,2023,We owe a refund of $272.16. Three building additions and reconfigure parking lot of West Chester KIA,PR-005745-2022,West Chester Kia,110298.554360417,1364.58946976434
1088,LD-12-22-17503,Chick-fil-A,2023/01/10 00:00:00+00,2022/12/29 09:16:16+00,2023/07/10 00:00:00+00,2023/07/14 00:00:00+00,1.42,1,415,Commercial,Addition to Existing,1,,,,0,,,0,7d1c1e9f-2299-4737-b5a8-5d611355cfda,PR-005748-2022,2023,Construction of building additions totaling 415 square feet at an existing restaurant.,PR-005748-2022,Chick-fil-A,62323.9615215343,1001.83267415504
1089,LD-12-22-17505,"Malvern Preparatory School, Tolentine Building Addition",2023/02/01 00:00:00+00,2023/01/04 16:55:27+00,2023/05/02 00:00:00+00,2023/07/11 00:00:00+00,99.63,1,5573,Institutional,School,1,Building addition,,,0,,,0,886053d3-5c1b-4341-9e2c-51f50c38d2b7,PR-004519-2017,2023,"Proposed construction of a 5,573 square foot building addition to Tolentine Hall, which is located within the central portion of the school campus.",PR-004519-2017,Malvern Preparatory School,4310911.63925151,8310.13472175933
1090,LD-12-23-17930,Jay Smoker Ag Operation,2024/05/07 00:00:00+00,2024/04/08 08:45:13+00,,,49,2,97800,Agricultural,Unique,2,Poultry barns, , ,0,,,0,bd787479-8ed3-43f4-b9d5-90fd5f2e2b4f,PR-005927-2023,2024,"The proposal is to construct a new poultry operation inclusive to two poultry barns (63'X700'), manure storage (160'X60'), gravel driveway, gravel pads, and associated stormwater management controls.",PR-005927-2023,Jay Smoker AG Operation,3194377.70559763,15083.6373683514
1091,LD-12-23-17933,Ha's Place Center,2024/01/17 00:00:00+00,2023/12/19 13:12:12+00,,,3.49,2,18800,Commercial,Unique,1,,Residential,Apartment,1,,,0,3004fbc2-0c05-4696-97fd-992a2c385cbe,PR-005928-2023,2024,Ha's Place Center- Commercial Mixed Use - Letter went out 1/29 when fees were paid in full,PR-005928-2023,Ha's Place Center,159982.602185206,1938.17572289483
1092,LD-12-23-17944,241 Park Road,2024/01/18 00:00:00+00,2023/12/26 15:23:11+00,2024/09/24 00:00:00+00,2024/10/03 00:00:00+00,0.88,1,12000,Institutional,Child Daycare,1,,,,0,,,0,8c785291-a69a-4655-8640-34846b645ba1,PR-005933-2023,2024,Plan to construct a two-story daycare building,PR-005933-2023,241 Park Road,33803.8570988416,747.998982553599
1093,LD-12-24-18339,Great Valley Corporate Center Phase 2 Redevelopment,2025/01/28 00:00:00+00,2024/12/30 14:08:47+00,,,9.9,3,655540,Commercial,Restaurant,1,"(4) ground floor retail spaces 3,350sf each",Commercial,Office Building,1,Commercial,Restaurant,1,dd01630d-0514-4037-afba-f5afa72cdc68,PR-006108-2024,2025,"SD = 3 lots into 1 lot. LD = Phase 2 of the GVCC Master Plan. Redevelopment to construct a 304,000 sqft research and development facility, 338,140sf parking garage, and 13,400 sqft of commercial area.",PR-006108-2024,Great Valley Corp Center Phase 2 Redevelopment,450480.582980981,2715.16504941795
1094,LD-12-24-18341,"Duffryn Mawr, LLC",2025/01/23 00:00:00+00,2024/12/24 10:15:04+00,,,0.63,31,4227,Residential,Apartment,30,30 apartments,Commercial,Retail,1,,,0,2d6134f4-638f-4ce9-bde6-a5a6201c7099,PR-006109-2024,2025,"SD = 4 lots into 2 lots, along with 38 s.f. to be transferred to UPI#  2-4-203; LD = proposed three-story mixed-use building (retail and residential)",PR-006109-2024,"Duffryn Mawr, LLC",27602.7581340036,676.280787020063
1095,LD-12-24-18342,2578 Ridge Road,2025/01/16 00:00:00+00,2024/12/18 14:44:07+00,2025/10/07 00:00:00+00,2025/10/09 00:00:00+00,8.1,1,20736,Industrial, ,1,,,,0,,,0,06db4d3c-e3ea-45d4-8f89-7643076ee0d0,PR-006110-2024,2025,"Construction of 20,736 Industrial Building (AllClimate Land Development)",PR-006110-2024,2578 Ridge Road,256389.68206477,2941.95569661721
1096,LD-12-24-18350,French Creek Elementary School Site Improvements,2025/02/06 00:00:00+00,2025/01/07 11:09:34+00,,,20,2,0,Institutional,Parking Lot/Garage,1,Proposal of 61 new parking spaces,Institutional,Unique,1,,,0,41d9b51a-a412-41b6-9b0f-436593abb4dd,PR-006118-2025,2025,"Project consists of construction of new parking areas, playground areas, and stormwater facilities",PR-006118-2025,French Creek Elementary School Site Improvements,943411.05108584,4059.77956948769
1097,LD-12-24-18354,841 Spring City Road,2025/01/23 00:00:00+00,2024/12/24 14:04:20+00,,,9.7,1,6960,Industrial,Unique,1,"6,960sf building proposed - for plant nursery & landscape business",,,0,,,0,15cd6e82-2918-4b93-a022-ab0882f2de9d,PR-006116-2024,2025,"Proposed 6,960 square foot building, 9 parking spaces & parking for landscape equipment. contractor's establishment and plant nursery at 841 Spring City Road",PR-006116-2024,841 Spring City Road,422694.293155526,3563.10712705382
1098,LD-12-24-18359,TE New Elementary School,2025/02/26 00:00:00+00,2025/02/05 09:09:07+00,2025/07/15 00:00:00+00,2025/10/06 00:00:00+00,15.26,1,10475,Institutional,Educational Facility,1,,,,0,,,0,fc92ae5a-d101-401d-884c-16d9eef2121e,PR-006046-2024,2025,"The Applicant proposes to convert the existing office building into a new elementary school. Improvements include a building addition, additional sidewalks, a new parking area with loading / unloading area, removal of the southernmost existing parking lot, the 
installation of playgrounds and a multipurpose athletic field. Also included is grading, utilities, landscaping, lighting, erosion and sediment control, and stormwater management.",PR-006046-2024,TE New Elementary School,613990.338224183,3500.5351123849
1099,LD-12-25-18749,Spotless Car Wash - Downingtown,2025/12/22 00:00:00+00,2025/12/02 16:18:54+00,,,3.8,1,0,Commercial,Unique,1,car wash,,,0,,,0,4044d280-9419-4d35-8975-0e85f653554d,PR-006284-2025,2025,"Existing 13,274sf commercial bldg to remain and renovated to a proposed car wash  UNOFFICIAL SKETCH PLAN",PR-006284-2025,Spotless Car Wash - Downingtown,155578.159816251,1573.28173877836
1100,LD-12-25-18753,Seven Brew Drive Thru Coffee,2026/01/21 10:48:33+00,2025/12/22 17:01:10+00,,,1.06,1,510,Commercial,Fast Food,1,Drive thru coffee,,,0,,,0,91344633-b9f6-4d54-98b7-e9ce8b33d929,PR-006286-2025,2026,"Proposed building (for 'Seven Brew' coffee), cooler/storage, drive-thru, parking, and sidewalks.",PR-006286-2025,Seven Brew Drive Thru Coffee,47238.1902335105,873.425529308243
1101,LD-12-25-18756,Sheetz Thorndale,2026/01/15 00:00:00+00,2025/12/16 12:20:20+00,,,2.09,1,6139,Commercial,Convenience Store,1,Convenience store w/ drive thru & gas pumps,,,0,,,0,502906e5-b8c7-453c-8bc9-9480d909f9de,PR-006289-2025,2026,"1 proposed COM building, 6,139SF w/drive thru & gas station (Township description: Construct a 6139SF convenience store with drive thru and gas stations.)",PR-006289-2025,Sheetz Thorndale,86554.6848823258,1171.80915912644
1102,LD-12-25-18757,Heritage Center - Paoli Memorial Grounds,2026/01/23 12:08:43+00,2025/12/26 11:06:20+00,,,22,1,588,Commercial,Unique,1,,,,0,,,0,3c6b3eea-73a8-447f-b08f-c1071f830f28,PR-006288-2025,2026,Proposed building: Heritage Center - Paoli Memorial Ground,PR-006288-2025,Heritage Center Paoli Memorial Grounds,918114.72616289,5394.12659841154
1103,LD-12-25-18759,West Chester Kia E. Nields St.,2026/02/04 13:28:19+00,2026/01/07 13:52:39+00,,,4.59,2,12680,Commercial,Addition to Existing,1,,Commercial,Retail,1,,,0,2c4b4bb8-e6bc-4258-91d9-ec413096a623,PR-006287-2025,2026,"LD: new bldg, bldg addition, and changing parking.  SD & LD plan.  Description by Applicant: Subdivision and Land Development Plan for Kia of West Chester",PR-006287-2025,West Chester Kia E. Nields St.,215758.761037801,2045.46517017167
1104,LD-12-25-18767,Carillon-Quarry,2026/02/11 10:46:32+00,2026/01/13 11:16:42+00,,,38.36,147,0,Residential,Townhouse,147,,,,0,,,0,bd40754b-01f7-4a63-9018-4efca2c4c6dd,PR-006292-2025,2026,"SD & LD plan. LD: 147 townhouses, roads, and open space proposed.          Description by Applicant: Consolidate existing tax parcels into one new parcel and develop 147 single family attached townhouses and roads. The majority of the space is currently a quarry.",PR-006292-2025,Carillon-Quarry,1381155.05004227,9033.16710868814
1105,LD-2-10-1331,North Brandywine Middle School,2010/02/24 00:00:00+00,2010/01/29 00:00:00+00,,,101.4,2,126314,Institutional,School,2,"three existing school buildings on site (two elementary schools will remain, existing middle school to be demolished)", , ,0, , ,0,24eb800e-478b-45ef-8f07-243e5c0c6d9e,912-02-09,2010,Existing Middle School to be demolished. Proposed new Middle School.  Refer to SD-2-10-1330 for concurrent subdivision. See prior review # 08609-5.,912-02-09,North Brandywine Middle School,4250680.03242147,8759.85181929566
1106,LD-2-10-1359,Stroud Water Research Center,2010/03/04 00:00:00+00,2010/02/02 00:00:00+00,2010/07/06 00:00:00+00,2010/09/29 00:00:00+00,28.47,1,0,Institutional,Addition to Existing,1,"refer to CCPC #12616
Addition and parking", , ,0, , ,0,68fd2da4-1608-45e8-be98-78addda9bc31,SUB-12616,2010,,SUB-12616,STROUD WATER RESEARCH CENTER,3065126.74488147,7605.9942362151
1107,LD-2-10-1369,Stryker Brigade Combat Team,2010/03/05 00:00:00+00,2010/02/05 00:00:00+00,,,12,1,30280,Institutional,Emergency Services,1,, , ,0, , ,0,005a8847-6a84-4469-994d-33ab125dcb7a,PROJ-1250,2010,Readiness Center and parking on two parcels,PROJ-1250,Stryker Brigade Combat Team Readiness Center,509433.431857333,3280.82480568214
1108,LD-2-10-1376,Spring City Library,2010/03/03 00:00:00+00,2010/02/05 00:00:00+00,,,7.52,1,4515,Institutional,Library,1,, , ,0, , ,0,45c824f0-985c-4340-ab1b-449002f0baef,PROJ-1254,2010,Proposed Library,PROJ-1254,Spring City Library,306975.193678086,3145.95324888494
1109,LD-2-10-1406,Lionville Shopping Center,2010/03/16 00:00:00+00,2010/02/16 00:00:00+00,2010/05/10 00:00:00+00,2010/05/28 00:00:00+00,5.66,1,9600,Commercial,Restaurant,1,"""Timothy's Restaurant""", , ,0, , ,0,e739cdb4-6c9a-42f5-97d1-a31917090273,PROJ-1264,2010,"revisions to #6184-41 (reviewed September 17, 2008)",PROJ-1264,Lionville Shopping Center,243408.093690704,2426.1963778546
1110,LD-2-10-1420,Gross School Bus Service,2010/03/19 00:00:00+00,2010/02/19 00:00:00+00,,,16.29,1,,Commercial,Parking Lot/Garage,1,, , ,0, , ,0,37e315a4-45bc-40f3-9987-304f728dc1da,PROJ-1269,2010,195 new parking spaces (54 buses and 141 cars),PROJ-1269,Gross School Bus Company,724680.691888177,4411.20782088895
1111,LD-2-10-1424,Malvern Preparatory School,2010/03/19 00:00:00+00,2010/02/19 00:00:00+00,2010/05/18 00:00:00+00,2010/07/27 00:00:00+00,99.63,1,,Institutional,School,1,, , ,0, , ,0,30b9013b-ec83-48bc-afd0-614340df5b54,SUB-10366,2010,"Proposed athletic field/track, bleachers, tennis court and walkways.
See prior review #10366-5",SUB-10366,MALVERN PREPARATORY SCHOOL,4310899.78878988,8310.16010795914
1112,LD-2-10-1437,Fulton Bank,2010/03/25 00:00:00+00,2010/02/23 00:00:00+00,2011/09/28 00:00:00+00,2011/10/12 00:00:00+00,40.47,4,0,Commercial,Bank,1,,Commercial,Shopping Center,3, , ,0,ccd01a6d-3081-4df3-ba1c-5a91cc27500b,PROJ-1272,2010,Proposed Fulton Bank (to replace vacant Blockbuster Video),PROJ-1272,Fulton Bank,1491508.78551037,6269.20250232564
1113,LD-2-11-3582,Penn's Village,2011/03/01 00:00:00+00,2011/01/31 00:00:00+00,,,9.6,40,33400,Residential,Townhouse,38,,Commercial,Retail,1,Commercial,Bank,1,479142c3-07ac-4047-80da-09a031f4b283,PROJ-2086,2011,"Construct 4 new multi use buildings (office, bank, retail and condo/townhouse) and 1 addition to bldg. See previous review # 9768-6. Also see SD-2-11-3581 for concurrent subdivision plan.",PROJ-2086,Penns Village,396957.071210187,2925.2436629957
1114,LD-2-11-3629,Chester County Hospital,2011/03/10 00:00:00+00,2011/02/08 00:00:00+00,2011/04/20 00:00:00+00,2011/05/03 00:00:00+00,36.25,1,93500,Institutional,Addition to Existing,1,Hospital, , ,0, , ,0,196401cf-6d7e-478a-8f41-e42f64fa4df0,SUB-06248,2011,"Hospital expansion (North bed towers)
see previous review 6248-9

Notes: West Chester Municipal Approval: 4/20/11
Signed: 5/3/11 by JK

West Goshen Municipal Approval: 5/11/11
Signed by JK 6/13/11

West Goshen Municipal Approval: 12/14/11
Signed by JK 12/21/11",SUB-06248,CHESTER COUNTY HOSPITAL,1522685.08073041,5561.83893384601
1115,LD-2-11-3643,Ware Presbyterian Village,2011/03/14 00:00:00+00,2011/02/14 00:00:00+00,,,53.16,85,,Residential,Apartment,62,,Residential,Townhouse,12,Residential,Single Family Residential,11,031336dd-6339-41f3-98f6-ab2561843eb2,PROJ-1989,2011,"Two apartment buildings, 1 dining pavilion, 11 single villas, 6 duplexes, parking and new roads.",PROJ-1989,Ware Presbyterian Village,1979889.99851096,7737.30081801833
1116,LD-2-11-3670,Thorndale West LP,2011/03/18 00:00:00+00,2011/02/18 00:00:00+00,2011/06/30 00:00:00+00,2011/12/07 00:00:00+00,10.04,1,2125,Commercial, ,1,Storage, , ,0, , ,0,59b57dea-67fa-4302-827d-9f3bf5812cc1,PROJ-2118,2011,Proposed outdoor storage shed. See previous review # 10716-8.,PROJ-2118,Thorndale West LP,409519.699847263,2823.75283622776
1117,LD-2-11-3679,North Coventry Township,2011/03/16 00:00:00+00,2011/02/16 00:00:00+00,,,9.6,1,,Commercial,Cell Tower,1,, , ,0, , ,0,fcce535f-755f-4d1c-8053-73406b0c0062,PROJ-2121,2011,Construct cell phone tower. See also SD-2-11-3678. See previous review # 10828-2.,PROJ-2121,North Coventry Township,406662.226464584,2613.44760696759
1118,LD-2-12-5477,530-580 Swedesford Road,2012/02/16 00:00:00+00,2012/01/23 00:00:00+00,2013/03/21 00:00:00+00,2013/03/26 00:00:00+00,24.29,2,17828,Commercial,Addition to Existing,2,, , ,0, , ,0,d3b93dd7-3e2f-42e5-bf82-c1d320c9f1e9,PROJ-2650,2012,6 building additions to 2 buildings (3 additions to each) and changing parking,PROJ-2650,530 580 Swedesford Road,1090171.83140149,4841.30400015582
1119,LD-2-12-5483,West Chester University Business & Public Affairs Center,2012/02/16 00:00:00+00,2012/01/25 00:00:00+00,2013/08/21 00:00:00+00,2013/11/19 00:00:00+00,5.11,1,92000,Institutional,School,1,, , ,0, , ,0,c0e258dc-ac88-4f3d-a545-da6940802639,PROJ-2652,2012,Demolish existing building and construct new one,PROJ-2652,West Chester University Business & Public Affairs ,219603.150889884,1909.45582594768
1120,LD-2-12-5485,John L. & Elsie L. Stoltzfus,2012/02/24 00:00:00+00,2012/01/26 00:00:00+00,2014/12/30 00:00:00+00,2015/02/10 00:00:00+00,43.5,1,,Agricultural,Farm/Pasture Land,1,, , ,0, , ,0,6a67f7cb-7066-42e2-b3ad-edd2a31cd858,PROJ-1391,2012,proposed septic/sewer for existing mobile home,PROJ-1391,John L Stoltzfus,2005498.46511883,8387.28165464957
1121,LD-2-12-5492,Apartments at Eagleview Town Center,2012/02/22 00:00:00+00,2012/01/26 00:00:00+00,2012/06/11 00:00:00+00,2012/07/10 00:00:00+00,15.19,71,,Residential,Apartment,71,71 apts in 2 bldgs, , ,0, , ,0,4de9f4a3-f44f-46f3-8d35-f260cee1c31e,PROJ-2103,2012,71 apartments proposed in 2 buildings and parking.,PROJ-2103,Eagleview Town Center,678494.947130103,9655.38339080768
1122,LD-2-12-5497,Progressive Casualty Insurance Comp,2012/02/24 00:00:00+00,2012/01/27 00:00:00+00,2012/04/16 00:00:00+00,2012/10/19 00:00:00+00,5.72,1,15040,Commercial, ,1,, , ,0, , ,0,ad0e0f9a-037f-49b2-9af0-efb677fb24d3,PROJ-2642,2012,"Full plan title: Progressive Casualty Insurance Company.

remove existing paving and construct Progressive Insurance building with parking.

see previous review 6652-15.",PROJ-2642,Progressive Casualty Insurance Co,252060.920745982,2633.64201804183
1123,LD-2-12-5501,Anthony B. Jr. & Shirley L. Dambro,2012/02/27 00:00:00+00,2012/01/30 00:00:00+00,,,6.03,24,,Residential,Apartment,24,1 bldg, , ,0, , ,0,92cb833c-8fc1-4569-a100-b175ef127310,PROJ-2657,2012,proposed 24 unit apt bldg & parking,PROJ-2657,"Dambro, Anthony B Jr & Shirley L",263121.907404444,2323.07971082976
1124,LD-2-12-5505,"Deco Sales Company, Inc.",2012/02/24 00:00:00+00,2012/02/02 00:00:00+00,2012/03/14 00:00:00+00,2012/03/27 00:00:00+00,2,1,3152,Industrial,Addition to Existing,1,office/warehouse, , ,0, , ,0,5175154f-50a9-46ce-b900-d449cdb88a4f,PROJ-2300,2012,"2 building additions to 1 building (office/warehouse).

see previous review LD-6-11-4287.",PROJ-2300,Deco Sales Company Inc,88673.5895158223,1171.90503084568
1125,LD-2-12-5511,September Farm,2012/03/09 00:00:00+00,2012/02/08 00:00:00+00,2012/08/31 00:00:00+00,2012/09/21 00:00:00+00,4.13,1,8765,Commercial, ,1,, , ,0, , ,0,2239773d-43f0-4864-9b53-640a6456513e,PROJ-2009,2012,"1 proposed building and parking.

see previous review SD-12-10-3298.",PROJ-2009,McConnell Park Annexation,171626.848727175,1818.0935094909
1126,LD-2-12-5525,Giant Gas LD 2012,2012/02/24 00:00:00+00,2012/02/09 00:00:00+00,,,12.54,1,128,Commercial, ,1,gas station, , ,0, , ,0,491a63ae-4002-434a-8156-24831b4ce840,PROJ-2661,2012,"remove existing building and construct gas station and parking.

see previous review LD-2-11-3670 & 10716-7/8.",PROJ-2661,Giant Food Store #6301 Fueling Facility at Thornda,535746.273608569,3624.66022338435
1127,LD-2-12-5555,New Bolton Center Equine Performanc,2012/03/02 00:00:00+00,2012/02/15 00:00:00+00,2012/03/05 00:00:00+00,2012/04/24 00:00:00+00,217.3,2,9980,Institutional,Educational Facility,1,Equine Performance Evaluation Facility ,Institutional,Educational Facility,1, , ,0,ff7401b0-550d-46ec-a2e1-87d29b2265cc,PROJ-2663,2012,"Full plan title: New Bolton Center Equine Performance Evaluation Facility & Guard Booth

Construct new building and guard booth",PROJ-2663,University of Pennsylvanias Equine Performance Eva,9121499.31747285,15265.9580304769
1128,LD-2-13-7405,Popeye's Louisiana Kitchen,2013/03/01 00:00:00+00,2013/01/30 00:00:00+00,2013/03/28 00:00:00+00,2013/07/26 00:00:00+00,7.4,1,16,Commercial,Addition to Existing,1,, ,Restaurant,0, , ,0,fb8f44a1-cc72-43fc-8272-ecfb52928116,PROJ-3136,2013,Proposed drive-thru addition. See previous review 08541-2,PROJ-3136,Popeyes Louisiana Kitchen,326325.604079949,3142.05237307494
1129,LD-2-13-7413,Collegium Charter School,2013/03/01 00:00:00+00,2013/02/04 00:00:00+00,2013/05/22 00:00:00+00,2013/09/13 00:00:00+00,5.72,1,19540,Institutional,Addition to Existing,1,, ,School,0, , ,0,ea5125c2-a55a-49dc-8579-82e02e079635,PROJ-3141,2013,proposed bldg addition to school,PROJ-3141,Collegium Charter School,265586.122763972,2258.00693921924
1130,LD-2-13-7417,"Lionville Properties, Inc. 140 Sheree Boulevard",2013/02/25 00:00:00+00,2013/01/30 00:00:00+00,2013/03/11 00:00:00+00,2013/05/17 00:00:00+00,9.53,1,2160,Industrial,Unique,1,Storage building, , ,0, , ,0,2671b451-f465-497e-a3f9-0927ddfc77ef,PROJ-3142,2013,Proposed storage building,PROJ-3142,"Lionville Properties, Inc.",396975.399118392,2583.59320996154
1131,LD-2-13-7418,Mark McFadden,2013/02/15 00:00:00+00,2013/02/11 00:00:00+00,,,1.3,1,2800,Industrial,Unique,1,Proposed building, , ,0, , ,0,4c77e0ac-9b4b-4693-b85f-b139f535c840,PROJ-3143,2013,Proposed building,PROJ-3143,Mark McFadden,42310.4691073405,911.439668479559
1132,LD-2-13-7420,Philips Brothers Electrical Contractors,2013/03/08 00:00:00+00,2013/02/08 00:00:00+00,2013/07/10 00:00:00+00,2013/07/25 00:00:00+00,20.95,1,32800,Industrial,Unique,1,Proposed building, , ,0, , ,0,420d25c3-5384-45c9-8897-f463d660a48c,PROJ-2038,2013,"Proposed Building (See prev. rev. 5033 & 5032)

Also approved
8/20/13
7/27/13 TSS",PROJ-2038,Philips Brothers Electrical Contractors,842182.948530065,3778.62647063418
1133,LD-2-13-7437,Proposed Advanced Auto Parts,2013/03/14 00:00:00+00,2013/02/12 00:00:00+00,,,67.45,1,1782,Commercial,Addition to Existing,1,, , ,0, , ,0,0f987ccd-1b68-4758-8dd3-3ca08f79ff7c,SUB-03657,2013,Proposed building expansion & parking lot renovations. see previous review 3657-10.,SUB-03657,WEST SADSBURY COMMONS,3049254.30063531,8198.23891960284
1134,LD-2-13-7441,John K. & Mary B. Lapp,2013/03/15 00:00:00+00,2013/02/13 00:00:00+00,2013/04/04 00:00:00+00,2013/04/17 00:00:00+00,1.01,1,1200,Residential,Single Family Residential,1,, , ,0, , ,0,453fa218-4a47-4358-b4b6-4fe58bde1cb7,PROJ-3148,2013,Proposed barn,PROJ-3148,John K. and Mary B. Lapp,38982.717458812,803.624188269178
1135,LD-2-13-7469,Outside Unlimited,2013/03/14 00:00:00+00,2013/02/15 00:00:00+00,2013/10/02 00:00:00+00,2013/11/12 00:00:00+00,8,1,5900,Commercial,Unique,1,Proposed pole barn and office, , ,0, , ,0,652c0f98-7c0f-4044-87b3-ffbebb8830e7,PROJ-3159,2013,"Proposed pole barn and office.

See previous review 07509-4 ",PROJ-3159,Outside Unlimited,380231.003694783,2554.29244099256
1136,LD-2-13-7490,Bank of America,2013/03/11 00:00:00+00,2013/02/20 00:00:00+00,2013/11/12 00:00:00+00,2013/11/15 00:00:00+00,6.67,1,3100,Commercial,Bank,1,, , ,0, , ,0,47f1e5af-3699-4699-af70-f647bd4097ae,SUB-07685,2013,"Proposed bank.

See previous review 07685-5",SUB-07685,LONGWOOD INN EXPANSION LD,336898.538412316,3368.4595710979
1137,LD-2-13-7493,King Duck Operation,2013/03/14 00:00:00+00,2013/02/22 00:00:00+00,2013/06/10 00:00:00+00,2013/06/19 00:00:00+00,156,1,40972,Commercial, ,1,Duck barn, , ,0, , ,0,a2285b3b-001c-4e5e-9e34-3448cf2f125e,PROJ-3131,2013,Proposed Duck Barn,PROJ-3131,Minor Land Development Plan for King Tract AKA Kin,6534444.14637301,13349.171259318
1138,LD-2-13-7495,Senior Housing at Eagleview Town Center,2013/03/21 00:00:00+00,2013/02/22 00:00:00+00,2014/01/13 00:00:00+00,2014/02/11 00:00:00+00,8.37,160,,Residential,Apartment,160,, , ,0, , ,0,ec2396a3-52b6-4789-acdd-ae0b7924a3d1,PROJ-2103,2013,Proposed senior apartments and parking,PROJ-2103,Eagleview Town Center,330190.436866979,3983.56378477908
1139,LD-2-14-9293,Proposed Dairy,2014/03/03 00:00:00+00,2014/02/04 00:00:00+00,2014/06/09 00:00:00+00,2014/10/01 00:00:00+00,98.33,1,,Agricultural,Farm/Pasture Land,1,, , ,0, , ,0,aec906e7-36dd-4d4c-bc69-65cb60d3215a,PROJ-3547,2014,"Proposed: 4 barns (horse, heifer, dairy & pole) & sfr",PROJ-3547,Proposed Dairy,4261935.37243668,9478.09743622921
1140,LD-2-14-9294,Public Works Facility,2014/03/03 00:00:00+00,2014/02/10 00:00:00+00,,,11.33,1,28640,Institutional,Government,1,, , ,0, , ,0,07b5a76b-1116-4908-9af7-35f4bcca3480,PROJ-3548,2014,"Proposed public works facility: covered stock pile areas, garages, vehicle maintenance  facilities, truck washing bay, and an administrative building",PROJ-3548,Public Works Facility,462926.657476105,2709.79362026921
1141,LD-2-14-9330,Units 1 & 2 at East Caln Business Park,2014/03/18 00:00:00+00,2014/02/19 00:00:00+00,2020/07/15 00:00:00+00,2020/08/13 00:00:00+00,7.83,4,0,Commercial,Unique,4,, , ,0, , ,0,4db64097-484f-4314-918e-a868d87c479c,SUB-11116,2014,"Four commercial buildings.

4 proposed buildings

See previous review LD-10-10-2917",SUB-11116,PARK FAMILY PARTNERSHIP,1170685.87793141,4731.52697118522
1142,LD-2-14-9334,The Shoppes at Dilworthtown Crossin,2014/03/11 00:00:00+00,2014/02/20 00:00:00+00,2014/11/18 00:00:00+00,2015/03/04 00:00:00+00,19.31,1,625,Commercial,Addition to Existing,1,, , ,0, , ,0,7fe36568-b991-4847-8871-01a8ed6a6e8a,SUB-08356,2014,Full plan title: The Shoppes at Dilworthtown Crossing. bldg addition. see previous review 8356-5.,SUB-08356,ROWAN MANAGEMENT INC. - FAUCETT PROPERTY SD,818683.072083514,3702.59803852489
1143,LD-2-14-9348,Richard E. Pennington,2014/03/13 00:00:00+00,2014/02/20 00:00:00+00,,,2.04,1,384,Commercial,Addition to Existing,1,, , ,0, , ,0,e7b75de4-1696-4178-92ae-ff598f5bf7fe,PROJ-3568,2014,"Proposed shed addition

",PROJ-3568,Richard E. Pennington,89034.5117878114,1493.02844678585
1144,LD-2-15-11252,Oxford Dollar General,2015/02/12 00:00:00+00,2015/01/30 00:00:00+00,2015/07/14 00:00:00+00,2015/08/27 00:00:00+00,4.24,1,9242,Commercial,Retail,1,, , ,0, , ,0,4feed526-1173-41f8-9f76-e7b2a14c9dab,PROJ-3945,2015,proposed bldg (store) and parking.,PROJ-3945,Oxford Dollar General,205244.20100376,1839.54230607738
1145,LD-2-15-11256,Otto's BMW,2015/02/23 00:00:00+00,2015/01/29 00:00:00+00,,,6.73,1,20224,Commercial,Addition to Existing,1,, , ,0, , ,0,0fe00b48-dacb-4887-9855-7c828fce45a4,PROJ-3947,2015,addition to existing building. also see SD-2-15-11255.,PROJ-3947,"Otto's Imported Cars, LTD",288147.137623199,2425.53368453862
1146,LD-2-15-11277,Raymour & Flanigan Land Development,2015/02/20 00:00:00+00,2015/02/09 00:00:00+00,2015/03/11 00:00:00+00,2015/11/25 00:00:00+00,30,1,,Commercial,Retail,1,, , ,0, , ,0,abe5cbfd-42f0-4004-bd67-d844097a0e07,PROJ-3946,2015,Full plan title: Raymour & Flanigan Land Development. proposed conversion of office to warehouse (part of existing building) and additional parking,PROJ-3946,Raymour and Flanigan Proposed Parking Lot Expansio,1183012.67277719,4405.09127632891
1147,LD-2-15-11279,Malin Road Development,2015/03/09 00:00:00+00,2015/02/09 00:00:00+00,,,23.17,264,3000,Residential,Townhouse,264,, , ,0, , ,0,7f86f483-021b-4345-87f3-7b5b76343365,PROJ-3950,2015,"proposed: 264 townhouses, roads, a community center, parking, etc. see previous review LD-9-11-4870.",PROJ-3950,Malin Road Development,1025500.17791997,4636.99130667923
1148,LD-2-15-11298,"Brandywine Branch Distillers, LLC",2015/03/13 00:00:00+00,2015/02/13 00:00:00+00,2015/05/05 00:00:00+00,2015/05/07 00:00:00+00,8,1,4990,Industrial,Building Conversion,1,, , ,0, , ,0,426d4747-93ce-4393-9c27-dc08fcfb6ba7,PROJ-3954,2015,converting existing barn to distillery,PROJ-3954,"Brandywine Branch Distillers, LLC",293791.425020499,2844.67411200675
1149,LD-2-15-11332,James D Miller,2015/03/20 00:00:00+00,2015/02/19 00:00:00+00,2015/05/13 00:00:00+00,2015/07/10 00:00:00+00,1.12,2,9306,Commercial,Addition to Existing,1,,Commercial, ,1, , ,0,5a9fc15d-f199-4417-8f77-46d9de119015,PROJ-3969,2015,"Demolish existing dwelling and build addition and  a free standing building

See previous review 10608 and 
SD-2-15-11331",PROJ-3969,James D Miller,44987.4833686173,1224.17223864461
1150,LD-2-15-11335,Chester County Dept of Emergency Services,2015/03/04 00:00:00+00,2015/02/19 00:00:00+00,2015/04/15 00:00:00+00,2015/06/25 00:00:00+00,19.14,1,,Institutional,Cell Tower,1,, , ,0, , ,0,52078d01-3ca1-4f9a-be0f-0f0a8d701b59,SUB-05668,2015,"Full plan title: Chester County Dept of Emergency Services

proposed radio tower

see previous review 5868-8",SUB-05668,"CHANG, CHING-YU & HIS-SHIH SD",833347.963372881,4563.18395691195
1151,LD-2-15-11347,Longwood Gardens New Electrical Sub,2015/03/04 00:00:00+00,2015/02/23 00:00:00+00,2015/07/06 00:00:00+00,2015/07/24 00:00:00+00,2.9,1,7068,Institutional,Utility,1,, , ,0, , ,0,ddba2d78-0ddb-4ba6-bf17-bedb9515e6b8,PROJ-3972,2015,Full plan title: Longwood Gardens New Electrical Substation - West. proposed electrical substation.,PROJ-3972,Longwood Gardens New Electric Substation West,1670323.94739691,6957.06318385259
1152,LD-2-15-11353,BT Exton LP Carriage Home Cluster Development,2015/03/20 00:00:00+00,2015/02/23 00:00:00+00,2015/08/12 00:00:00+00,2017/03/03 00:00:00+00,48,86,,Residential,Townhouse,86,, , ,0, , ,0,b8b3cf37-4fbb-4140-982c-f38bf1c9d382,PROJ-3976,2015,86 townhouse development. also see SD-2-15-11354.,PROJ-3976,"BT Exton, LP Carriage Home Cluster",2068251.87968651,6762.57767107776
1153,LD-2-15-11376,Walnut Ridge Residential Community,2015/03/05 00:00:00+00,2015/02/27 00:00:00+00,2015/07/06 00:00:00+00,2015/07/21 00:00:00+00,16.3,74,,Residential,Townhouse,74,, , ,0, , ,0,78f8ff64-f483-4fde-93f7-d9bc361614a9,920-04-07,2015,"see previous review LD-5-14-9824. 74 proposed townhouses, parking, and roads.",920-04-07,Walnut Ridge,362245.863358438,2487.64311247811
1154,LD-2-16-13261,West Goshen Twin Rinks,2016/02/16 00:00:00+00,2016/02/02 00:00:00+00,2016/04/13 00:00:00+00,2016/06/07 00:00:00+00,10.71,1,5872,Commercial,Addition to Existing,1,, , ,0, , ,0,62e550b5-c76a-434c-8a05-30ffd80c031e,PROJ-4262,2016,"5,872 Sf addition to skating arena",PROJ-4262,West Goshen Twin Rinks,469002.562284958,2871.32794920687
1155,LD-2-16-13280,Riverside Daycare,2016/02/16 00:00:00+00,2016/02/08 00:00:00+00,2016/11/14 00:00:00+00,2016/11/21 00:00:00+00,2.17,1,10002,Commercial,Child Daycare,1,, , ,0, , ,0,b2e43354-3335-498f-8e05-d93e2217e18c,PROJ-4099,2016,proposed daycare and parking. see previous review LD-11-15-12859.,PROJ-4099,Riverside Daycare,98787.3815743557,1258.98876908533
1156,LD-2-16-13281,Atwater Village Commercial,2016/02/22 00:00:00+00,2016/02/05 00:00:00+00,2016/04/16 00:00:00+00,2016/05/04 00:00:00+00,9.38,1,,Commercial,Restaurant,1,, , ,0, , ,0,fcacf2c7-705d-4b46-a9cf-648332853b60,PROJ-4027,2016,"Second Review. See previous reviews 
LD-4-15-11650 & LD-5-15-11796
Addition to drive thru to restaurant pad.
Endorsing plan for bank building on lot 3.",PROJ-4027,Atwater Village Commercial,419637.968665076,2887.60138260928
1157,LD-2-16-13283,20 Moores Road Buildings 4 & 5,2016/02/16 00:00:00+00,2016/02/05 00:00:00+00,2016/03/09 00:00:00+00,2016/04/19 00:00:00+00,69.22,1,,Commercial, ,1,, , ,0, , ,0,42b48211-52a1-4394-bd6e-e92372a37ba2,PROJ-3891,2016,"adding ""Phasing Plan"" sheet to prior land development review of LD-12-14-10999.",PROJ-3891,20 Moores Road Buildings 4 and 5,2912127.35707283,7850.8889742091
1158,LD-2-16-13284,Patient First - Ashbridge Square,2016/02/19 00:00:00+00,2016/02/08 00:00:00+00,2016/09/07 00:00:00+00,2016/09/09 00:00:00+00,49.06,1,7153,Commercial,Medical Building,1,, , ,0, , ,0,276010f8-f563-4353-9195-d50e543b6a49,PROJ-4263,2016,"Proposed Medical building 7,153 SF and changing parking.",PROJ-4263,Patient First - Ashbridge Square,2081186.48714724,6057.73668608916
1159,LD-2-16-13302,Eland Point Crossing,2016/03/08 00:00:00+00,2016/02/11 00:00:00+00,,,4.62,188,,Residential,Apartment,188,, , ,0, , ,0,ad098927-b59c-443c-bd3c-52993754215b,PROJ-4266,2016,Proposed 188 Apartments,PROJ-4266,Eland Point Crossing ,318837.203795081,4130.2731750272
1160,LD-2-16-13364,3041 Horseshoe Pike,2016/03/23 00:00:00+00,2016/02/25 00:00:00+00,2016/05/11 00:00:00+00,2018/02/15 00:00:00+00,4.4,1,11250,Commercial, ,1,, , ,0, , ,0,5022283a-14fb-4dbe-bbde-87f5e2c69a56,PROJ-4274,2016,proposed commercial building (garage with office and storage) and parking,PROJ-4274,3041 Horseshoe Pike,175151.018116647,1649.54244034345
1161,LD-3-10-1473,Valley View Business Park Lot 5,2010/03/29 00:00:00+00,2010/03/01 00:00:00+00,2014/09/02 00:00:00+00,2014/11/14 00:00:00+00,49.01,1,53040,Industrial, ,1,, , ,0, , ,0,da8b89a3-01f8-4f42-93d5-9346dc262f1d,PROJ-1285,2010,1 proposed building,PROJ-1285,Valley View Business Park Lot 5,2087467.11914866,11059.3830246658
1162,LD-3-10-1479,851 Lancaster Avenue,2010/04/02 00:00:00+00,2010/03/04 00:00:00+00,,,2.19,1,16100,Commercial,Retail,1,Restaurant also, , ,0, , ,0,4bc57152-ae8f-45fb-b3fc-3468b99fb4d9,PROJ-1287,2010,2 proposed buildings (retail and restaurant) and parking,PROJ-1287,851 Lancaster Avenue,97060.9646729759,1424.87536711912
1163,LD-3-10-1487,Rock Run Water Treatment Plant,2010/03/29 00:00:00+00,2010/03/04 00:00:00+00,2010/07/23 00:00:00+00,2011/01/20 00:00:00+00,5.4,1,9875,Institutional,Unique,1,Water Treatment Plant, , ,0, , ,0,4d78a6a7-9c1b-4550-9322-b8f2ec8ba509,PROJ-1151,2010,proposed chemical building,PROJ-1151,Rock Run Water Treatment Plant Expansion Project P,201300.269807291,2156.2607297455
1164,LD-3-10-1496,County of Chester,2010/04/05 00:00:00+00,2010/03/08 00:00:00+00,2010/05/24 00:00:00+00,2010/06/15 00:00:00+00,139.1,1,2800,Institutional,Government,1,, , ,0, , ,0,e302eb57-5fc3-42ea-863b-d841e4bc6fd1,PROJ-1299,2010,proposed data center bldg. refer to 8850-8,PROJ-1299,County of Chester,5907166.38313613,12074.0431183336
1165,LD-3-10-1498,Jonathan Thir,2010/04/05 00:00:00+00,2010/03/08 00:00:00+00,2010/08/16 00:00:00+00,2010/11/29 00:00:00+00,0.82,2,8500,Commercial,Office Building,2,, , ,0, , ,0,37d40f42-a157-4839-ae43-4fb8ff44888e,PROJ-1300,2010,Proposed commercial building and parking on two parcels,PROJ-1300,Jonathan Thir,33803.8350956669,747.998989502375
1166,LD-3-10-1503,First Presbyterian Church of W.C.,2010/04/07 00:00:00+00,2010/03/10 00:00:00+00,,,0.68,1,19678,Institutional,Religious Organization,1,two existing buildings to be demolished, , ,0, , ,0,589aac48-6b91-4237-ba4d-f8706bc8eb6d,PROJ-1301,2010,"Proposed building addition on one parcel
Plan Title field not long enough to add 'West Chester'",PROJ-1301,First Presbyterian Church of West Chester,29435.0138927434,698.042553340017
1167,LD-3-10-1525,Tyler Griffen,2010/04/09 00:00:00+00,2010/03/12 00:00:00+00,2013/09/03 00:00:00+00,2013/09/24 00:00:00+00,0.93,1,5000,Commercial,Office Building,1,, ,Retail,0, , ,0,877e8742-bf13-413c-971d-c7dcdf30de90,SUB-12056,2010,"52 townhouse units, 24 twin dwelling units, and a 5,000 square foot commercial facility",SUB-12056,Tyler Griffin,1029323.50555075,4194.31531718518
1168,LD-3-10-1538,Kennett Regional YMCA,2010/04/16 00:00:00+00,2010/03/17 00:00:00+00,2010/09/07 00:00:00+00,2010/09/17 00:00:00+00,6.78,3,13875,Commercial,Addition to Existing,3,, , ,0, , ,0,b299c8dd-eba7-4d00-9db0-c82e0edbb104,SUB-10098,2010,Bldg addition and new parking on 3 parcels,SUB-10098,KENNETT REGIONAL YMCA,297808.724870354,2397.55354792497
1169,LD-3-10-1552,EuroMotorcars Devon,2010/04/16 00:00:00+00,2010/03/19 00:00:00+00,2010/10/18 00:00:00+00,2010/12/07 00:00:00+00,5.78,2,48331,Commercial,Unique,2,Auto, , ,0, , ,0,494eb30e-2fa4-4fbf-8b9e-4b724e6f1404,PROJ-1320,2010,"2 proposed buildings and parking on one parcel

Note: SSF on plan is 50,811 (2,480 more than 48,331). OK to endorse plan per GB.",PROJ-1320,EuroMotorcars Devon,236620.239234561,2546.23812913848
1170,LD-3-10-1599,Stonemasters,2010/04/23 00:00:00+00,2010/03/26 00:00:00+00,2011/06/06 00:00:00+00,2011/08/19 00:00:00+00,3.74,1,8000,Commercial, ,1,Accessory Bldg, , ,0, , ,0,44b1e6ad-0795-43e1-8f67-951ee7ef48cd,PROJ-1328,2010,,PROJ-1328,Stonemasters,159149.965442629,1805.37187244951
1171,LD-3-11-3699,Timothy School Development Fund,2011/03/25 00:00:00+00,2011/02/24 00:00:00+00,,,0.2,1,1200,Institutional,School,1,, , ,0, , ,0,43a1ee91-87af-4bb7-95e3-99fb55e1b156,PROJ-2125,2011,Construct proposed laboratory and parking. Remove existing dwelling and garage.,PROJ-2125,Timothy School Development Fund,9049.09737792531,461.885053843283
1172,LD-3-11-3708,Del Toyota,2011/03/25 00:00:00+00,2011/02/23 00:00:00+00,2011/11/17 00:00:00+00,2012/09/04 00:00:00+00,16.93,1,18375,Commercial,Addition to Existing,1,, , ,0, , ,0,9cc591d3-8052-49cc-aa71-7e0d9ba3fca9,PROJ-2127,2011,"Construct 2 proposed additions to existing building and parking. See previous review # 4708-20. Also see SD-3-11-3707.
",PROJ-2127,Del Toyota,656669.965590939,4627.38839709696
1173,LD-3-11-3736,Crosslands Wellness Center Renovations and Additions,2011/04/07 00:00:00+00,2011/03/08 00:00:00+00,2011/11/16 00:00:00+00,2012/03/30 00:00:00+00,100.5,1,28830,Commercial,Nursing Home/Assisted Living,1,, , ,0, , ,0,e4adbcb7-39f3-48fb-bc18-7978e439527f,PROJ-2136,2011,Crosslands Wellness Center Renovations and Additions.  4 proposed building additions and parking. See previous review # 10906-2.,PROJ-2136,Crosslands Wellness Center Renovations and Additio,4435034.92237567,8860.14615991819
1174,LD-3-11-3803,"B.D. Rich, L.P.",2011/04/18 00:00:00+00,2011/03/21 00:00:00+00,2012/03/19 00:00:00+00,2012/04/30 00:00:00+00,0.45,1,725,Commercial,Unique,1,Ice Cream Parlor, , ,0, , ,0,9bc07b66-e2e2-4c06-9a55-d4c8993b70e1,PROJ-2159,2011,demolish existing ice cream parlor and construct new ice cream parlor,PROJ-2159,B D Rich LP,18598.1119032782,573.015520748841
1175,LD-3-11-3808,Chatham Acres,2011/04/20 00:00:00+00,2011/03/21 00:00:00+00,2012/04/11 00:00:00+00,2012/10/12 00:00:00+00,14.21,1,49123,Commercial,Nursing Home/Assisted Living,1,, , ,0, , ,0,860371d0-c64e-4a35-bd0d-3ce46b7f10d5,SUB-09962,2011,Construct nursing home facility and associated facilities. Demolish existing nursing home after new one is complete and construct parking. See previous review # 9962.,SUB-09962,CHATHAM ACRES NURSING HOME,597216.120230208,3141.11923247137
1176,LD-3-11-3827,"Aqua Pennsylvania, Inc.",2011/04/19 00:00:00+00,2011/03/23 00:00:00+00,,,2.24,1,300,Institutional,Unique,1,Water tower, , ,0, , ,0,33cc8681-1176-454d-a936-a5b046f9aa57,PROJ-2162,2011,Construct 2 water tanks and booster shed. Also see SD-3-11-3826,PROJ-2162,Aqua Pennsylvania Inc,139328.65426091,1710.00870826675
1177,LD-3-12-5645,Beltran Mushroom,2012/03/26 00:00:00+00,2012/02/29 00:00:00+00,2012/07/24 00:00:00+00,2012/09/07 00:00:00+00,19.31,2,99120,Commercial,Mushroom House,2,, , ,0, , ,0,97c91d61-637f-41e3-b655-aaad35e94f94,PROJ-2655,2012,"demolish existing buildings and construct two mushroom houses and parking.

see previous review LD-5-11-4080",PROJ-2655,Beltran Mushroom,818519.486279602,3588.09188117675
1178,LD-3-12-5656,Westminster Place at Ware Presbyterian Village,2012/03/23 00:00:00+00,2012/03/02 00:00:00+00,2016/05/16 00:00:00+00,2016/05/17 00:00:00+00,21.6,61,,Residential,Apartment,61,Age Restricted Housing/Retirement, , ,0, , ,0,75f97072-0d33-4fcf-9399-1134e8f826b9,PROJ-1989,2012,Construct 1 age-restricted apt. building with 61 units and parking.,PROJ-1989,Ware Presbyterian Village,839796.069565673,4285.60524630282
1179,LD-3-12-5660,The Sands Property,2012/04/04 00:00:00+00,2012/03/05 00:00:00+00,,,95.06,276,,Residential,Townhouse,276,, , ,0, , ,0,e55129e9-86ad-4c44-b6b3-7aab4485b0f2,PROJ-1914,2012,"construct 276 townhouses and parking.

see previous reviews SD-11-10-3083 and LD-11-10-3085.",PROJ-1914,The Sands Property,4059607.02686837,10778.4297115488
1180,LD-3-12-5685,West Chester University South Campus Village Expansion,2012/04/06 00:00:00+00,2012/03/13 00:00:00+00,2012/08/27 00:00:00+00,2012/08/29 00:00:00+00,86.5,6,97575,Institutional,Addition to Existing,1,,Institutional,Educational Facility,5, , ,0,2262ab50-330c-44b2-b60c-58b492b93ad1,SUB-09020,2012,"construct 5 bldgs (264 beds), 1 bldg addition & parking.
see previous review 9020-3.",SUB-09020,WEST CHESTER UNIVERSITY,4445673.3008477,12138.6505619066
1181,LD-3-12-5731,"Devon Manor Property, LLC",2012/04/11 00:00:00+00,2012/03/16 00:00:00+00,,,1.19,1,,Institutional, ,1,, , ,0, , ,0,01bff42f-2b44-48d1-9066-8cf6b2941cb6,PROJ-2726,2012,adding parking spaces,PROJ-2726,Devon Manor Property,69544.3375614617,1879.123721701
1182,LD-3-12-5733,Baxter Properties,2012/04/18 00:00:00+00,2012/03/21 00:00:00+00,2012/09/12 00:00:00+00,2012/09/13 00:00:00+00,8.75,114,,Residential,Apartment,114,Age Restricted Housing/Retirement, , ,0, , ,0,573581b9-890d-4af8-82bd-e1fb602f0a93,SUB-11206,2012,Proposed 114 age restricted apartment units in 1 building and changing parking.,SUB-11206,WEST GOSHEN BUSINESS PARK LOT 8,460364.638399122,3876.3845520338
1183,LD-3-12-5738,Phoenixville Borough Hall,2012/04/20 00:00:00+00,2012/03/26 00:00:00+00,2012/05/08 00:00:00+00,2012/07/18 00:00:00+00,3.7,1,20472,Institutional,Addition to Existing,1,, , ,0, , ,0,70dd1c4e-a2f3-4464-af31-04ba6ca6e0cf,002-01-06,2012,"proposed Borough Hall building addition and changing parking.

see previous review 11458-7.",002-01-06,Phoenixville Borough Hall,159152.005918234,3132.45388523611
1184,LD-3-13-7529,Berwyn Fire Company,2013/03/25 00:00:00+00,2013/03/01 00:00:00+00,2013/12/02 00:00:00+00,2013/12/11 00:00:00+00,0.68,1,,Commercial,Parking Lot/Garage,1,, , ,0, , ,0,dd27bf17-637c-45d6-86fd-9b9845997ead,PROJ-3172,2013,Proposed parking lot expansion. Also see SD-3-13-7528,PROJ-3172,Berwyn Fire Company,27576.4381301142,739.343836736627
1185,LD-3-13-7570,Timothy School Development Fund,2013/04/01 00:00:00+00,2013/03/04 00:00:00+00,,,2.57,2,429,Institutional,Addition to Existing,2,, , ,0, , ,0,95432a4e-c35d-4b22-bf1d-614fafa5e84e,PROJ-2125,2013,Two proposed building additions and concrete walkway ,PROJ-2125,Timothy School Development Fund,105712.03688667,1822.31108526847
1186,LD-3-13-7589,"Scarlett Hill, LP",2013/04/03 00:00:00+00,2013/03/08 00:00:00+00,,,2.11,1,16800,Commercial, ,1,, , ,0, , ,0,d771f5bc-8830-4caf-99ac-ffcb3544a983,PROJ-3185,2013,Proposed building and parking,PROJ-3185,"Scarlett Hill, LP",66873.1659140952,1300.98820719621
1187,LD-3-13-7612,Trevdan Building Supply,2013/04/11 00:00:00+00,2013/03/12 00:00:00+00,,,1.15,2,6900,Commercial,Warehouse,1,,Commercial,Office Building,1, , ,0,3b5e884b-e11f-457d-9a12-e96759e5c7b2,PROJ-3194,2013,1 proposed building and parking (warehouse and office),PROJ-3194,Trevdan Building Supply,365923.04058011,2424.35253180562
1188,LD-3-13-7630,First Resource Bank 800 Pottstown Pike,2013/04/05 00:00:00+00,2013/03/19 00:00:00+00,2013/11/11 00:00:00+00,2013/11/20 00:00:00+00,1.14,1,,Commercial,Parking Lot/Garage,1,, , ,0, , ,0,06c3ed23-09f1-4da3-96bc-0ae183b2217f,PROJ-1301,2013,Proposed parking and realigned drive-thru and entrance,PROJ-1301,First Presbyterian Church of West Chester,57539.6640064419,1019.78509375703
1189,LD-3-14-9397,Fern Hill Elementary School Addition,2014/04/02 00:00:00+00,2014/03/10 00:00:00+00,2013/07/09 00:00:00+00,2015/01/08 00:00:00+00,16.77,1,16578,Institutional,Addition to Existing,1,, , ,0, , ,0,a39d8ca7-34b1-46d3-90fb-be4c36ac506f,PROJ-3581,2014,"Proposed classroom, cafeteria, and entrance enclosure building additions",PROJ-3581,Fern Hill Elementary School Building Addition,703305.691095351,3712.11345207824
1190,LD-3-14-9455,Community Evangelical Free Church,2014/04/07 00:00:00+00,2014/03/17 00:00:00+00,2015/07/07 00:00:00+00,2015/07/31 00:00:00+00,12,1,14822,Institutional,Addition to Existing,1,, ,Religious Organization,0, , ,0,dd63fc40-d5bc-4a63-89c6-3decb0632d53,PROJ-3600,2014,proposed building addition and changing parking,PROJ-3600,Community Evangelical Free Church,558473.50630912,3098.31087575635
1191,LD-3-14-9476,Chesterbrook Shopping Center,2014/04/16 00:00:00+00,2014/03/21 00:00:00+00,2015/05/11 00:00:00+00,2015/05/20 00:00:00+00,12.97,125,13657,Residential,Townhouse,124,,Commercial,Addition to Existing,1, , ,0,33726118-f470-464b-8954-e98ee8435a79,PROJ-3605,2014,"demolish most of shopping center building, 2 proposed additions to remaining building. 124 proposed townhouses in 30 buildings. reducing parking.",PROJ-3605,Chesterbrook Shopping Center,561580.092125058,3178.72875254634
1192,LD-3-14-9477,Pacer Industries,2014/04/23 00:00:00+00,2014/03/24 00:00:00+00,2014/09/16 00:00:00+00,2014/10/10 00:00:00+00,22.07,1,16825,Industrial, ,1,, , ,0, , ,0,97a08cff-978c-4dbf-9e66-e90b5d09bdb2,SUB-05118,2014,proposed building and covered loading dock. (no water/sewer needed),SUB-05118,PACER INDUSTRIES INC,904749.015808852,4299.62806682046
1193,LD-3-14-9481,Stillman Volvo,2014/04/10 00:00:00+00,2014/03/26 00:00:00+00,,,4.09,1,1187,Commercial,Addition to Existing,1,, , ,0, , ,0,8bbe28dc-604b-4f7a-9b6e-a27ef585a297,SUB-07763,2014,proposed building addition. see previous review 7763-5.,SUB-07763,KNOLLS OF BIRMINGHAM,162730.905704488,1730.17349577258
1194,LD-3-15-11385,Canine Partners for Life,2015/03/27 00:00:00+00,2015/02/27 00:00:00+00,2015/11/10 00:00:00+00,2015/11/24 00:00:00+00,45.3,2,13859,Institutional,Addition to Existing,1,office,Institutional, ,1, , ,0,39f6fa20-aa83-47ad-9e33-f03ff8a9ab66,PROJ-3918,2015,"proposed training barn, addition to office building and parking",PROJ-3918,Canine Partners for Life,1975620.82003815,6011.40610070174
1195,LD-3-15-11389,"Tredyffrin Easttown School District, District Maintenance and Storage Building",2015/03/24 00:00:00+00,2015/03/02 00:00:00+00,2015/05/21 00:00:00+00,2017/03/29 00:00:00+00,17.53,1,11600,Institutional,Educational Facility,1,, , ,0, , ,0,94199258-e849-46ae-89de-23355ae00c18,PROJ-3983,2015,Demolish current building and construct new building and parking. also see SD-3-15-11388.,PROJ-3983,Tredyffrin Easttown School District District Maint,719700.345581778,4271.03963723898
1196,LD-3-15-11393,2015 Temple Building ACMEC,2015/04/01 00:00:00+00,2015/03/03 00:00:00+00,2015/06/15 00:00:00+00,2015/06/18 00:00:00+00,12.2,1,608,Institutional,Religious Organization,1,, , ,0, , ,0,26a94043-3348-442c-9943-536a6f23d6fd,PROJ-3985,2015,"proposed bldg and parking. see previous review 12246.
Plan resubmitted for endorsement 5/13/2016 GPB.  New Muni. Approval 4/25/2016",PROJ-3985,2015 Temple Building ACMEC,944549.616085965,4695.11549500214
1197,LD-3-15-11409,28 Bridge Avenue,2015/04/02 00:00:00+00,2015/03/09 00:00:00+00,2015/06/15 00:00:00+00,2016/04/25 00:00:00+00,0.53,9,,Residential,Townhouse,9,, , ,0, , ,0,1dfc0332-fd04-43d4-8577-7a4f9d1b2f58,PROJ-3990,2015,demolish existing bldg and construct 9 townhouses,PROJ-3990,28 Bridge Avenue,17823.0069444878,552.989357337082
1198,LD-3-15-11415,Wilmer Weaver Poultry Operation,2015/04/08 00:00:00+00,2015/03/09 00:00:00+00,2015/07/22 00:00:00+00,2016/10/27 00:00:00+00,96.5,1,27500,Commercial, ,1,turkey barn, , ,0, , ,0,3518667a-f7fa-490c-8249-1109885bf712,PROJ-3992,2015,proposed turkey barn. see previous review 12248-2,PROJ-3992,Wilmer Weaver Poultry Operation,4107822.41972619,11087.4837624052
1199,LD-3-15-11432,Donald Kauffman Poultry Operation,2015/04/10 00:00:00+00,2015/03/13 00:00:00+00,2015/08/11 00:00:00+00,2015/08/13 00:00:00+00,46.5,2,38150,Commercial, ,2,turkey barn and compost bldg, , ,0, , ,0,1e10809e-0798-4bbc-918b-5e95ed961ff4,PROJ-4001,2015,"2 proposed bldgs, turkey barn and compost bldg. see previous review 10458-2",PROJ-4001,Donald Kauffman Poultry Operation,1997869.99395745,6048.40502764459
1200,LD-3-15-11461,David B. & Lydia B. Miller,2015/04/15 00:00:00+00,2015/03/16 00:00:00+00,2015/12/03 00:00:00+00,2015/12/29 00:00:00+00,10.67,1,,Agricultural,Farm/Pasture Land,1,, , ,0, , ,0,e83177e9-7d6f-4648-950e-c8df174f29c6,PROJ-4010,2015,"proposed barn, greenhouse, and addition to house on existing lot",PROJ-4010,David B. & Lydia B. Miller,435818.911639404,2907.0834048794
1201,LD-3-15-11462,Mayfair,2015/04/06 00:00:00+00,2015/03/16 00:00:00+00,,,32.31,112,,Residential,Townhouse,112,, , ,0, , ,0,d8be2a83-76c3-43cd-ba71-c719ccf59a8a,PROJ-4011,2015,"112 proposed townhouses, roads and parking.",PROJ-4011,Mayfair,1365584.19951741,5382.78149394008
1202,LD-3-15-11469,CJK Investments,2015/04/01 00:00:00+00,2015/03/18 00:00:00+00,,,39.9,180,,Residential,Townhouse,180,, , ,0, , ,0,5b46da7c-3ad4-41ea-84a4-062a964f973a,PROJ-3096,2015,"180 proposed townhouses, roads, and parking",PROJ-3096,Jerry Eller TA E & H Conveyors,1764106.73678874,6281.84158711906
1203,LD-3-15-11497,Fillmore Village - Phase 2,2015/04/01 00:00:00+00,2015/03/17 00:00:00+00,2015/09/08 00:00:00+00,2016/04/12 00:00:00+00,20.58,6,,Residential,Townhouse,6,, , ,0, , ,0,7eea35e9-cfff-4e63-bd61-b00339cc9637,PROJ-2635,2015,"revision to phase 2 plan, proposed is: 6 townhouses (#142-147), a road (Rollins Alley) and 3 parking spaces. see previous review LD-8-12-6519.",PROJ-2635,Fillmore Village and Franklin Commons,896703.686674263,12914.1459273459
1204,LD-3-15-11498,Frank H. III & Angela Tompson Lobb,2015/04/02 00:00:00+00,2015/03/23 00:00:00+00,2015/09/08 00:00:00+00,2015/12/10 00:00:00+00,4.35,1,5760,Commercial, ,1,, , ,0, , ,0,c4beff21-dc5b-40cd-b180-cc6327770e88,SUB-12365,2015,proposed building and demolishing house. see previous review LD-5-13-7964.,SUB-12365,"FRANK H. LOBB, III",170079.313873897,1836.46895860058
1205,LD-3-15-11540,The Proposed Phelps Center,2015/04/13 00:00:00+00,2015/03/25 00:00:00+00,2016/09/12 00:00:00+00,2017/08/18 00:00:00+00,64.98,1,22500,Institutional,School,1,, , ,0, , ,0,d9e0a03a-32a7-46ad-9d2d-508d9143f462,PROJ-4017,2015,"proposed gymnasium, parking, and roadway. see previous review 3018-13. also see SD-3-15-11539.",PROJ-4017,Phelps School,2800897.587486,8140.27769497464
1206,LD-3-15-11542,Devon Elementary School,2015/04/13 00:00:00+00,2015/03/25 00:00:00+00,2016/05/04 00:00:00+00,2016/07/21 00:00:00+00,13.82,1,,Institutional,School,1,, , ,0, , ,0,67e6b455-e67e-4811-932e-4a322e65c58e,SUB-09437,2015,changes to parking. also see SD-3-15-11541.,SUB-09437,DEVON ELEMENTARY SCHOOL,613949.46736364,3912.03934109546
1207,LD-3-16-13387,"Pine View Enterprises, Inc.",2016/03/30 00:00:00+00,2016/02/29 00:00:00+00,,,7.61,2,14600,Commercial, ,2,, , ,0, , ,0,d3290ee8-e93e-47af-b44f-60338fca87af,PROJ-4279,2016,2 proposed buildings and parking. see previous review SD-5-12-6116.,PROJ-4279,"Pine View Enterprises, Inc.",323367.061784977,2267.52078068504
1208,LD-3-16-13392,ACAC Fitness & Wellness Center,2016/03/18 00:00:00+00,2016/03/01 00:00:00+00,,,17.46,1,6000,Commercial,Addition to Existing,1,, , ,0, , ,0,86188fca-6ee2-4258-a7ff-1c5d02601431,PROJ-4282,2016,proposed building addition. see previous review 6506-26.,PROJ-4282,ACAC Fitness & Wellness Center,882280.368612512,4211.10988772791
1209,LD-3-16-13408,East Vincent Township Building,2016/03/23 00:00:00+00,2016/03/03 00:00:00+00,2016/05/20 00:00:00+00,2019/11/19 00:00:00+00,23.55,3,21507,Institutional, ,3,, , ,0, , ,0,5c8598e0-92b4-4e98-866d-39f953e3c19e,PROJ-4283,2016,"2 lots into 1. demolish existing township buildings and construct new police & admin, garage and salt shed. also adding parking.",PROJ-4283,East Vincent Township Building,1009157.74219495,4167.33129598079
1210,LD-3-16-13415,Rushton Conservation Center,2016/03/23 00:00:00+00,2016/03/04 00:00:00+00,2017/10/30 00:00:00+00,2017/11/03 00:00:00+00,85.87,1,2765,Institutional,Unique,1,, , ,0, , ,0,3785272c-caca-4dfb-9323-2dae0d0125c6,PROJ-4285,2016,proposed building and parking. also see SD-3-16-13414.,PROJ-4285,Rushton Conservation Center,3633894.23626437,8217.02382728186
1211,LD-3-16-13446,400 Line Road,2016/03/22 00:00:00+00,2016/03/14 00:00:00+00,2016/08/03 00:00:00+00,2016/08/04 00:00:00+00,5.18,1,13500,Industrial,Warehouse,1,, , ,0, , ,0,61b37396-ec30-4f57-b0c8-24e7d0bf713b,PROJ-4289,2016,proposed distribution facility building,PROJ-4289,400 Line Road,206910.059639546,1821.28014052536
1212,LD-3-16-13479,4 Midland Avenue,2016/04/01 00:00:00+00,2016/03/17 00:00:00+00,,,0.75,16,,Residential,Apartment,16,, , ,0, , ,0,8ecb3633-fefd-4707-b371-c4199048f846,PROJ-4290,2016,Demolish existing building and build 2 multifamily buildings with 8 condos in each building,PROJ-4290,4 Midland Avenue,31335.1006220641,728.184335157053
1213,LD-3-16-13484,Health and Wellness Suites of Exton,2016/04/05 00:00:00+00,2016/03/21 00:00:00+00,2016/05/11 00:00:00+00,2017/03/20 00:00:00+00,5.67,1,80565,Institutional,Nursing Home/Assisted Living,1,, , ,0, , ,0,ee93161c-0323-4bae-b716-ce39cef80b3c,PROJ-4292,2016,"Build 80,565 square foot skilled Nursing Facility.  Refer to SD-3-16-13483 for concurrent lot consolidation plan.",PROJ-4292,Health and Wellness Suites of Exton,265044.098638479,2036.36141245351
1214,LD-3-16-13485,James J. Terry Funeral Home,2016/04/15 00:00:00+00,2016/03/21 00:00:00+00,2016/12/20 00:00:00+00,2016/12/22 00:00:00+00,2.66,1,9359,Commercial,Unique,1,Funeral Home, , ,0, , ,0,6a2f96de-b8de-4276-978b-e4adb5804b73,PROJ-4293,2016,"Build 9,359 SF Funeral Home and parking",PROJ-4293,James J. Terry Funeral Home,97622.8659383708,1263.62471422916
1215,LD-3-16-13488,Reserve at West Goshen,2016/04/01 00:00:00+00,2016/03/21 00:00:00+00,2016/06/29 00:00:00+00,2016/09/21 00:00:00+00,4.07,28,,Residential,Townhouse,28,, , ,0, , ,0,8943a5be-9509-4ac6-9caf-d83219487caa,PROJ-4294,2016,Demolish all existing structures and build 28 townhouse units,PROJ-4294,Reserve at West Goshen,171674.993296329,1998.99692379824
1216,LD-3-16-13527,Marquis at Exton,2016/04/13 00:00:00+00,2016/03/24 00:00:00+00,,,21.5,240,,Residential,Apartment,240,, , ,0, , ,0,ba2fd9e9-c841-4cbf-8f3c-f5d7eb86ef03,PROJ-4297,2016,"construct 6 apartment buildings with 240 units, a clubhouse, parking, and open space.",PROJ-4297,Marquis at Exton,894460.34439037,4033.90502572973
1217,LD-3-16-13540,Atwater Village Commercial,2016/04/11 00:00:00+00,2016/03/29 00:00:00+00,,,22.34,3,20127,Commercial,Retail,1,,Commercial,Restaurant,2, , ,0,35aa7ed9-c427-4512-94a7-faeea43a7dcf,PROJ-4027,2016,"3  proposed buildings, Wawa/gas station and 2 restaurant/retail. second review. see previous review LD-2-16-13281.
",PROJ-4027,Atwater Village Commercial,982427.725656886,5604.96797336607
1218,LD-3-16-13554,DeDominicis Landscaping,2016/04/12 00:00:00+00,2016/03/30 00:00:00+00,,,2.2,2,11250,Commercial, ,2,, , ,0, , ,0,f833cc33-2452-4620-8f78-20f5240c54ad,PROJ-4299,2016,"Construct 11,250 SF commercial building and 6 landscape storage bins",PROJ-4299,DeDominicis Landscaping,91697.4519908023,1435.17778182284
1219,LD-4-10-1641,1004 Saunders Lane,2010/04/28 00:00:00+00,2010/04/02 00:00:00+00,2010/06/09 00:00:00+00,2010/06/17 00:00:00+00,5.65,1,5324,Industrial, ,1,2 connecting storag pole blds. and addition to garage., , ,0, , ,0,c42426d5-cb2e-404b-924a-e587e9dfd847,PROJ-1340,2010,"2 connection storage pole bldgs, 1 garage addition",PROJ-1340,1004 Saunders Lane,216524.973597748,2010.51306303337
1220,LD-4-10-1670,Jennersville Regional Hospital,2010/05/07 00:00:00+00,2010/04/08 00:00:00+00,2010/12/15 00:00:00+00,2010/12/17 00:00:00+00,30.6,2,13631,Institutional,Hospital,2,, , ,0, , ,0,e64c86b5-197b-4abd-963a-483a623e7959,PROJ-1353,2010,"building addition to hospital and parking changes on 2 parcels.
acreage taken from GIS.",PROJ-1353,Jennersville Hospital Addition,792489.818167936,3787.24035210526
1221,LD-4-10-1705,Sadsbury Commons L.P.,2010/05/13 00:00:00+00,2010/04/13 00:00:00+00,2012/05/23 00:00:00+00,2012/05/24 00:00:00+00,4.16,1,40000,Commercial,Medical Building,1,, , ,0, , ,0,b6af95e7-79a0-4934-9fd4-19ce5f7609b8,PROJ-1333,2010,2 story medical office bldg. see previous review 4904-6,PROJ-1333,Sadsbury Commons Town Center,2640864.07316438,7335.3218192896
1222,LD-4-10-1799,Eagleview Lot 52,2010/05/24 00:00:00+00,2010/04/26 00:00:00+00,,,10.63,1,30160,Commercial,Office Building,1,, , ,0, , ,0,8660d814-c3f5-4c20-b84f-15a319104367,PROJ-1361,2010,"1 proposed building and parking
see prior review # 8132-28,29",PROJ-1361,Eagleview Lot 52,457590.310726766,4496.85466040809
1223,LD-4-10-1810,C.C.T.C.H.S. - Parking Expansion,2010/05/21 00:00:00+00,2010/04/22 00:00:00+00,2011/06/01 00:00:00+00,2011/08/22 00:00:00+00,83.26,2,,Institutional,Parking Lot/Garage,2,Pennock's Bridge Campus Parking Expansion, , ,0, , ,0,5761ef99-67de-4da6-bb92-3f1fd7b2608c,PROJ-1100,2010,parking expansion on 2 parcel site,PROJ-1100,Chester County Intermediate Unit,3510783.83920145,9008.63237268637
1224,LD-4-11-3894,Jacob Yasgur,2011/04/27 00:00:00+00,2011/04/01 00:00:00+00,2011/05/16 00:00:00+00,2011/06/21 00:00:00+00,2.47,1,300,Commercial,Addition to Existing,1,Adding deck to barn. Received conditional use approval from township to restore barn for architect or professional office. There is an existing residential dwelling on the property., , ,0, , ,0,993d6eb7-b15c-4672-9d04-39564222dd34,PROJ-2181,2011,Construct new deck and parking. See previous review # 12247.,PROJ-2181,Jacob Yasgur,373792.740524321,2762.31088633535
1225,LD-4-11-3910,Magnolia Place,2011/05/05 00:00:00+00,2011/04/05 00:00:00+00,2013/03/13 00:00:00+00,2013/04/02 00:00:00+00,8.39,34,13200,Residential,Apartment,33,,Commercial,Unique,1, , ,0,9bffd84c-6dbe-4b42-bcb7-88387399a69e,PROJ-2185,2011,"Construct new mixed use building and parking. See previous review # 11085-2. Also see SD-4-11-3909.

Also signed:
1/8/2014
1/9/2014
JK",PROJ-2185,Magnolia Place,308300.887809134,2534.33346899521
1226,LD-4-11-3918,"Building 388 - Phase II, Lot 2",2011/05/11 00:00:00+00,2011/04/11 00:00:00+00,2011/06/13 00:00:00+00,2011/08/26 00:00:00+00,4.55,1,25336,Industrial,Warehouse,1,, , ,0, , ,0,f35aaa01-e532-4a4a-8e06-a9ec51bd431c,PROJ-2184,2011,"Construct warehouse with office space and parking. See previous review # 7953-16.

Noted on plan - parking was counted at 66 spaces.",PROJ-2184,Highlands Corporate Center Phase II Lot 2 Gilberts,197311.93720017,1889.04237020451
1227,LD-4-11-3948,"220 Chestnut Associates, L.P.",2011/05/09 00:00:00+00,2011/04/11 00:00:00+00,2011/07/20 00:00:00+00,2011/08/05 00:00:00+00,1.29,121,1142,Residential,Apartment,120,,Commercial,Unique,1, , ,0,605f67f1-7490-4572-9d9e-a1e8e85de00c,SUB-12154,2011,Construct 120 apartment units with commercial space and 2 parking levels. See previous review # 12154-2. Also see SD-4-11-3947.,SUB-12154,220 EAST CHESTNUT STREET SD,57676.1175973258,1100.81142630091
1228,LD-4-11-3979,Tel Hai Retirement Community Phase 2,2011/05/20 00:00:00+00,2011/04/22 00:00:00+00,2011/08/18 00:00:00+00,2011/08/19 00:00:00+00,133.63,55,,Residential,Townhouse,55,, , ,0, , ,0,30bef046-302c-426b-8043-ddefdf8eadbc,PROJ-1771,2011,"Construct 55 residential cottage units, pump station and parking.",PROJ-1771,Tel Hai Phase 2-5,5729015.4814694,17197.9587775115
1229,LD-4-11-4026,26 Main Avenue LLC,2011/05/12 00:00:00+00,2011/04/12 00:00:00+00,,,0.29,4,,Residential,Townhouse,4,2 twin units, , ,0, , ,0,9aaf808f-6d1c-4282-904a-7c8713a3f965,PROJ-2211,2011,Remove existing dwelling and accessory structure and replace with 2 twin units and parking.,PROJ-2211,26 Main Avenue LLC,12457.4902296659,481.615594958624
1230,LD-4-12-5798,Baptist Church of the Great Valley,2012/04/20 00:00:00+00,2012/03/28 00:00:00+00,,,14.3,1,3416,Institutional,Addition to Existing,1,, ,Religious Organization,0, , ,0,01e0f7ab-0135-49a4-a2f5-4c68b97f88fc,PROJ-2747,2012,2 building additions to 1 building (church),PROJ-2747,Baptist Church of the Great Valley,611470.582133368,3651.00913512125
1231,LD-4-12-5802,Valley Township Dental Office,2012/04/27 00:00:00+00,2012/03/30 00:00:00+00,2012/11/20 00:00:00+00,2013/02/25 00:00:00+00,1.21,1,,Commercial,Medical Building,1,Dental Office, , ,0, , ,0,9d4a4f58-1d03-46a7-8e46-b4c93aeb64bd,PROJ-2748,2012,convert existing house to dental office and add parking,PROJ-2748,Valley Township Dental Office,53827.0714312009,936.060173303623
1232,LD-4-12-5815,Linda Pierce,2012/04/18 00:00:00+00,2012/03/29 00:00:00+00,2012/12/10 00:00:00+00,2012/12/13 00:00:00+00,2.49,1,,Industrial, ,1,, , ,0, , ,0,1f62146b-526d-416f-854f-bec6198f291f,SUB-12020,2012,"proposed parking

see also SD-4-12-5814",SUB-12020,LINDA S. PIERCE,98860.4779958119,1325.8341427168
1233,LD-4-12-5826,Atwater Phase B - Lot 14,2012/05/01 00:00:00+00,2012/04/05 00:00:00+00,2012/06/13 00:00:00+00,2012/06/19 00:00:00+00,24.84,2,314084,Commercial,Office Building,2,, , ,0, , ,0,a4925804-c080-4378-aa5c-56717b343a32,PROJ-2488,2012,"construct 2 office buildings (with connector) and parking.

see previous reviews LD-9-11-4883 and SD-9-11-4882.",PROJ-2488,Lot 14 Atwater Phase B,1059215.27607705,4197.80534083626
1234,LD-4-12-5833,Immaculata University,2012/05/01 00:00:00+00,2012/04/05 00:00:00+00,2012/06/13 00:00:00+00,2012/09/20 00:00:00+00,150.8,1,38896,Institutional,Addition to Existing,1,, ,School,0, , ,0,f0c48074-5cdc-4a58-abbb-651f38cd2603,PROJ-2754,2012,"2 proposed additions to 1 building & parking.

see previous review LD-8-10-2582.",PROJ-2754,Immaculata University Camilla Hall,6591426.02529029,15157.6402989927
1235,LD-4-12-5840,Warwick County Park - Phase 1,2012/05/04 00:00:00+00,2012/04/06 00:00:00+00,2012/07/11 00:00:00+00,2012/07/31 00:00:00+00,199.3,1,1800,Institutional,Park,1,, , ,0, , ,0,90cdac19-8dae-4725-932a-2e0fdb4098e1,PROJ-2760,2012,"construct park office, pavilion and parking",PROJ-2760,Warwick County Park ,8630365.26991296,16321.311803642
1236,LD-4-12-5887,Eagleview Lot # 5,2012/05/16 00:00:00+00,2012/04/18 00:00:00+00,2013/05/13 00:00:00+00,2012/07/16 00:00:00+00,23.45,1,71400,Commercial,Office Building,1,, , ,0, , ,0,80cabdc7-b893-481d-baa2-7d9b3eedc2e5,PROJ-2775,2012,"proposed office building, parking, rain gardens and vacating the road right-of-way. 

see previous reviews 8132-23-B and 7364-32",PROJ-2775,Eagleview Lot 5,1007326.57690477,5966.17975881624
1237,LD-4-12-5891,"Wawa, Inc. Proposed Diesel Fuel Mod",2012/05/11 00:00:00+00,2012/04/18 00:00:00+00,2012/07/16 00:00:00+00,2012/08/21 00:00:00+00,4.1,1,,Commercial,Convenience Store,1,Wawa, , ,0, , ,0,b321a29f-64fa-46f9-9cb6-0a47ae217091,SUB-10510,2012,"Full plan title: Wawa, Inc. Proposed Diesel Fuel Modifications

changes to fuel pumps and signs",SUB-10510,WAWA,175535.476533994,1671.87871823124
1238,LD-4-12-5893,Mars Drinks,2012/05/11 00:00:00+00,2012/04/20 00:00:00+00,2013/08/20 00:00:00+00,2013/09/11 00:00:00+00,29.3,1,,Industrial, ,1,, , ,0, , ,0,1822eaa8-5b1a-4f0b-8b91-7d79aee5243a,PROJ-2777,2012,changing paving and parking to reduce impervious coverage,PROJ-2777,Mars Drinks,1253227.88873421,5351.28116135559
1239,LD-4-12-5898,PNC Bank & Rite Aid,2012/05/17 00:00:00+00,2012/04/20 00:00:00+00,,,2.38,2,15201,Commercial,Bank,1,PNC Bank,Commercial,Retail,1, , ,0,d714ad1d-5b5a-4618-849d-06892d9a6754,PROJ-2780,2012,redevelop 2 lots with proposed Rite Aid and PNC Bank. change parking also.,PROJ-2780,Rite Aid Pharmacy & PNC Bank,114755.571780925,1628.83574137513
1240,LD-4-12-5903,"Environmental Standards, Inc.",2012/05/21 00:00:00+00,2012/04/23 00:00:00+00,2012/09/11 00:00:00+00,2012/09/12 00:00:00+00,5.09,1,19600,Commercial,Addition to Existing,1,, , ,0, , ,0,e56a03a1-0779-4f97-81a1-aacb43290b02,SUB-04854,2012,"2 proposed building additions in 2 phases. parking in 2 phases also.

see previous review 4854-6.",SUB-04854,"ENVIRONMENTAL STANDARDS, INC. SD",232159.287262634,2459.9787517827
1241,LD-4-12-5909,West Goshen Shopping Center,2012/05/15 00:00:00+00,2012/04/24 00:00:00+00,2012/07/11 00:00:00+00,2012/08/02 00:00:00+00,33.47,1,46000,Commercial, ,1,proposed health club and spa, , ,0, , ,0,72a78894-edff-4690-b767-3a55802d6380,PROJ-2783,2012,"demolish 41,200 square feet of shopping center, including the Chester County Bookstore, and replace with a health club and spa.

see previous review 8690-9.",PROJ-2783,West Goshen Shopping Center,1402458.68016528,5245.39181291045
1242,LD-4-13-7724,Lincoln Court Shopping Center,2013/05/01 00:00:00+00,2013/04/05 00:00:00+00,2014/09/10 00:00:00+00,2016/12/13 00:00:00+00,23.2,8,16000,Commercial,Addition to Existing,8,, ,Retail,0, , ,0,f65f972b-8769-4e8a-bf66-e51a66922d27,SUB-06249,2013,"demolish building and construct a building addition for 8 stores and parking. see previous review 6249-4 (July 2003-parking lot expansion, no record of approval)",SUB-06249,LINCOLN COURT SHOPPING CENTER PHASE II LD,1007997.21406823,4793.58773866153
1243,LD-4-13-7763,Kindergarten Center Modulars,2013/04/23 00:00:00+00,2013/04/10 00:00:00+00,2013/07/18 00:00:00+00,2013/07/18 00:00:00+00,7.4,1,8320,Institutional,School,1,, , ,0, , ,0,9b79afff-86d5-4be2-af2a-ac2970bc9340,SUB-12546,2013,"Proposed kindergarten modular classrooms

See previous review 12546",SUB-12546,PHOENIXVILLE KINDERGARTEN L/D,322749.827678993,2335.19293520307
1244,LD-4-13-7769,Amos L. Petersheim,2013/05/15 00:00:00+00,2013/04/15 00:00:00+00,2013/05/20 00:00:00+00,2013/06/19 00:00:00+00,3.23,1,3990,Commercial,Addition to Existing,1,, , ,0, , ,0,6a536c57-2028-456d-b920-d1d1f5b8dbd2,SUB-12488,2013,proposed greenhouse/sales building and parking. see previous review SD-10-10-3015.,SUB-12488,AMOS L PETERSHEIM,131663.334591711,1558.66660957787
1245,LD-4-13-7773,"220 Chestnut Associates, LP",2013/05/08 00:00:00+00,2013/04/11 00:00:00+00,2013/05/14 00:00:00+00,2013/12/11 00:00:00+00,2.21,208,4675,Residential,Apartment,206,,Commercial,Retail,2, , ,0,37232d32-bcab-4624-a255-c939b6c11b94,PROJ-2334,2013,"Proposed apartment building and retail space. also see SD-4-13-7772.

See previous review LD-6-12-6298.
",PROJ-2334,220 East Chestnut Street Apartments,96547.4064806933,1557.73296083642
1246,LD-4-13-7782,"Keldrer Enterprises, LLC",2013/05/17 00:00:00+00,2013/04/17 00:00:00+00,2013/07/01 00:00:00+00,2013/07/08 00:00:00+00,3.16,1,6400,Commercial,Unique,1,Proposed 2-story accessory storage building, , ,0, , ,0,e07b5e2c-841f-4344-9c1b-0229774debde,PROJ-3237,2013,Proposed 2-story accessory storage building,PROJ-3237,"Keldrer Enterprises, LLC",129631.137952034,1723.08658372638
1247,LD-4-13-7784,Valley Forge Military Academy,2013/05/08 00:00:00+00,2013/04/15 00:00:00+00,2013/06/20 00:00:00+00,2013/07/10 00:00:00+00,33.3,1,496,Institutional,School,1,, , ,0, , ,0,c902a071-da2d-4257-b585-8a449110cfd3,PROJ-3238,2013,proposed pavilion (rest room and storage),PROJ-3238,Valley Forge Military Academy,1337176.55786975,6652.65664287569
1248,LD-4-13-7841,Chaddwell Clubhouse,2013/05/09 00:00:00+00,2013/04/26 00:00:00+00,2013/08/28 00:00:00+00,2013/09/27 00:00:00+00,46.54,2,4800,Residential,Apartment,2,, , ,0, , ,0,31ecd9df-8298-4465-895b-70d721206ff7,PROJ-3250,2013,demolish and build a new community center and pool house. also changing parking. ,PROJ-3250,Chaddwell Clubhouse,1994966.25027861,8708.3014093471
1249,LD-4-14-9552,Brandywine Health Foundation,2014/04/18 00:00:00+00,2014/04/02 00:00:00+00,2015/04/15 00:00:00+00,2015/04/24 00:00:00+00,1.11,1,2934,Commercial,Addition to Existing,1,, , ,0, , ,0,cdd12ca2-a170-451f-b411-e6d05f91ed67,PROJ-3624,2014,building addition and changing parking,PROJ-3624,Brandywine Health Foundation,48829.026309049,883.367335373933
1250,LD-4-14-9553,"Westbrook IP, LLC-176 Westbrook Dri",2014/05/07 00:00:00+00,2014/04/07 00:00:00+00,2014/08/13 00:00:00+00,2015/04/14 00:00:00+00,9.91,1,0,Industrial,Addition to Existing,1,, , ,0, , ,0,c14b96ce-7a80-496b-a0d9-66fac52a435d,SUB-05379,2014,"Full plan title: Westbrook IP, LLC-176 Westbrook Drive. building addition and parking. see previous review 5379-12.",SUB-05379,MCCONNELL PARK LOT 4 LD,1639463.2757916,6766.64377336335
1251,LD-4-14-9577,Proposed building addition for St P,2014/05/02 00:00:00+00,2014/04/08 00:00:00+00,2014/07/14 00:00:00+00,2014/08/22 00:00:00+00,6.33,1,1300,Institutional,Addition to Existing,1,, , ,0, , ,0,abed4329-d9c5-40c8-a239-0c2e576a4756,PROJ-3628,2014,"Full plan title: Proposed building addition for St Pauls Lutheran Church.

proposed building addition and parking. also see SD-4-14-9576.",PROJ-3628,Proposed building addition for St Pauls Lutheran C,269978.088533308,2155.64205372414
1252,LD-4-14-9582,Mollie Cameron,2014/05/08 00:00:00+00,2014/04/08 00:00:00+00,2015/02/10 00:00:00+00,2015/02/19 00:00:00+00,53.69,1,26036,Agricultural,Farm/Pasture Land,1,, , ,0, , ,0,9e48dc00-489a-464c-a7fd-a3b97718f9b8,PROJ-3629,2014,"Proposed Riding Arenas (2), stable, shed, parking, etc.",PROJ-3629,Mollie Cameron,2174145.63658332,6772.91530921954
1253,LD-4-14-9607,Benjamin K. & Barbara S. Lapp,2014/05/09 00:00:00+00,2014/04/09 00:00:00+00,2014/09/18 00:00:00+00,2014/09/23 00:00:00+00,15,1,,Residential,Single Family Residential,1,, , ,0, , ,0,f72a3c9e-ccba-49e0-9699-a580ba1f0444,SUB-04441,2014,proposed house on existing lot. see previous review 12515,SUB-04441,BARLEY FARMS SD,621077.332081585,3557.13666703443
1254,LD-4-14-9617,Lot 18 Commons at Great Valley,2014/05/09 00:00:00+00,2014/04/10 00:00:00+00,2014/10/06 00:00:00+00,2015/02/26 00:00:00+00,7.84,10,48477,Commercial,Hotel/Resort/Inn,1,,Commercial,Restaurant,1,Commercial,Retail,8,c045e394-a991-4dd1-b5c3-7abbd83283b5,PROJ-3637,2014,"proposed hotel and shopping center with restaurant and retail (9 tenants), parking lot also proposed. see previous review 6625-13.",PROJ-3637,Lot 18 Commons at Great Valley,332019.632602411,2354.82972285053
1255,LD-4-14-9681,Reardon Dental,2014/05/12 00:00:00+00,2014/04/18 00:00:00+00,2014/09/17 00:00:00+00,2015/01/22 00:00:00+00,3.44,1,7500,Commercial, ,1,, , ,0, , ,0,5117d28a-5997-41d4-8c0a-c880c95972bb,PROJ-3646,2014,proposed building and additional parking. also see SD-4-14-9680.,PROJ-3646,Reardon Dental,122743.499508856,2296.20228108671
1256,LD-4-14-9704,North Creek Nurseries,2014/05/14 00:00:00+00,2014/04/24 00:00:00+00,,2014/08/04 00:00:00+00,10.65,1,57420,Commercial, ,1,, , ,0, , ,0,97c30b9d-7c4f-4517-a4c6-9882298d21a7,PROJ-3651,2014,demolish existing greenhouses and construct new one,PROJ-3651,North Creek Nurseries,414069.514696093,2826.9395881967
1257,LD-4-15-11611,Proposed Parking Lot Developments a,2015/04/23 00:00:00+00,2015/04/09 00:00:00+00,2015/08/12 00:00:00+00,2015/11/13 00:00:00+00,81.54,1,,Institutional,Educational Facility,1,, , ,0, , ,0,46242438-df89-41a8-81d9-3567ff372bd9,PROJ-4022,2015,Full plan title: Proposed Parking Lot Development at Villa Maria Academy. additional parking proposed.,PROJ-4022,Parking Lot Improvements at Villa Maria Academy,4687498.94449253,8968.80531976791
1258,LD-4-15-11650,Atwater Village Commercial,2015/05/04 00:00:00+00,2015/04/09 00:00:00+00,,,136.2,4,25105,Commercial,Convenience Store,1,,Commercial,Bank,1,Commercial,Unique,2,a756f47b-272f-421d-bd58-3e5bad921a60,PROJ-4027,2015,4 proposed buildings. also see SD-4-15-11649.,PROJ-4027,Atwater Village Commercial,5905599.3841139,16413.5158167813
1259,LD-4-15-11656,"Walton Farms, LLC Dairy Expansion",2015/05/07 00:00:00+00,2015/04/10 00:00:00+00,2015/08/20 00:00:00+00,2015/11/12 00:00:00+00,158.5,1,60196,Commercial, ,1,, , ,0, , ,0,4d972551-dfe6-4d65-b7ca-d9adbf653011,PROJ-4029,2015,1 proposed bldg with several uses for dairy farm.,PROJ-4029,Walton Farms LLC Dairy Expansion,7270433.89332203,12824.837699485
1260,LD-4-15-11684,Willowbrook Lane Lot 2,2015/04/28 00:00:00+00,2015/04/14 00:00:00+00,,,9.28,1,,Commercial, ,1,, , ,0, , ,0,6762ce08-45ff-45bd-ac5b-b140cc9cf3d2,PROJ-4033,2015,additional parking proposed and reduction of SSF of existing bldg(s). also see SD-4-15-11683.,PROJ-4033,Willowbrook Lane Lot 2,415313.104203073,2788.54761000722
1261,LD-4-15-11692,Villa Maria,2015/05/01 00:00:00+00,2015/04/17 00:00:00+00,2015/05/26 00:00:00+00,2015/07/23 00:00:00+00,44.4,1,,Institutional,Educational Facility,1,, , ,0, , ,0,79706eda-1846-4c8c-b4f3-da0f40c13da4,PROJ-3893,2015,proposed turf field. see previous review 6927-3.,PROJ-3893,Villa Maria Multi Purpose Field,1812168.57421702,6021.36330946942
1262,LD-4-15-11697,Senior Living in Eagleview (Lot 24),2015/05/08 00:00:00+00,2015/04/17 00:00:00+00,,,12,288,,Residential,Apartment,288,Age restricted housing/retirement, , ,0, , ,0,4998bf9a-c458-4f2a-9555-837c1f6a2047,PROJ-4035,2015,"proposed senior living facility with 288 apartments, community space, parking, a pond, etc.",PROJ-4035,Eagleview Lot 24,959910.534414136,5812.68316963676
1263,LD-4-15-11711,Idea Lab at Upland Country Day Sch,2015/05/05 00:00:00+00,2015/04/23 00:00:00+00,,,16,1,4440,Institutional,Addition to Existing,1,, , ,0, , ,0,2e3e45ab-286a-46d2-a0a1-b2c33cf5e894,PROJ-4040,2015,addition to existing building,PROJ-4040,Idea Lab at Upland Country Day School,704424.659830134,4099.17936116233
1264,LD-4-15-11718,Mark Property Management LP,2015/05/05 00:00:00+00,2015/04/23 00:00:00+00,2018/11/19 00:00:00+00,2019/02/15 00:00:00+00,1.4,1,15300,Commercial,Warehouse,1,, , ,0, , ,0,3305954c-44a1-4b9e-b8a1-51118e1c0b3d,PROJ-4043,2015,proposed warehouse building (no water or sewer),PROJ-4043,Mark Property Management LP,77602.7185900442,1191.76749846693
1265,LD-4-15-11722,Bryn Mawr Rehabilitation Hosp,2015/05/11 00:00:00+00,2015/04/24 00:00:00+00,2015/09/14 00:00:00+00,2015/09/25 00:00:00+00,35.9,1,,Institutional,Parking Lot/Garage,1,, , ,0, , ,0,c19ca1fd-66e2-4a98-868f-55c3f1a467ac,PROJ-4044,2015,"Full plan title: Bryn Mawr Rehabilitation Hospital, Parking Lot Expansion. parking lot expansion of 48 new spaces to existing lot",PROJ-4044,Bryn Mawr Rehab Hospital Parking Lot Expansion,1538138.45009785,5867.08773017453
1266,LD-4-15-11729,2152 Kimberton Road,2015/05/22 00:00:00+00,2015/04/24 00:00:00+00,,,0.23,1,1710,Commercial,Retail,1,, , ,0, , ,0,90f04256-c749-4ff2-a97f-1977ccc9219a,PROJ-4046,2015,demolish building and construct new building,PROJ-4046,2152 Kimberton Road,8787.02502334537,420.669366886369
1267,LD-4-16-13564,Shannon Corporation,2016/04/26 00:00:00+00,2016/04/01 00:00:00+00,2016/07/13 00:00:00+00,2018/01/30 00:00:00+00,4,1,2800,Commercial,Addition to Existing,1,, ,Office Building,0, , ,0,d2945c07-53d9-4919-9ce4-982c1461f4e5,PROJ-4301,2016,proposed 2800 SF addition for office building,PROJ-4301,Shannon Corporation,182593.050704837,1720.47947365437
1268,LD-4-16-13595,Westtown Shopping Center,2016/04/26 00:00:00+00,2016/04/05 00:00:00+00,2016/11/07 00:00:00+00,2016/11/16 00:00:00+00,20.2,1,51550,Commercial,Retail,1,, , ,0, , ,0,63c1b954-14fb-4edb-be99-c4af0e6dd38b,PROJ-4306,2016,"Demolish existing Giant and Rite Aid, construct a 51,550 SF Giant.",PROJ-4306,Westtown Shopping Center,805274.271266968,4166.9433205852
1269,LD-4-16-13597,Camphill Soltane,2016/04/21 00:00:00+00,2016/04/06 00:00:00+00,2016/11/09 00:00:00+00,2017/02/14 00:00:00+00,50.87,1,6450,Institutional,Addition to Existing,1,, , ,0, , ,0,7465c267-0fcb-4bc3-a89f-0e224f95cb44,PROJ-4307,2016,office addition to existing building and parking. see previous review LD-12-12-7135,PROJ-4307,Camphill Soltane,2116207.41674516,11785.2395546045
1270,LD-4-16-13611,Lot 1 - Stoudt Subdivision,2016/04/21 00:00:00+00,2016/04/08 00:00:00+00,2017/02/01 00:00:00+00,2017/02/07 00:00:00+00,1.78,1,,Residential,Single Family Residential,1,, , ,0, , ,0,1ed2c216-25ac-4798-bc46-842631b63db9,PROJ-4309,2016,1 SFR proposed on existing lot.,PROJ-4309,Lot 1 - Stoudt Subdivision,68251.8830942369,1049.50522933282
1271,LD-4-16-13615,Great Valley Community Organization,2016/05/04 00:00:00+00,2016/04/08 00:00:00+00,2019/01/09 00:00:00+00,2019/01/15 00:00:00+00,49.4,1,41128,Commercial,Sports/Recreation ,1,Recreational Facility, , ,0, , ,0,9deb941d-1ed5-4854-bb33-20793f9c3a71,PROJ-4312,2016,"Construct 41,128 SF Recreational Facility.  Also see SD-4-16-13614",PROJ-4312,Great Valley Community Organization,2103369.79003011,6050.70438832048
1272,LD-4-16-13616,"Lidl US Operations, LLC",2016/05/06 00:00:00+00,2016/04/08 00:00:00+00,,,5.35,1,36170,Commercial,Retail,1,, , ,0, , ,0,8fbac7b7-6cd9-47c6-b0f1-82686de2e923,PROJ-4313,2016,"Demolish 3 buildings and construct a 36,170 SF Grocery Store",PROJ-4313,"Lidl US Operations, LLC",222261.067081519,2002.70822071299
1273,LD-4-16-13619,The People's Light & Theatre Co.,2016/04/26 00:00:00+00,2016/04/08 00:00:00+00,2016/06/08 00:00:00+00,2016/11/07 00:00:00+00,7.3,1,2056,Commercial,Unique,1,, , ,0, , ,0,41fbd4b1-5268-481c-a34d-06f43a1450de,PROJ-4315,2016,"2,056 SF Pavillon addition",PROJ-4315,The People's Light & Theatre Company,330005.708957617,2872.10032058064
1274,LD-4-16-13725,"183 PA. Ave, LLC.",2016/05/10 00:00:00+00,2016/04/25 00:00:00+00,2016/10/27 00:00:00+00,2016/11/02 00:00:00+00,1,1,5160,Industrial,Addition to Existing,1,, ,Manufacturing,0, , ,0,4b9f468a-67d5-47bf-ab7c-857587148e2d,PROJ-4329,2016,addition to existing building,PROJ-4329,"183 PA. Ave, LLC.",39356.6835632498,877.432414143972
1275,LD-4-16-13739,"Equipment Addition, Tallman Enterprises LP",2016/05/17 00:00:00+00,2016/04/28 00:00:00+00,2016/06/29 00:00:00+00,2016/07/20 00:00:00+00,3.25,1,735,Industrial,Addition to Existing,1,, , ,0, , ,0,77b39fbb-0b85-42ca-ad86-dc327ea35dbd,PROJ-4331,2016,Proposed building addition for equipment.,PROJ-4331,Equipment Addition,125195.779822612,1435.82431857143
1276,LD-4-16-13740,Islamic Society of Chester County,2016/05/25 00:00:00+00,2016/04/28 00:00:00+00,2018/11/26 00:00:00+00,2021/06/29 00:00:00+00,7.66,2,0,Institutional,Religious Organization,2,, , ,0, , ,0,5a6c4f96-aa48-4548-a515-9955e356a013,PROJ-4332,2016,construct a two story mosque and a two story activity building.,PROJ-4332,Islamic Society of Chester County,309065.458034829,2509.4603543955
1277,LD-4-16-13745,Washington Square,2016/05/10 00:00:00+00,2016/04/28 00:00:00+00,2016/07/06 00:00:00+00,2016/08/22 00:00:00+00,5.02,50,,Residential,Single Family Residential,10,,Residential,Twin,14,Residential,Townhouse,26,47cf4733-6a6a-4f83-9731-c6847a78b205,PROJ-3272,2016,"Second review, Phase 3 - proposed: 16 SFR, 14 twin, and 26 THS.  see previous review LD-1-15-11215. also see SD-4-16-13746.",PROJ-3272,Washington Square,607984.90714198,7428.51955310275
1278,LD-5-10-1870,"Nunan Group, LLC",2010/05/26 00:00:00+00,2010/04/29 00:00:00+00,,,2.11,1,18000,Commercial,Office Building,1,, , ,0, , ,0,c91756c5-a15b-4897-b8b3-06fa9736fc17,PROJ-1398,2010,Proposed  2 story building and parking,PROJ-1398,Nunan Group LLC,87758.5239956896,1193.53680726261
1279,LD-5-10-1886,"Lampart, LTD",2010/06/02 00:00:00+00,2010/05/03 00:00:00+00,2010/07/20 00:00:00+00,2010/08/13 00:00:00+00,6.7,1,32695,Industrial,Addition to Existing,1,, ,Office Building,0, ,Warehouse,0,e6e4db0c-87dc-413a-96a4-90b67fcddefb,PROJ-1400,2010,"Bldg additions
Existing bldg to be removed and replaced.
PIN numbers on 247 application are incorrect
Acreage from GIS",PROJ-1400,"Lampart, LTD",292752.843783982,3465.70286134604
1280,LD-5-10-2067,Proposed Pat's Pizza Restaurant,2010/06/22 00:00:00+00,2010/05/26 00:00:00+00,2010/09/22 00:00:00+00,2010/09/23 00:00:00+00,0.35,1,518,Commercial,Restaurant,1,, , ,0, , ,0,42adf329-2609-45b7-830a-899d427c0a5a,SUB-12221,2010,"Bldg addition and remodel
See previous review 12221",SUB-12221,WALGREENS LAND DEVELOPMENT,13601.8355143961,565.861340762063
1281,LD-5-11-4080,Beltran Mushroom,2011/05/26 00:00:00+00,2011/04/27 00:00:00+00,,,19.31,2,99120,Commercial,Mushroom House,2,, , ,0, , ,0,0f8c8669-1dbe-4183-b876-02722f6f1dbb,PROJ-2142,2011,clear site and construct 2 mushroom houses and parking,PROJ-2142,Daniel Beltran,818519.521598649,3588.09134612062
1282,LD-5-11-4133,1400 Horse Shoe Pike,2011/06/07 00:00:00+00,2011/05/09 00:00:00+00,2011/09/01 00:00:00+00,2011/09/08 00:00:00+00,1.54,1,1431,Commercial,Addition to Existing,1,, , ,0, , ,0,1592f6da-faa2-40ad-b584-4e1d3b0fe730,PROJ-2238,2011,"Proposed building addition and parking	",PROJ-2238,1400 Horse Shoe Pike,47780.6338636193,996.384913928288
1283,LD-5-11-4140,"Parkesburg Fire Company, No. 1",2011/06/07 00:00:00+00,2011/05/09 00:00:00+00,2012/02/20 00:00:00+00,2012/03/12 00:00:00+00,0.65,1,6469,Institutional,Addition to Existing,1,renovate existing firehouse, , ,0, , ,0,68d4a4ad-434f-41d5-8ffe-218d44c66e94,PROJ-2241,2011,renovate existing firehouse,PROJ-2241,Parkesburg Fire Company No 1,35127.9420887132,752.041794923775
1284,LD-5-11-4143,Conestoga Collision,2011/06/03 00:00:00+00,2011/05/04 00:00:00+00,,,0.65,1,625,Commercial,Addition to Existing,1,, , ,0, , ,0,a5d90825-a3e3-461d-8803-be0554f7b55b,PROJ-2245,2011,proposed building addition. see also SD-5-11-4142,PROJ-2245,Conestoga Collision,23843.8530051622,620.931605183
1285,LD-5-11-4147,Redgo Development,2011/05/27 00:00:00+00,2011/04/28 00:00:00+00,2011/10/12 00:00:00+00,2011/10/27 00:00:00+00,10.68,2,45000,Commercial,Unique,2,, , ,0, , ,0,0963814b-e891-4ca3-8051-fff6930fccc0,SUB-09821,2011,"construct 2 commercial buildings and add parking. see previous reviews 9821-6,7.",SUB-09821,THREE TUN ROAD,1090761.538402,5339.91108879738
1286,LD-5-11-4170,Roberts Automall,2011/06/09 00:00:00+00,2011/05/13 00:00:00+00,,,3.04,1,6586,Commercial,Addition to Existing,1,, , ,0, , ,0,bfea5276-142e-4c39-b1e2-eb2c788df283,PROJ-2257,2011,construct building addition and parking lot. See previous review # 11555.,PROJ-2257,Roberts Automall,133301.899031988,1491.87791918866
1287,LD-5-11-4223,Caribou Development,2011/06/15 00:00:00+00,2011/05/17 00:00:00+00,,,17.6,3,90000,Commercial,Office Building,3,"Proposed Uses and Area Table - ""Office Use (Medical)""", , ,0, , ,0,a1f07d32-c250-4071-921d-6412b7b207bb,PROJ-2277,2011,Construct 3 medical office buildings and parking. See previous review # 05467-2.,PROJ-2277,Caribou Development,614557.654170764,8110.17329851509
1288,LD-5-11-4247,North Campus District Geothermal Ph,2011/06/16 00:00:00+00,2011/05/19 00:00:00+00,2012/01/17 00:00:00+00,2012/02/24 00:00:00+00,1.91,1,2418,Institutional,Utility,1,, , ,0, , ,0,6d58b624-14f8-43b2-9afc-0cdb92413321,PROJ-2261,2011,"Full Plan Name: North Campus District Geothermal Phase II Pump House.

Construct Pumphouse and parking. Also see SD-5-11-4246.

",PROJ-2261,West Chester University Pump House ,90079.2255141922,1235.89369950188
1289,LD-5-12-5948,118 Pickering Way,2012/05/10 00:00:00+00,2012/04/30 00:00:00+00,2012/05/14 00:00:00+00,2012/06/06 00:00:00+00,2.24,1,2688,Industrial, ,1,, , ,0, , ,0,5b6991c3-dcdb-48df-9d61-909dd2568b23,PROJ-2794,2012,proposed building addition,PROJ-2794,118 Pickering Way,98305.7683284261,2098.29428337218
1290,LD-5-12-5954,Ware Presbyterian Village,2012/05/18 00:00:00+00,2012/04/30 00:00:00+00,2012/09/20 00:00:00+00,2012/10/25 00:00:00+00,53.16,85,,Residential,Apartment,62,,Residential,Twin,12,Residential,Single Family Residential,11,47991ea0-d26b-427c-8849-2e0bf7e8c954,PROJ-1989,2012,"Two apt. buildings, 1 dining pavilion, 11 single units, 12 duplex units, parking and new roads.",PROJ-1989,Ware Presbyterian Village,1979890.08211317,7737.30148523501
1291,LD-5-12-5959,Malvern Veterinary Hospital,2012/05/18 00:00:00+00,2012/04/30 00:00:00+00,,,1.38,1,1100,Commercial,Unique,1,Veterinary Hospital, , ,0, , ,0,3d8a966b-0de9-4fc5-ade8-aed790f4342c,PROJ-2796,2012,proposed building addition,PROJ-2796,Malvern Veterinary Hospital,60137.025156638,1101.06421206947
1292,LD-5-12-6053,CVS / pharmacy,2012/06/06 00:00:00+00,2012/05/14 00:00:00+00,,,3.5,1,11945,Commercial,Retail,1,, , ,0, , ,0,80ae067e-ff44-4843-aa05-101f4675280b,PROJ-2115,2012,"proposed CVS pharmacy & parking.

see also SD-5-12-6052.",PROJ-2115,Proposed CVS Pharmacy,133846.488624302,1564.67848436288
1293,LD-5-12-6094,"Flowers Foods, Inc. - Oxford Plant",2012/06/07 00:00:00+00,2012/05/23 00:00:00+00,2012/08/20 00:00:00+00,2012/09/07 00:00:00+00,42.55,1,90115,Commercial,Addition to Existing,1,, , ,0, , ,0,20f37cfa-5209-432a-b07d-51df16f3d42c,PROJ-2818,2012,proposed building addition and parking,PROJ-2818,Flowers Foods,1822690.54696813,6109.31017644017
1294,LD-5-12-6101,Limestone Ridge,2012/06/13 00:00:00+00,2012/05/23 00:00:00+00,2013/06/04 00:00:00+00,2013/06/21 00:00:00+00,38.49,112,,Residential,Apartment,112,, , ,0, , ,0,994ae185-fc7c-4982-be5f-5798302a916c,PROJ-2827,2012,"Proposed: 14 apartment buildings with 112 units, a community center, tot lots, and parking.",PROJ-2827,Limestone Ridge,1619058.21897656,6551.24893838828
1295,LD-5-12-6113,Market Place,2012/06/12 00:00:00+00,2012/05/24 00:00:00+00,2012/12/19 00:00:00+00,2013/08/13 00:00:00+00,0.62,89,5433,Residential,Apartment,88,,Commercial,Retail,1, , ,0,6dbfda6c-95c0-4148-9d8b-ce632e717a6e,SUB-12353,2012,"demolish existing building.
proposed is a 5 story mixed use building with retail, apartments, and parking.
see previous review 12353.
see also SD-5-12-6112.
",SUB-12353,MARKET STREET MIXED USE L/D,32824.4749758389,755.198425775574
1296,LD-5-12-6129,Applebrook Meadows (Phase II),2012/06/22 00:00:00+00,2012/05/30 00:00:00+00,,,100.9,53,,Residential,Townhouse,53,, , ,0, , ,0,81a7ee96-a32b-4a63-a529-e35a5cdf5194,973-06-07,2012,"53 townhouses and 14 parking spaces proposed in Phase II. 

see previous review LD-12-10-3363.",973-06-07,Applebrook Meadows,4331108.00833918,9926.8146522581
1297,LD-5-13-7880,301 South Forge Road,2013/06/03 00:00:00+00,2013/05/06 00:00:00+00,2016/06/15 00:00:00+00,2016/06/16 00:00:00+00,0.55,5,,Residential,Townhouse,5,, , ,0, , ,0,a8452f6a-40dc-49ac-b159-85d3795c3268,PROJ-3255,2013,5 proposed townhouses,PROJ-3255,301 South Forge Road,18946.5520081987,578.938300588565
1298,LD-5-13-7881,Applebrook Meadows (Phase III),2013/05/24 00:00:00+00,2013/05/01 00:00:00+00,2013/10/28 00:00:00+00,2013/11/01 00:00:00+00,41.76,33,,Residential,Townhouse,33,, , ,0, , ,0,11589aa6-f93b-4949-b452-fba80224f527,973-06-07,2013,33 townhouses and 11 parking spaces proposed in phase III. see previous review LD-5-12-6129.,973-06-07,Applebrook Meadows,1729879.01027433,10042.9323035158
1299,LD-5-13-7893,Student Housing (Phases 1 and 2) for Immaculata University,2013/06/03 00:00:00+00,2013/05/06 00:00:00+00,2013/12/11 00:00:00+00,2014/01/08 00:00:00+00,163.5,5,48960,Institutional,Dormitory,5,, , ,0, , ,0,71850b79-0094-4dcc-99ab-830210b05a7c,PROJ-2837,2013,5 proposed student housing buildings (30 apartment units),PROJ-2837,Camilla Hall Additions and Renovation,7061174.36366314,14787.8614301002
1300,LD-5-13-7912,The Malvern School - 385 Lancaster Avenue,2013/06/05 00:00:00+00,2013/05/06 00:00:00+00,2013/09/11 00:00:00+00,2013/11/14 00:00:00+00,0.67,1,,Commercial,Parking Lot/Garage,1,, , ,0, , ,0,608d5962-3102-4873-b602-9da9313c2503,PROJ-3259,2013,Proposed parking lot expansion,PROJ-3259,The Malvern School 385 Lancaster Avenue,26299.3541060755,722.628289221442
1301,LD-5-13-7913,East Whiteland Fire Station,2013/06/03 00:00:00+00,2013/05/08 00:00:00+00,2014/05/14 00:00:00+00,2016/01/08 00:00:00+00,5.84,1,17974,Institutional, ,1,, , ,0, , ,0,c26aaefa-13a1-4c80-b226-6ae46f66cc46,PROJ-3260,2013,proposed fire station and parking.,PROJ-3260,East Whiteland Firehouse,218660.524048746,2301.82919963929
1302,LD-5-13-7922,Whiteland Village-West,2013/06/03 00:00:00+00,2013/05/10 00:00:00+00,2013/10/23 00:00:00+00,2013/12/17 00:00:00+00,25.07,1,,Commercial,Unique,1,Removal of the existing storm water basin, , ,0, , ,0,3bdd52b7-c589-4744-9f8d-afbb828a4f23,SUB-11334,2013,"Removal of the existing storm water basin

See previous review SDLD-11334-3",SUB-11334,WHITELAND VILLAGE LLC,1095865.78722753,4783.04325099283
1303,LD-5-13-7931,Whitely Property,2013/06/04 00:00:00+00,2013/05/08 00:00:00+00,,,0.42,1,1802,Commercial, ,1,, , ,0, , ,0,157fea02-0f71-4178-9e3e-3975826824fe,PROJ-3264,2013,demolish bldg and construct new one and parking.,PROJ-3264,Whitely Property,7814.41938899976,386.291191210617
1304,LD-5-13-7943,Boy Scouts of America Chester County Council,2013/06/03 00:00:00+00,2013/05/10 00:00:00+00,,,29.08,1,15800,Institutional,Unique,1,boy scouts of america headquarters building, , ,0, , ,0,bb34a17e-fa97-4fc1-820d-8a19e29df97c,PROJ-3267,2013,Proposed boy scouts of america head quarters building,PROJ-3267,Boy Scouts of America Chester County Council,1225052.04035691,5025.59363950168
1305,LD-5-13-7953,Sage Senior Living at 1450 & 1456 Lancaster Avenue,2013/06/07 00:00:00+00,2013/05/14 00:00:00+00,2013/07/18 00:00:00+00,2015/04/29 00:00:00+00,2.07,1,83133,Institutional, ,1,assisted living, , ,0, , ,0,6793162c-46d9-4087-bb02-71666891e3d2,PROJ-3271,2013,Construct assisted living facility.  Refer to SD-5-13-7952 for lot consolidation plan.,PROJ-3271,Sage Senior Living,87251.2229412764,1416.33224454599
1306,LD-5-13-7964,Frank H. III & Angela Tompson Lobb,2013/06/03 00:00:00+00,2013/05/13 00:00:00+00,,,4.35,1,756,Commercial,Addition to Existing,1,, , ,0, , ,0,6a8ff6e7-78c2-4938-b3cc-79575cde0e06,SUB-12365,2013,"Proposed building addition

See previous review SDLD-12365

also see SD-5-13-7963.",SUB-12365,"FRANK H. LOBB, III",172667.018406059,2408.1731467647
1307,LD-5-13-8016,Tel Hai Retirement Community Phase 3 & 4,2013/06/21 00:00:00+00,2013/05/22 00:00:00+00,2013/12/11 00:00:00+00,2013/12/17 00:00:00+00,129.83,104,60713,Residential,Townhouse,19,cottages,Residential,Apartment,82,Commercial, ,3,8bc896ff-ff04-4897-a253-ad4c2bf05151,PROJ-1771,2013,"Proposed: 19 cottage (townhouse) units, 4 apt bldgs with 82 units, 2 common bldgs, 1 greenhouse, parking, and recreation area.",PROJ-1771,Tel Hai Phase 2-5,5587481.64301167,17674.6350997482
1308,LD-5-14-9750,North Marsh Creek - A,2014/05/16 00:00:00+00,2014/04/28 00:00:00+00,,,1.2,1,,Commercial, ,1,, , ,0, , ,0,882277d0-dc1b-4a73-9b6b-31df5e66dee9,SUB-10216,2014,"proposed telecommunication equipment, including generator",SUB-10216,NORTH 100 PARTNERS LP,75279.2573380662,1481.58467375785
1309,LD-5-14-9760,Children's House,2014/06/02 00:00:00+00,2014/05/06 00:00:00+00,,,0.99,1,5264,Institutional,Child Daycare,1,, , ,0, , ,0,acdc4ab9-3e9c-4976-8d30-2d55e77f8e36,PROJ-3660,2014,proposed day care building. see previous review 10737-2.,PROJ-3660,Childrens House,43109.0169016219,887.058761059562
1310,LD-5-14-9777,The Cockerham Tract,2014/06/02 00:00:00+00,2014/05/06 00:00:00+00,2015/06/10 00:00:00+00,2015/09/24 00:00:00+00,24.81,51,,Residential,Townhouse,51,, , ,0, , ,0,50fd6ecf-3a76-4db1-bb59-7248ffa1730b,SUB-12558,2014,"51 townhouses proposed and 2 roads, parking, trails and a tot lot. Also see SD-5-14-9778. see previous review 12558.",SUB-12558,MCCOY COCKERHAM SD,1049893.81371693,4482.8750749587
1311,LD-5-14-9808,"Hoods BBQ & Deli, LLC",2014/05/30 00:00:00+00,2014/05/07 00:00:00+00,,,0.5,1,2750,Commercial,Addition to Existing,1,, , ,0, , ,0,e560b8e9-f00a-4b54-baae-6c641d339fae,PROJ-3664,2014,"proposed additions of terrace, freezer, planters, parking, etc. ",PROJ-3664,Hoods BBQ and Deli,21023.6151177673,587.308368448977
1312,LD-5-14-9820,Whitehall Veteran Housing,2014/06/03 00:00:00+00,2014/05/09 00:00:00+00,2015/12/16 00:00:00+00,2016/01/06 00:00:00+00,3.49,49,,Residential,Apartment,49,Veteran multi-family housing, , ,0, , ,0,d52441e8-affe-4b12-a9c7-a63795b7c5b2,PROJ-3530,2014,"proposed multi-family dwelling for veterans, parking, and restoring existing bldg also on site. see previous review 10682-2.",PROJ-3530,The Whitehall,131855.007365732,1533.29387963296
1313,LD-5-14-9824,Walnut Ridge,2014/06/09 00:00:00+00,2014/05/09 00:00:00+00,,,14.14,61,,Residential,Townhouse,61,, , ,0, , ,0,dc7598a7-8a56-4bf2-b52f-2ac1fb1955cd,920-04-07,2014,"proposed 61 townhouses, streets, parking, tot lot, etc. (demolish existing  buildings). see previous review 12305.",920-04-07,Walnut Ridge,572192.215816855,3371.15404403084
1314,LD-5-14-9865,Oppy Property,2014/05/30 00:00:00+00,2014/05/02 00:00:00+00,2016/07/20 00:00:00+00,2016/07/26 00:00:00+00,21.92,1,144292,Commercial,Warehouse,1,, , ,0, , ,0,93cd5d6e-99fc-403b-a2b9-c1322c6541d9,PROJ-3670,2014,See previous reviews LD-10-13-8718 & SD 10-13-8717,PROJ-3670,Oppy Property,923892.50428803,4096.06120668946
1315,LD-5-14-9866,Atwater Lot 11A,2014/06/09 00:00:00+00,2014/05/16 00:00:00+00,2014/08/18 00:00:00+00,2014/08/27 00:00:00+00,14.04,1,45404,Commercial,Office Building,1,, , ,0, , ,0,30c4f473-e023-470a-9c67-9d029cd07915,PROJ-3669,2014,"proposed office building, also see SD-5-14-9868 for concurrent SD",PROJ-3669,Atwater Lot 11A,598586.836600938,3393.73564497438
1316,LD-5-14-9908,The Shops at Coventry,2014/06/26 00:00:00+00,2014/05/27 00:00:00+00,2015/06/18 00:00:00+00,2015/06/19 00:00:00+00,60.6,1,13540,Commercial,Retail,1,, , ,0, , ,0,e13a2c29-e517-40c5-92b1-cfaafd58dbad,PROJ-3674,2014,Drug Store with drive thru.  Previous review LD-12-09-1134,PROJ-3674,The Shops at Coventry,2510989.69301152,7851.93901718861
1317,LD-5-14-9919,"Hoover Building Specialists, LLC",2014/06/27 00:00:00+00,2014/05/28 00:00:00+00,2015/05/07 00:00:00+00,2015/05/08 00:00:00+00,17.67,4,0,Commercial,Retail,4,, , ,0, , ,0,b2816ef0-83d5-41de-99f3-2f0db1d9300a,PROJ-3677,2014,"Proposed office and retail buildings and warehouses.
Existing 2 buildings to 4 buildings.",PROJ-3677,Hoover Building Specialists LLC,1033052.46250334,6079.20208936296
1318,LD-5-15-11785,American Antique Ice Tools Museum,2015/05/15 00:00:00+00,2015/04/30 00:00:00+00,2015/11/10 00:00:00+00,2016/04/25 00:00:00+00,1.3,2,243,Institutional,Unique,2,, , ,0, , ,0,3d65f5b2-f1f1-4fcd-a846-4eac03fe3f8c,PROJ-4055,2015,proposed antique boxcar with deck and proposed shed. see previous review 6209-6,PROJ-4055,American Antique Ice Tools Museum,650024.280454369,4111.71628896277
1319,LD-5-15-11787,Kimberton Whole Foods,2015/05/15 00:00:00+00,2015/05/01 00:00:00+00,,,1.19,1,854,Commercial,Addition to Existing,1,, , ,0, , ,0,c9a91a70-05fa-43dd-a4dc-55247b027bbf,PROJ-4056,2015,proposed building addition and patio seating area,PROJ-4056,Kimberton Whole Foods,57164.6018222344,1277.84213540509
1320,LD-5-15-11792,Arbours Square at West Goshen,2015/05/22 00:00:00+00,2015/04/29 00:00:00+00,2016/04/13 00:00:00+00,2016/06/21 00:00:00+00,8.35,150,,Residential,Apartment,150,"(Age-restricted) Independent living, assisted living and memory care units", ,Nursing Home/Assisted Living,0, , ,0,aae3c4dc-7202-4d91-8960-7885147d4e62,PROJ-4057,2015,Independent and Assisted Living Facility - 150 units in 1 building.,PROJ-4057,Arbours Square at West Goshen,363865.11195833,2550.28066784152
1321,LD-5-15-11796,Atwater Village Commercial,2015/05/22 00:00:00+00,2015/05/04 00:00:00+00,,,136.23,3,85111,Commercial,Hotel/Resort/Inn,1,,Commercial,Convenience Store,1,Commercial,Bank,1,f0f927f1-0ed2-4c50-b2c1-e7ce1a6412e3,PROJ-4027,2015,proposed new hotel. see review SD-4-15-11649 for prior review of SD. also see LD-4-15-11650 for prior LD review of 4 buildings on lots 3 & 4. ,PROJ-4027,Atwater Village Commercial,5905598.85995699,16413.5158167977
1322,LD-5-15-11797,Runnymeade Farm,2015/06/09 00:00:00+00,2015/05/13 00:00:00+00,2015/09/08 00:00:00+00,2015/09/16 00:00:00+00,475.8,2,19503,Commercial,Unique,2,, , ,0, , ,0,90d85862-adeb-46e4-8e43-d814cbb8a0dc,PROJ-4015,2015,proposed riding arena and shed to horse farm.,PROJ-4015,Runnymede Farm,18900804.3378875,22953.3229804292
1323,LD-5-15-11800,8 Lee Boulevard,2015/05/21 00:00:00+00,2015/05/04 00:00:00+00,,,17.9,1,121575,Commercial,Addition to Existing,1,, , ,0, , ,0,9f5bbb48-f53f-4742-b047-1054fe8edcc2,PROJ-4059,2015,addition to existing building,PROJ-4059,8 Lee Boulevard,740324.074675826,3678.51440750941
1324,LD-5-15-11802,Rudloff Group LLC,2015/05/20 00:00:00+00,2015/05/01 00:00:00+00,,,0.8,1,,Commercial, ,1,, , ,0, , ,0,b301fc00-8808-43b9-ba3c-929c33751eb0,PROJ-4060,2015,converting existing house to an office building and adding 16 parking spaces,PROJ-4060,Rudloff Group LLC,30498.9400548035,817.737523932342
1325,LD-5-15-11832,Birdell Amish Parochial School ,2015/05/27 00:00:00+00,2015/05/07 00:00:00+00,,,63,2,1628,Institutional,Educational Facility,2,, ,Unique,0, , ,0,e77bbb8e-8a5a-42d6-87c4-0705485c4d22,PROJ-4064,2015,construct a school house and privy,PROJ-4064,Birdell Amish Parochial School-Trustees,2615535.60190823,6875.96119651062
1326,LD-5-15-11846,Patone Property,2015/05/22 00:00:00+00,2015/05/08 00:00:00+00,2014/07/16 00:00:00+00,2015/05/28 00:00:00+00,8.3,1,1718,Commercial, ,1,, , ,0, , ,0,17a98b96-a4d0-40ea-a50c-c7de704016a7,PROJ-1876,2015,proposed winery on SFR lot,PROJ-1876,Patone Property,341669.203854882,3023.22405366089
1327,LD-5-15-11848,701 S Main Street - 22 Townhomes,2015/05/27 00:00:00+00,2015/05/13 00:00:00+00,,,1.03,22,,Residential,Townhouse,22,, , ,0, , ,0,17f1bacf-4d6d-4e48-92f0-dbc9cdda4f3f,PROJ-4068,2015,Demolish existing office building and construct 22 townhomes,PROJ-4068,701 S Main Street - 22 Townhomes,45445.816392406,906.018434870585
1328,LD-5-15-11864,Arborview Commercial Lot,2015/06/08 00:00:00+00,2015/05/15 00:00:00+00,,,3.3,2,25465,Commercial,Office Building,1,"16,800 sq ft. office building",Commercial,Child Daycare,1, , ,0,2a3931d9-306e-485e-bcec-5e6b6d5875e2,PROJ-4076,2015,"2 proposed separate buildings. 
1 office building
1 day care",PROJ-4076,Arborview Commercial Lot,143099.34206394,2006.75900493522
1329,LD-5-15-11870,Tony Scalies,2015/06/11 00:00:00+00,2015/05/15 00:00:00+00,2016/06/01 00:00:00+00,2016/07/01 00:00:00+00,0.18,1,,Commercial,Parking Lot/Garage,1,, , ,0, , ,0,8bba4f0c-6653-46d8-b0d3-c6e9044b3b2d,PROJ-4077,2015,tear down existing house and make a parking lot,PROJ-4077,Tony Scalies,6037.17137654456,338.838367568143
1330,LD-5-15-11873,Paoli Walk,2015/06/08 00:00:00+00,2015/05/18 00:00:00+00,2016/06/20 00:00:00+00,2016/07/25 00:00:00+00,3.4,30,,Residential,Townhouse,30,, , ,0, , ,0,9687c2a5-3c8b-45c9-b9a8-5cd55baf34d2,PROJ-4079,2015,building 30 townhomes.  Also see SD-5-15-11872,PROJ-4079,Paoli Walk,133532.33434866,1809.27672860359
1331,LD-5-16-13761,Freddy's Frozen Custard,2016/05/19 00:00:00+00,2016/05/02 00:00:00+00,2016/10/03 00:00:00+00,2016/10/24 00:00:00+00,2.53,1,3374,Commercial,Restaurant,1,, , ,0, , ,0,31893f34-256e-4a72-a4af-c33b2d3823ec,PROJ-4333,2016,demolish existing building and construct Freddy's Frozed Custard and Steakburgers. changing parking also. see previous review 7912-5.,PROJ-4333,Freddys Frozen Custard,117078.807192542,1502.35552191351
1332,LD-5-16-13766,Westminster Place at Ware Presbyterian Village,2016/05/16 00:00:00+00,2016/05/03 00:00:00+00,2016/08/18 00:00:00+00,2016/08/22 00:00:00+00,21.6,61,23209,Residential,Apartment,61,, , ,0, , ,0,7e8a4be6-d350-4904-8bd4-7fcb0855cb72,PROJ-1989,2016,Construct apartment building with 61 units (Senior Living) and parking.,PROJ-1989,Ware Presbyterian Village,868821.067543085,4994.95399999028
1333,LD-5-16-13788,Gourmet's Delight Mushrooms - LD,2016/06/01 00:00:00+00,2016/05/05 00:00:00+00,2016/07/20 00:00:00+00,2016/08/03 00:00:00+00,49.48,4,280067,Industrial,Mushroom House,4,, , ,0, , ,0,4f5198ae-97e2-47c9-83f6-bb655859eb04,PROJ-4335,2016,"Full plan title: Gourmet's Delight Mushrooms - Preliminary Land Development Plan Phase 1,2 & 3 Composting Facility. 3 proposed buildings and a waste lagoon. see previous review LD-9-14-10548. also see SD-5-16-13789.",PROJ-4335,Gourmets Delight Mushrooms,2093626.52316681,6070.0701420214
1334,LD-5-16-13798,Immaculata University Good Counsel ,2016/05/19 00:00:00+00,2016/05/09 00:00:00+00,,,150.8,1,14540,Institutional,Addition to Existing,1,, ,Educational Facility,0, , ,0,fd061dc0-4096-4b4a-b294-3c7d13fca69a,PROJ-4337,2016,Full plan title: Immaculata University Good Counsel Hall - New Student Engagement Center. 1 proposed building addition. changing paving also. see previous review LD-5-13-7893. ,PROJ-4337,Immaculata University New Student Engagement Cente,6591425.45022734,15157.6393848891
1335,LD-5-16-13807,"Oxford Commons, L.P.",2016/05/24 00:00:00+00,2016/05/10 00:00:00+00,2016/10/25 00:00:00+00,2016/10/27 00:00:00+00,93.01,2,16100,Commercial,Retail,2,, , ,0, , ,0,980b4cd8-508b-4de2-b0ff-dc3a024ad141,PROJ-4338,2016,construct two retail buildings. see previous review SD-9-13-8599,PROJ-4338,"Oxford Commons, L.P.",3942363.42808294,8734.92526274313
1336,LD-5-16-13814,BSL-Freedom Village at Brandywine,2016/05/24 00:00:00+00,2016/05/12 00:00:00+00,,,8,1,57476,Institutional,Nursing Home/Assisted Living,1,, , ,0, , ,0,24565407-bc41-45e2-882d-c1c732b4f8b6,PROJ-4339,2016,"Construct 57,476 square foot Senior Living Facility and parking.",PROJ-4339,BSL-Freedom Village at Brandywine,373838.028179714,3146.03934251315
1337,LD-5-16-13828,The Learning Center - Daycare Cente,2016/06/03 00:00:00+00,2016/05/13 00:00:00+00,2018/02/01 00:00:00+00,2018/02/07 00:00:00+00,3.19,1,10000,Institutional,Child Daycare,1,, , ,0, , ,0,922de4da-56da-4236-8302-7d3a85b6e9d1,PROJ-4342,2016,"Full plan title: The Learning Center - Daycare Center. Construct 10,000 SF daycare center and parking. see previous review 12174.",PROJ-4342,The Learning Center - Daycare Center,147983.848903677,1905.84586754521
1338,LD-5-16-13863,Penn Medicine Chester County Hosp,2016/06/07 00:00:00+00,2016/05/18 00:00:00+00,2016/11/16 00:00:00+00,2016/12/21 00:00:00+00,34.8,1,,Institutional,Hospital,1,, , ,0, , ,0,f6434f2f-c359-4915-be24-387441bf5816,PROJ-4344,2016,Full plan title: Penn Medicine Chester County Hospital. South Entrance Improvements.Widen and realign entrance driveway. Modify entrance for accessibility purposes. see previous review LD-12-15-13046.,PROJ-4344,Penn Medicine Chester County Hospital South Entran,1522685.06599855,5561.83810689121
1339,LD-5-16-13879,Linden Hall - SWM 7,2016/06/02 00:00:00+00,2016/05/19 00:00:00+00,2016/06/08 00:00:00+00,2016/07/14 00:00:00+00,8.6,1,,Residential,Townhouse,1,, , ,0, , ,0,00fb2c42-4d99-43c6-aeeb-7ddc750ae03e,PROJ-3728,2016,stormwater update. see previous review LD-7-14-10151.,PROJ-3728,Linden Hall,380497.817012825,3313.75762304143
1340,LD-5-16-13888,"Handy Andy's House, LP",2016/06/07 00:00:00+00,2016/05/20 00:00:00+00,2016/09/07 00:00:00+00,2016/08/17 00:00:00+00,3.74,1,1920,Commercial,Addition to Existing,1,, , ,0, , ,0,3d919b71-7835-4129-b89b-6fbd73b96cbc,PROJ-4347,2016,"proposed building addition, moving shed, new gravel area. also see SD-5-16-13887.",PROJ-4347,Handy Andys House LP,147467.86137429,1599.78488194779
1341,LD-5-16-13934,Penns Grove Holding LLC,2016/06/10 00:00:00+00,2016/05/27 00:00:00+00,2017/03/13 00:00:00+00,2017/11/21 00:00:00+00,2.52,2,11900,Industrial, ,2,, , ,0, , ,0,30632bcb-8410-4501-ba09-3cdf0f01d744,PROJ-4350,2016,2 proposed buildings (one with lean to). see previous review 8914-15.,PROJ-4350,Penns Grove Holding LLC,106104.520492135,1313.04011010646
1342,LD-6-10-2140,East Brandywine Center,2010/07/01 00:00:00+00,2010/06/03 00:00:00+00,,,20.2,2,72012,Commercial,Retail,1,,Commercial,Bank,1, , ,0,725984f8-9bb0-4790-9c45-7524c61178e1,SUB-12220,2010,"2 proposed bldgs - retail and bank
see previous review 12220, -2",SUB-12220,WATTERS,863254.091195404,4392.62548943526
1343,LD-6-10-2145,"AGC Chemicals Americas, Inc.",2010/07/01 00:00:00+00,2010/06/01 00:00:00+00,2012/06/28 00:00:00+00,2013/01/03 00:00:00+00,15,1,798,Industrial, ,1,, , ,0, , ,0,3411b9ba-5b9f-462d-878b-d3a3003fc965,PROJ-1462,2010,1 proposed bldg,PROJ-1462,"AGC Chemicals Americas, Inc",636716.836895178,3345.5828481092
1344,LD-6-10-2169,SWI Service Wholesale Incorporated,2010/07/06 00:00:00+00,2010/06/08 00:00:00+00,2010/11/11 00:00:00+00,2010/11/22 00:00:00+00,6.41,1,20086,Commercial, ,1,, , ,0, , ,0,07d3adae-84e0-4dfa-a628-0ad9a773ed0e,SUB-11802,2010,"2 bldg additions
see previous review 11802-3",SUB-11802,LUMBER YARD LD,269113.81636019,2144.24018485086
1345,LD-6-10-2256,Romansville United Methodist Church,2010/07/23 00:00:00+00,2010/06/24 00:00:00+00,,,4.91,1,6583,Institutional,Religious Organization,1,, ,Addition to Existing,0, , ,0,bedb7d7c-998c-41b3-a5a1-d195d8bac4a0,SUB-12583,2010,"phase 1 & 2, bldg addition and parking
see previous review 12583",SUB-12583,ROMANSVILLE UNITED METHODIST CHURCH,204802.724504859,1956.32576700108
1346,LD-6-11-4287,"Deco Sales Company, Inc.",2011/06/23 00:00:00+00,2011/05/26 00:00:00+00,2011/08/10 00:00:00+00,2011/08/11 00:00:00+00,2,1,3002,Industrial,Addition to Existing,1,, ,Warehouse,0, , ,0,855ca1d0-65be-44b9-b381-3c669fdff174,PROJ-2300,2011,2 building additions to 1 building (office/warehouse).  Previous review CCPC# 6298-11 ,PROJ-2300,Deco Sales Company Inc,88673.5046083914,1171.90456591345
1347,LD-6-11-4288,Berkley Road Commercial,2011/06/24 00:00:00+00,2011/05/27 00:00:00+00,,,0.26,6,3080,Residential,Apartment,5,,Commercial,Unique,1, , ,0,cb357763-9bcb-4ba3-9b24-d5c84405cc2b,PROJ-2301,2011,construct one multi use building,PROJ-2301,Berkley Road Commercial,11246.5916570894,489.963663638796
1348,LD-6-11-4297,Carl E. & Lesley L. Mease,2011/07/06 00:00:00+00,2011/06/06 00:00:00+00,,,0.67,1,1238,Commercial,Addition to Existing,1,veterinary hospital, , ,0, , ,0,61bafe6d-b648-4e25-b928-b4eab7f58276,PROJ-2305,2011,building addition and parking (veterinary hospital),PROJ-2305,Carl and Lesley Mease,30805.0547510902,708.5223907105
1349,LD-6-11-4387,2599 Yellow Springs Road,2011/07/13 00:00:00+00,2011/06/16 00:00:00+00,2011/06/16 00:00:00+00,2012/07/27 00:00:00+00,1.02,1,9100,Commercial,Warehouse,1,, , ,0, , ,0,84c4f25e-2b46-45f1-b9ba-65dc53e86ef9,PROJ-2348,2011,Construct warehouse and office with parking. See previous review # 12440.,PROJ-2348,2599 Yellow Springs Road,45848.2947772219,893.199776995194
1350,LD-6-11-4399,Aldi,2011/07/13 00:00:00+00,2011/06/15 00:00:00+00,2012/04/25 00:00:00+00,2012/04/30 00:00:00+00,5.58,1,17516,Commercial,Unique,1,Food/Grocery Store, , ,0, , ,0,a308b196-db95-4df0-8735-87c50c7b1c24,PROJ-1965,2011,Demolish existing building and construct new structure and reconfigure parking. See previous review 11583-2. Also see SD-6-11-4398.,PROJ-1965,Aldi Inc,420158.985772461,3484.77489716225
1351,LD-6-11-4406,Saint Joseph Parish,2011/07/18 00:00:00+00,2011/06/20 00:00:00+00,2012/02/15 00:00:00+00,2012/05/15 00:00:00+00,41.68,1,26687,Institutional,Religious Organization,1,, , ,0, , ,0,2a3ba932-ff61-452e-86cf-ce9c6808b785,PROJ-2356,2011,"Construct new church, change parking and relocate rectory. Also see SD-6-11-4406.",PROJ-2356,Saint Joseph Parish,1695777.2275895,5932.50706437002
1352,LD-6-12-6176,William Henry Apartments,2012/07/02 00:00:00+00,2012/06/05 00:00:00+00,,,5.13,1,,Residential,Apartment,1,, ,Parking Lot/Garage,0, , ,0,744a9179-fe62-4e37-a0f7-9a40f2019511,PROJ-2848,2012,proposed additional parking spaces,PROJ-2848,William Henry Apartments,320824.042466985,3890.8584407553
1353,LD-6-12-6192,Uptown Worthington,2012/07/05 00:00:00+00,2012/06/07 00:00:00+00,,,69.05,770,367474,Residential,Apartment,753,,Commercial,Retail,17, , ,0,48c5a251-502b-4759-8126-36f876af95cd,PROJ-2449,2012,"Proposed: 753 apartments, 17 commercial buildings (mostly retail) and parking.

see previous review LD-9-11-4899.",PROJ-2449,Uptown Worthington,4375449.48224239,11530.1302111846
1354,LD-6-12-6249,David E. & Arie S. Smucker,2012/07/13 00:00:00+00,2012/06/13 00:00:00+00,2012/11/01 00:00:00+00,2012/11/28 00:00:00+00,45.98,1,,Residential,Single Family Residential,1,, , ,0, , ,0,09549099-a14a-4aa9-b5ea-055353976b9e,PROJ-1504,2012,"proposed dwelling (on parcel are 2 existing barns and a dwelling).

see previous review 10599-2.",PROJ-1504,David E Smucker,1904469.94331663,6314.2846630915
1355,LD-6-12-6255,"Armstrong Engineering Associates, I",2012/07/13 00:00:00+00,2012/06/15 00:00:00+00,2017/11/14 00:00:00+00,2017/11/17 00:00:00+00,28.91,1,10000,Industrial, ,1,, , ,0, , ,0,899e5ebb-cada-430d-b7cf-3cf6c79c6e5e,PROJ-2866,2012,"Full plan title: Armstrong Engineering Associates, Inc.

proposed building and parking.",PROJ-2866,Armstrong Engineering Associates Inc,1247961.96345489,5752.96887627422
1356,LD-6-12-6257,Molly Maguire's Hotel Restaurant & Pub,2012/07/11 00:00:00+00,2012/06/15 00:00:00+00,2013/08/25 00:00:00+00,2013/09/24 00:00:00+00,0.62,1,8780,Commercial,Restaurant,1,"7,250 square foot restaurant", ,Hotel/Resort/Inn,0, , ,0,8ea32fbf-3984-4045-a920-6a5c2fce0db9,PROJ-2867,2012,"convert firehouse to restaurant, pub and hotel",PROJ-2867,Molly Maguires Hotel Restaurant and Pub,25885.6310087473,697.854767698887
1357,LD-6-12-6268,"Jeffcoats Automotive, Inc.",2012/07/12 00:00:00+00,2012/06/18 00:00:00+00,,,2,1,,Commercial, ,1,, , ,0, , ,0,9c4f9fcd-951b-40e2-a6a2-f78a7e9774b0,PROJ-2869,2012,"proposed 11 additional parking spaces.

see previous review 12512.",PROJ-2869,"Jeffcoats Automotive, Inc.",80288.5462116247,1163.43283874454
1358,LD-6-12-6298,"220 Chestnut Associates, LP",2012/07/25 00:00:00+00,2012/06/27 00:00:00+00,,,2.21,201,4675,Residential,Apartment,200,,Commercial, ,1, , ,0,8b432d2f-751b-4b78-abd4-46e64c835331,SUB-12154,2012,"demolish existing buildings and construct 1 building with 200 apartments, office and parking.
see previous reviews SD-4-11-3947 and LD-4-11-3948.
also see LD-6-12-6298.",SUB-12154,220 EAST CHESTNUT STREET SD,97350.6462103131,1574.18564233697
1359,LD-6-13-8049,Faith Community Baptist Church,2013/06/14 00:00:00+00,2013/05/30 00:00:00+00,2015/02/10 00:00:00+00,2015/02/12 00:00:00+00,5.24,1,6180,Institutional,Addition to Existing,1,, , ,0, , ,0,6006732e-1982-4696-a296-2c1dc6c41f88,PROJ-3287,2013,Proposed building addition and parking lot expansion,PROJ-3287,Faith Community Baptist Church,225191.413720652,2202.73297376602
1360,LD-6-13-8108,Merchants Lofts III,2013/07/03 00:00:00+00,2013/06/10 00:00:00+00,2014/01/14 00:00:00+00,2015/10/15 00:00:00+00,0.21,8,,Residential,Apartment,8,, , ,0, , ,0,1c73b370-308a-4cae-825a-b82db2961067,PROJ-3298,2013,Proposed 4 story apartment building,PROJ-3298,Merchants Lofts III,9683.79064253277,511.779086985047
1361,LD-6-13-8118,Proposed Flex Warehouse Haywood Lot 3,2013/07/08 00:00:00+00,2013/06/14 00:00:00+00,,,8.5,1,35000,Industrial,Warehouse,1,, , ,0, , ,0,009c5e18-5a60-45cc-8046-091bc2d16a3d,PROJ-3300,2013,Proposed flex warehouse and parking (See previous review 10290-9),PROJ-3300,Proposed Flex Warehouse Haywood Lot 3,370818.834650389,2544.09468828282
1362,LD-6-13-8121,82 Rental & Services,2013/07/12 00:00:00+00,2013/06/14 00:00:00+00,2014/09/15 00:00:00+00,2014/09/17 00:00:00+00,6.14,1,2040,Commercial,Warehouse,1,, , ,0, , ,0,c16842ba-9a19-4cf7-a701-6b83c72caf64,PROJ-3301,2013,Proposed storage building and parking. also see SD-6-13-8120.,PROJ-3301,82 Rental and Services,262055.494025811,2132.31311263808
1363,LD-6-13-8148,TD Bank,2013/07/09 00:00:00+00,2013/06/17 00:00:00+00,2015/01/05 00:00:00+00,2015/01/08 00:00:00+00,6.8,1,2545,Commercial,Bank,1,, , ,0, , ,0,420625de-5c36-410d-ad16-425f5eaf1ec3,SUB-08493,2013,"Proposed TD bank and parking.

See previous review 08493-3",SUB-08493,WALGREENS/860 BALTIMORE PIKE LLC,274325.127588354,3020.24384389016
1364,LD-6-13-8151,Avon Grove Charter School,2013/07/09 00:00:00+00,2013/06/21 00:00:00+00,2013/07/10 00:00:00+00,2013/08/13 00:00:00+00,21.8,1,10000,Institutional,School,1,, , ,0, , ,0,77f41637-152c-4d7f-a62d-027bab899936,SUB-11615,2013,Proposed STEM science center modular unit. See previous review 11615,SUB-11615,AVON GROVE CHARTER SCHOOL,991172.88618508,4986.99119836037
1365,LD-6-14-10006,Qihe Food Corp,2014/06/26 00:00:00+00,2014/06/13 00:00:00+00,,,10.5,1,13920,Agricultural,Mushroom House,1,, , ,0, , ,0,05f1ea15-1c25-480d-9515-46d8c8f79fc0,PROJ-3506,2014,Proposed green house for mushrooms (4 Bldg).  Also see LD-12-13-9124,PROJ-3506,Qihe Food Corp,487343.662335869,3289.56428955089
1366,LD-6-14-10014,David Norcini Office Unit,2014/07/01 00:00:00+00,2014/06/16 00:00:00+00,,,0.48,1,838,Industrial,Office Building,1,, , ,0, , ,0,b4cb1866-1b6a-4d58-8a7f-4deaae3ee689,PROJ-3695,2014,proposed industrial building,PROJ-3695,Norcini Office Unit,19645.5875475536,577.27691374816
1367,LD-6-14-10018,AutoZone Development Corp,2014/07/01 00:00:00+00,2014/06/17 00:00:00+00,2016/03/08 00:00:00+00,2018/06/27 00:00:00+00,1.3,1,7382,Commercial,Retail,1,, , ,0, , ,0,33c52dd6-f7b5-48a8-8ae3-0010bdc6e2d3,PROJ-3696,2014,proposed retail building,PROJ-3696,AutoZone Development Corp,53568.1144982721,1247.16445150703
1368,LD-6-14-10026,Maintenance Building Expansion,2014/07/01 00:00:00+00,2014/06/18 00:00:00+00,2014/09/19 00:00:00+00,2014/12/17 00:00:00+00,45.5,1,660,Institutional,Addition to Existing,1,, , ,0, , ,0,58c74054-b35a-4038-9d9e-7944f02665d2,PROJ-3698,2014,"West Chester University SouthVillage Expansion

Proposed building expansion

full plan title ""Maintenance Building Expansion, West Chester University Southvillage Expansion""",PROJ-3698,Maintenance Building Expansion,1974491.22962223,5899.2234173941
1369,LD-6-14-10045,Chatham Financial,2014/07/16 00:00:00+00,2014/06/20 00:00:00+00,2014/03/12 00:00:00+00,2014/12/08 00:00:00+00,12.7,1,,Commercial,Parking Lot/Garage,1,, , ,0, , ,0,2f1ed5fb-03de-4894-9094-aefa83d3dcbe,PROJ-3705,2014,parking lot addition. also signed on 10/21/15 by GB - as built survey to be recorded.,PROJ-3705,Chatham Financial,566405.403538659,5023.10163685767
1370,LD-6-14-10058,Parsons & Baker Knitting Mill Conversion,2014/07/16 00:00:00+00,2014/06/20 00:00:00+00,2018/09/07 00:00:00+00,2018/09/10 00:00:00+00,0.49,23,,Residential,Apartment,23,, , ,0, , ,0,f71eb902-46e5-488c-8084-89878630a3b4,PROJ-3710,2014,"Parsons & Baker Knitting Mill Conversion. 
Proposed 23unit apartment building",PROJ-3710,Parsons & Baker Knitting Mill Conversion,21699.5622607679,589.276468871575
1371,LD-6-14-10073,Ultimate Image-Lionville,2014/07/11 00:00:00+00,2014/06/26 00:00:00+00,,,1.2,1,4527,Commercial,Retail,1,, , ,0, , ,0,3fdbe370-c845-4de2-9d9a-53e7ab78b6cf,SUB-11634,2014,proposed salon and spa building with 2nd floor office/storage.,SUB-11634,PROPOSED RESTAURANT LD,42295.9900513334,929.106072785186
1372,LD-6-14-9977,Northwyn Court Apartments,2014/06/20 00:00:00+00,2014/06/09 00:00:00+00,,,5.8,20,,Residential,Apartment,20,, , ,0, , ,0,bda76071-da94-4a6d-b9d5-04023e3da531,PROJ-3690,2014,Proposed 20 unit apartment building,PROJ-3690,Northwyn Court,232509.753275234,1987.84273395565
1373,LD-6-15-11986,Riverside Daycare,2015/06/15 00:00:00+00,2015/06/03 00:00:00+00,,,2.17,1,10000,Commercial,Child Daycare,1,, , ,0, , ,0,b3acf42f-cd45-4a8a-bcbf-11ed568b0dee,PROJ-4099,2015,construct day care building and parking.,PROJ-4099,Riverside Daycare,98787.3815743557,1258.98876908533
1374,LD-6-15-11987,Lionville Shopping Center - #1 Pad ,2015/07/01 00:00:00+00,2015/06/05 00:00:00+00,2015/09/14 00:00:00+00,2015/12/09 00:00:00+00,5.6,1,6889,Commercial,Retail,1,, , ,0, , ,0,55f4c4c7-ac46-4773-bb97-3c4455d09227,PROJ-1264,2015,demolish building and build Auto Parts store,PROJ-1264,Lionville Shopping Center,243408.203001921,2426.19568075754
1375,LD-6-15-12013,Fidelity Contracting,2015/07/01 00:00:00+00,2015/06/10 00:00:00+00,2016/08/08 00:00:00+00,2016/08/10 00:00:00+00,6.14,1,14700,Commercial, ,1,, , ,0, , ,0,ebdeb46c-a2f1-409b-86d1-e6608b44db0f,PROJ-4096,2015,tear down existing house and build new commercial building,PROJ-4096,Fidelity Contracting,262055.436172123,2132.31278935773
1376,LD-6-15-12015,"Life Time Fitness, Inc.",2015/07/01 00:00:00+00,2015/06/10 00:00:00+00,2015/12/07 00:00:00+00,2016/05/27 00:00:00+00,21.3,3,176986,Institutional,School,1,,Commercial, ,2, , ,0,c4530519-aba7-431d-9a9d-c81eb1a2b9c6,PROJ-4104,2015,"proposed private school, health club, bistro, pool and and parking. (3 buildings) also see SD-6-15-12014.",PROJ-4104,Life Time Fitness,866453.062494511,3759.80137788094
1377,LD-6-15-12036,Worington Common Barn,2015/07/02 00:00:00+00,2015/06/12 00:00:00+00,2016/04/25 00:00:00+00,2016/07/29 00:00:00+00,13.72,2,,Residential,Twin,2,, , ,0, , ,0,2b252cc3-6ed5-47be-8e3f-8099a1223e78,PROJ-4106,2015,Construct 2 dwellings. (There is an existing barn that will have 2 new building additions and will be converted into 2 twin units.) also see SD-6-15-12035.  Note: one review letter for SD-6-15-12035 and LD-6-15-12036,PROJ-4106,Worington Commons Barn,599882.592804178,4448.2720479344
1378,LD-6-15-12054,Riehl Land LP,2015/07/13 00:00:00+00,2015/06/15 00:00:00+00,2015/03/11 00:00:00+00,2015/07/27 00:00:00+00,4.05,1,44370,Industrial,Warehouse,1,, , ,0, , ,0,42463e48-953e-426a-851c-0f8e7d93b0fb,PROJ-3956,2015,construct an office and warehouse building,PROJ-3956,Riehl Land LP and Westbrooke LP,131148.238549176,1495.0854071218
1379,LD-6-15-12122,Sharpless Hall Redevelopment,2015/07/15 00:00:00+00,2015/06/23 00:00:00+00,2016/02/16 00:00:00+00,2016/09/21 00:00:00+00,4.1,69,,Residential,Apartment,69,age restricted housing, , ,0, , ,0,95fea305-03a4-4e92-bc55-cac1953ddcc4,PROJ-4124,2015,Senior Living Facility.,PROJ-4124,Sharpless Hall Redevelopment,180412.848893485,1714.76830687246
1380,LD-6-15-12134,Eagleview Lot 8,2015/07/17 00:00:00+00,2015/06/25 00:00:00+00,2015/08/10 00:00:00+00,2015/08/18 00:00:00+00,8,1,1086,Commercial,Addition to Existing,1,, , ,0, , ,0,7ac7dfb1-e354-4b28-af36-5801f7f94053,PROJ-4126,2015,addition to existing building,PROJ-4126,Eagleview Lot 8,355475.15485622,2398.85875915915
1381,LD-6-16-13941,East Coventry Elementary School,2016/06/13 00:00:00+00,2016/05/31 00:00:00+00,,,51.99,1,85800,Institutional,School,1,, , ,0, , ,0,2e4df9e8-0668-45de-920f-1b5b779169f9,PROJ-4158,2016,"proposed: elementary school, parking and athletic field(s).  see previous review LD-9-15-12487.",PROJ-4158,East Coventry Elementary School,2267456.71131576,8294.48867746847
1382,LD-6-16-13973,The Village at Byer's Station,2016/06/16 00:00:00+00,2016/06/03 00:00:00+00,2017/05/15 00:00:00+00,2017/12/20 00:00:00+00,29.79,121,,Residential,Townhouse,121,, , ,0, , ,0,7bdd1786-f3e5-4cbd-9f88-e6cb80a32be2,PROJ-4352,2016,"lot 1 proposed: 121 townhouses, parking, 7 roads, tot lot, etc. lot 2 proposed: access road on commercial lot. see previous review 6790-9. also see SD-6-16-13972.",PROJ-4352,Village at Byers Station,1350588.78328782,5016.25000950421
1383,LD-6-16-13994,"Chesco Real Estate, LLC",2016/06/21 00:00:00+00,2016/06/10 00:00:00+00,2016/09/16 00:00:00+00,2018/06/14 00:00:00+00,0.41,12,,Residential,Apartment,12,, , ,0, , ,0,4c9ac322-175a-4639-87a1-098519bca6cb,PROJ-4354,2016,Proposed 12 unit apartment building,PROJ-4354,"Chesco Real Estate, LLC",18610.0537624708,591.403636762174
1384,LD-6-16-14007,Stoltzfus Storage,2016/06/27 00:00:00+00,2016/06/10 00:00:00+00,2016/07/13 00:00:00+00,2016/09/27 00:00:00+00,5,1,7800,Industrial,Warehouse,1,, , ,0, , ,0,20d40fb3-cc51-496f-80b6-47c9d04d1e65,PROJ-4355,2016,"Proposed 7,800 warehouse and mfg building",PROJ-4355,Stoltzfus Storage,202217.835749916,1795.46368582126
1385,LD-6-16-14018,Marriott Towneplace Suites,2016/07/12 00:00:00+00,2016/06/13 00:00:00+00,2017/04/26 00:00:00+00,2017/05/03 00:00:00+00,12.3,1,71500,Commercial,Hotel/Resort/Inn,1,, , ,0, , ,0,d935b62d-589c-4e04-a686-900d22046997,PROJ-4357,2016,"Construct 71,500 SF hotel and changing parking.  also see plan SD-6-16-14017",PROJ-4357,Marriott Towneplace Suites,506162.900709621,3486.10815577321
1386,LD-6-16-14020,Sage Atwater,2016/07/12 00:00:00+00,2016/06/13 00:00:00+00,2016/12/15 00:00:00+00,2017/05/30 00:00:00+00,31.75,1,139406,Institutional,Nursing Home/Assisted Living,1,, , ,0, , ,0,aebc8561-073e-4b5b-aeea-259f651262b3,PROJ-4358,2016,"Construct 139,406 square foot Senior Living Building.  Refer to SD-6-16-14019 for concurrent subdivision plan.",PROJ-4358,Sage Atwater,1312421.49147317,5155.67551050867
1387,LD-7-10-2366,Shearon Environmental Design,2010/07/30 00:00:00+00,2010/07/01 00:00:00+00,2010/12/15 00:00:00+00,2010/12/17 00:00:00+00,9.92,1,9878,Industrial,Warehouse,1,, ,Office Building,0, , ,0,a521aa44-2848-4cc0-a60d-93f9e57182f7,PROJ-1630,2010,proposed warehouse and office,PROJ-1630,Shearon Environmental Design,425663.803116886,4713.4775936927
1388,LD-7-10-2374,Friendship Cemetery Inc.,2010/08/05 00:00:00+00,2010/07/09 00:00:00+00,2011/12/13 00:00:00+00,2011/12/27 00:00:00+00,2.69,1,,Institutional,Cemetery,1,, , ,0, , ,0,907e015b-2a0e-4166-b208-c524c955a328,PROJ-1652,2010,proposed cemetery,PROJ-1652,Friendship Cemetery Inc,89064.051805851,1494.19680452002
1389,LD-7-10-2396,Melissa K. Stubenberg,2010/08/06 00:00:00+00,2010/07/09 00:00:00+00,2010/11/03 00:00:00+00,2011/03/02 00:00:00+00,36.41,1,,Residential,Single Family Residential,1,Horse Farm, , ,0, , ,0,97ade979-5f96-42cb-82b5-d1d595512caf,PROJ-1633,2010,"proposed horse farm - indoor riding arena facility, stables, & apartment.
see conditional use #4574",PROJ-1633,Melissa K Stubenberg,1602511.96266717,6717.5935784305
1390,LD-7-11-4472,Giant Food Store #6045 @ Jennersvil,2011/07/28 00:00:00+00,2011/06/28 00:00:00+00,,,5.49,2,8936,Commercial,Unique,1,Fueling Facility / Gas Station,Commercial,Office Building,1, , ,0,a4a9de8a-079e-406f-8021-aa82dca6962f,PROJ-2371,2011,"Full Plan Title Name: Giant Food Store # 6045 @ Jennersville - Fueling Facillity

Proposed Fueling Facility and office building with parking. See previous review # 09902-7.

***SKETCH PLAN***",PROJ-2371,Giant Food Store 6045 Jennersville Fueling Facilit,240227.674422142,2442.8807870303
1391,LD-7-11-4487,Remo Toto,2011/07/29 00:00:00+00,2011/07/01 00:00:00+00,2012/07/09 00:00:00+00,2012/08/15 00:00:00+00,2,1,19836,Industrial,Unique,1,Unspecified useage, , ,0, , ,0,5ed1686f-cc7b-470c-a8e4-9b1617805089,PROJ-2352,2011,construct industrial building and parking,PROJ-2352,Remo Toto Land Development,80170.9524436426,1133.12116448397
1392,LD-7-11-4516,Coatesville Redevelopment Project,2011/08/02 00:00:00+00,2011/07/07 00:00:00+00,,,12.86,1,,Commercial,Parking Lot/Garage,1,, , ,0, , ,0,953d3644-23a2-462b-b6d3-d321da3e4098,001-01-08,2011,Surface parking to replace previously approved parking garage. See previous review #'s LD-1-10-1202 and SD-8-10-2633.,001-01-08,City of Coatesville Redevelopment Project,518266.29392623,4815.48202112741
1393,LD-7-11-4527,Proposed CVS Pharmacy,2011/08/05 00:00:00+00,2011/07/08 00:00:00+00,2011/12/07 00:00:00+00,2011/12/13 00:00:00+00,5.02,2,28013,Commercial,Retail,2,Pharmacy/Retail, , ,0, , ,0,1408c30b-9e4d-4f3f-852a-0ec99bfcfcce,PROJ-2115,2011,Proposed CVS Pharmacy with drive thru and retail building with parking. See also SD-7-11-4526. See previous review # 07537-3.,PROJ-2115,Proposed CVS Pharmacy,220525.82627808,2214.86427350359
1394,LD-7-11-4552,Reedville Ventures LLC,2011/08/11 00:00:00+00,2011/07/12 00:00:00+00,,,25.41,2,52400,Industrial,Addition to Existing,2,Unknown industrial building additions, , ,0, , ,0,4af4abdf-58dd-4bcd-8b4c-abc750bf590b,PROJ-2372,2011,3 proposed building additions on 2 existing buildings,PROJ-2372,Reedville Ventures LLC Land Development,1035301.98744469,4889.04064619145
1395,LD-7-11-4580,Paoli Transit Center Solar Project,2011/08/09 00:00:00+00,2011/07/15 00:00:00+00,,,6.28,1,,Industrial,Unique,1,Construct Solar Panels on Railroad Property, , ,0, , ,0,04006a22-4f3f-4777-9c16-0f0176509d30,PROJ-2397,2011,Construct solar power generating facility. See previous review # 11995.,PROJ-2397,Paoli Transit Center Solar Project,243767.453539931,2846.45350387247
1396,LD-7-11-4594,Devon Village,2011/08/12 00:00:00+00,2011/07/20 00:00:00+00,,,6.27,2,3237,Commercial,Addition to Existing,1,Addition to retail building,Commercial,Bank,1, , ,0,7391546a-33ba-4ff0-9680-851d13785dd4,PROJ-2399,2011,"Construct bank, addition to retail and parking. See previous review # 07288-5S.",PROJ-2399,Devon Village,279688.959578608,2151.19984553402
1397,LD-7-11-4616,Aqua PA - Chemical Building,2011/08/24 00:00:00+00,2011/07/25 00:00:00+00,2012/02/13 00:00:00+00,2012/02/16 00:00:00+00,60.45,1,8250,Institutional,Utility,1,Chemical Building, , ,0, , ,0,4c310dbd-3f04-42ad-80e2-a612bb6be4bf,PROJ-2403,2011,Construct chemical building.,PROJ-2403,Aqua PA - Chemical Building,2328569.66352707,8590.40789101941
1398,LD-7-11-4635,Phoenixville Hospital Urgent Care C,2011/08/19 00:00:00+00,2011/07/27 00:00:00+00,,,33.7,1,5194,Institutional,Hospital,1,Urgent Care Center, , ,0, , ,0,c3a2f20d-f3b8-4058-9b62-f637abcf5755,PROJ-2412,2011,"Full plan title: Phoenixville Hospital Urgent Care Center

Renovate existing commercial building and for re-use as medical building and parking. See previous review # 06500-4.",PROJ-2412,Phoenixville Hospital Urgent Care Center,1470404.7228763,8976.83453207765
1399,LD-7-11-4642,Pleasant View Welding,2011/08/25 00:00:00+00,2011/07/26 00:00:00+00,2011/10/25 00:00:00+00,2011/10/25 00:00:00+00,10.84,1,,Residential,Single Family Residential,1,, , ,0, , ,0,a00f7d02-ab12-4761-93f1-74ac1b29e9d6,PROJ-2416,2011,Proposed dwelling and barn. See previous review # SD-12-10-3298.,PROJ-2416,Pleasant View Welding,436998.59991556,3105.10673386231
1400,LD-7-12-6353,Madison at French Creek,2012/08/01 00:00:00+00,2012/07/03 00:00:00+00,2015/03/25 00:00:00+00,2015/03/27 00:00:00+00,20.59,352,12670,Residential,Apartment,350,,Commercial, ,1,Commercial, ,1,5722a931-a6dd-483c-8a71-1242a5e8b84e,SUB-08640,2012,"Proposed 350 apartments, clubhouse and office in 6 buildings. also - pool, parking and trails.

see previous review 8640-14.",SUB-08640,PHOENIX PIPE & TUBE,840591.588396915,3792.64226160864
1401,LD-7-12-6359,Bellewood Golf Club Pool Facility,2012/08/02 00:00:00+00,2012/07/03 00:00:00+00,2012/12/07 00:00:00+00,2012/12/10 00:00:00+00,130.9,2,3600,Commercial, ,2,pool facility buildings, , ,0, , ,0,0b1f8245-8862-4185-a41b-80f3c75639f8,SUB-10383,2012,"proposed pool facility - 2 buildings, 2 pools, pool deck, etc.

see previous review 10383-2.",SUB-10383,BELLEWOOD GOLF CLUB,5979452.07819472,12132.4066097294
1402,LD-7-12-6361,75 Valley Stream Parkway,2012/08/03 00:00:00+00,2012/07/10 00:00:00+00,2012/10/16 00:00:00+00,2012/11/01 00:00:00+00,8.26,1,,Commercial,Parking Lot/Garage,1,, , ,0, , ,0,4d498ec9-7d46-44c9-afce-9aa0781eed07,PROJ-2882,2012,proposed additional parking and revise driveways,PROJ-2882,75 Valley Stream Parkway,323166.774767882,2255.49473602021
1403,LD-7-12-6427,Rotelle Development Co.,2012/08/17 00:00:00+00,2012/07/18 00:00:00+00,,,1.87,1,1409,Commercial,Addition to Existing,1,, , ,0, , ,0,6f469f57-8fa8-4ba9-9c9b-4f4e9a96cab9,PROJ-2901,2012,proposed building addition,PROJ-2901,Rotelle Development Co.,84573.4751899822,1162.18139379009
1404,LD-7-12-6441,West Chester University University ,2012/08/21 00:00:00+00,2012/07/24 00:00:00+00,2012/11/20 00:00:00+00,2013/01/09 00:00:00+00,36.22,1,180634,Institutional,Dormitory,1,653 beds, , ,0, , ,0,412543eb-ebe0-44d7-8aaf-620784ab1e0f,PROJ-2905,2012,"Full plan title: West Chester University, University Student Housing - Building 'C'

1 proposed bldg (653 beds)

see previous review LD-1-10-1298

Also approved
10/16/13
10/22/13
JK",PROJ-2905,West Chester University University Student Housing,1548898.32883875,5004.63539232424
1405,LD-7-13-8179,290 National Road,2013/07/22 00:00:00+00,2013/06/27 00:00:00+00,2013/08/07 00:00:00+00,2013/09/27 00:00:00+00,13.01,1,88800,Commercial,Warehouse,1,, , ,0, , ,0,43ae5431-8304-45ec-9d2d-8a34c4398289,SUB-03722,2013,"Proposed flex office/warehouse building

See previous review 03722-16",SUB-03722,WEST WHITELAND TOWNSHIP,514046.733050233,3110.76263413018
1406,LD-7-13-8193,Chester County Art Association,2013/07/19 00:00:00+00,2013/06/28 00:00:00+00,,,5.47,1,4170,Institutional,Addition to Existing,1,, , ,0, , ,0,ecd89e16-4af0-41ec-b226-995a980fd57b,PROJ-3309,2013,"Proposed building addition

See also SD-7-13-8192",PROJ-3309,Chester County Art Association,224419.502695861,1981.39992953471
1407,LD-7-13-8204,The Bruner Residential Development,2013/07/25 00:00:00+00,2013/07/03 00:00:00+00,2013/12/12 00:00:00+00,2014/01/06 00:00:00+00,58.95,185,,Residential,Single Family Residential,72,,Residential,Townhouse,113, , ,0,6503b8af-0669-4ec2-bcc6-9115612ac140,SUB-12437,2013,"Proposed single family residential, townhouses, community area, and waste water treatment plant. See previous review 12437-2. Also see SD-7-13-8203",SUB-12437,BRUNER RESIDENTIAL DEVELOPMENT SD,2422900.46935054,9586.2294734257
1408,LD-7-13-8240,Keystone Helicopter,2013/08/09 00:00:00+00,2013/07/11 00:00:00+00,2013/11/06 00:00:00+00,2013/12/02 00:00:00+00,27.81,1,2150,Industrial,Addition to Existing,1,, , ,0, , ,0,916f0642-5265-4ab2-b517-2a8e6cca4fd3,SUB-03978,2013,Proposed building addition. See previous review 03978-17,SUB-03978,RAMPMASTER GENERAL TRANSERVICE INC. LOT 23 LD,1210055.52654378,5584.94153941706
1409,LD-7-13-8275,707 E. Gay Street,2013/08/05 00:00:00+00,2013/07/12 00:00:00+00,2013/09/11 00:00:00+00,2013/10/01 00:00:00+00,2.03,1,8924,Commercial,Unique,1,Proposed office area and attached vehicle service area, , ,0, , ,0,1bad33f4-9509-4da8-8455-15eb38995a36,SUB-11164,2013,"Proposed office area and attached vehicle service area

See previous review 11164
",SUB-11164,"AUBERT, JAMES & CAROL",80630.0379401746,1415.01461347761
1410,LD-7-13-8291,Tony Tu Ha,2013/08/06 00:00:00+00,2013/07/15 00:00:00+00,2014/08/06 00:00:00+00,2014/09/02 00:00:00+00,3.25,1,658,Commercial,Addition to Existing,1,, , ,0, , ,0,746be545-db24-4f23-9830-1e387590ec7c,PROJ-3323,2013,"Proposed building addition and parking
",PROJ-3323,Tony Tu Ha Land Development,159971.006490266,1938.17616779986
1411,LD-7-13-8293,UGI Central Penn Gas,2013/08/02 00:00:00+00,2013/07/15 00:00:00+00,2014/03/25 00:00:00+00,2014/04/09 00:00:00+00,2.21,1,1800,Industrial,Unique,1,Storage building, , ,0, , ,0,26e359d4-5f0b-4bf8-aabf-304ffd2d3a82,PROJ-3324,2013,"Proposed storage building and bituminous paving

",PROJ-3324,UGI Central Penn Gas,58266.5374274751,1444.66316259217
1412,LD-7-13-8311,Azer Scientific Inc.,2013/08/16 00:00:00+00,2013/07/17 00:00:00+00,,,3.13,1,14928,Commercial,Addition to Existing,1,, , ,0, , ,0,99b6f9fb-4240-4263-b73a-9062b8350a20,PROJ-3328,2013,Proposed building addition and parking,PROJ-3328,Azer Scientific Inc.,135867.653017722,1645.04705447293
1413,LD-7-13-8312,Kennett Area YMCA South Willow Street Parking Facility,2013/08/09 00:00:00+00,2013/07/18 00:00:00+00,2013/11/07 00:00:00+00,2013/11/26 00:00:00+00,1.02,1,,Institutional,Parking Lot/Garage,1,, , ,0, , ,0,1b0be598-e29d-4595-8754-50be4035dcae,SUB-11613,2013,Proposed parking lot (See previous review 11613),SUB-11613,COHEN PROPERTY SD,43965.0846506844,873.599742257926
1414,LD-7-13-8323,26 Main Avenue LLC,2013/08/12 00:00:00+00,2013/07/26 00:00:00+00,2013/10/07 00:00:00+00,2015/06/02 00:00:00+00,0.28,2,,Residential,Twin,2,, , ,0, , ,0,3baa5886-1f06-4960-9df7-33b16f38687a,PROJ-2211,2013,"Proposed twin with garages

See previous review LD-4-11-4026

also signed on 4/12/16 by GB, approved by muni on 1/19/16.",PROJ-2211,26 Main Avenue LLC,12457.4635461464,481.615610466756
1415,LD-7-14-10124,1699 Fairville Rd,2014/07/21 00:00:00+00,2014/07/07 00:00:00+00,2015/04/15 00:00:00+00,2015/04/23 00:00:00+00,1.1,1,853,Commercial,Addition to Existing,1,, , ,0, , ,0,113ea05b-88d8-40b5-98ba-1374ed5b2713,PROJ-3722,2014,Building addition and gravel parking lot,PROJ-3722,1699 Fairville Road,58932.0817823733,1209.27498040914
1416,LD-7-14-10151,Linden Hall,2014/08/01 00:00:00+00,2014/07/09 00:00:00+00,2014/11/11 00:00:00+00,2015/07/09 00:00:00+00,8.9,60,,Residential,Townhouse,60,, , ,0, , ,0,f24cb587-56a1-44fe-b9eb-f7ea8d62396e,PROJ-3728,2014,"see also plan SD-7-14-10152
60 townhouse units",PROJ-3728,Linden Hall,391257.836726054,3053.72584118183
1417,LD-7-14-10157,S. E. Veterans Center,2014/07/22 00:00:00+00,2014/07/10 00:00:00+00,2016/10/05 00:00:00+00,2016/10/19 00:00:00+00,215,1,12900,Institutional,Utility,1,, , ,0, , ,0,458ee7d9-f9f5-4158-a9e8-0fd4fd3a1cd9,PROJ-2753,2014,,PROJ-2753,Southeastern Veterans Center New Pump Station and ,5235199.68662361,14721.0903448169
1418,LD-7-14-10165,Franklin Township Salt Storage Facility,2014/08/01 00:00:00+00,2014/07/11 00:00:00+00,2014/09/17 00:00:00+00,2014/10/03 00:00:00+00,5.4,1,2400,Institutional,Government,1,, , ,0, , ,0,c191d0a2-86a1-4a1e-b50b-f09e8afbafb2,PROJ-3731,2014,Proposed salt storage building.,PROJ-3731,Franklin Township Salt Storage Facility,223630.966283442,2896.4343878881
1419,LD-7-14-10169,Swedesford Partners LP,2014/08/18 00:00:00+00,2014/07/24 00:00:00+00,,,15.7,3,128600,Commercial,Warehouse,3,, , ,0, , ,0,97f80686-c6f9-4c3f-a7ce-8f665ca153c4,PROJ-3699,2014,"3 warehouses / offices
previous review 5649-6
also see SD-7-14-10168",PROJ-3699,Swedesford Partners LP,658404.428814591,3949.64353023374
1420,LD-7-14-10179,Applecross Country Club Golf Course,2014/08/05 00:00:00+00,2014/07/14 00:00:00+00,2015/05/07 00:00:00+00,2015/05/08 00:00:00+00,56.5,1,25405,Commercial,Addition to Existing,1,, , ,0, , ,0,aed0342b-023d-4999-853a-154a05112253,PROJ-3734,2014,"Full plan title: Applecross Country Club Golf Course Facilities.
golf course facilities expansion.
see previous review SD-12-11-5356.",PROJ-3734,Applecross Country Club Golf Course Facilities,2463367.09864597,6628.97532221539
1421,LD-7-14-10185,New Early Learning Center ,2014/08/13 00:00:00+00,2014/07/14 00:00:00+00,2015/08/27 00:00:00+00,2015/08/31 00:00:00+00,50.15,1,152500,Institutional,School,1,, , ,0, , ,0,f3030f0f-a493-4f21-a473-2c12a88ff986,PROJ-3738,2014,"Full plan title: New Early learning Center Elementary School Phoenixville Area Sch Dist.
new early learning center",PROJ-3738,New Early Learning Center Elementary School PASD,2218481.78450451,8139.82578854584
1422,LD-7-14-10187,Family Dollar - Oxford,2014/08/13 00:00:00+00,2014/07/16 00:00:00+00,,,1.44,1,8320,Commercial,Retail,1,, , ,0, , ,0,62160e28-60d8-48f5-a430-c17df988f659,PROJ-3739,2014,proposed commercial building,PROJ-3739,Family Dollar - Oxford,61000.7326758949,996.170049995596
1423,LD-7-14-10190,Softmart Inc Creek Road Business Park,2014/08/15 00:00:00+00,2014/07/17 00:00:00+00,,,18.19,1,87000,Commercial,Office Building,1,, , ,0, , ,0,58ca2905-de9e-4fe3-96b2-78f4563f2a7b,PROJ-3740,2014,proposed office building.,PROJ-3740,Softmart Inc,761217.860859267,4544.85338461902
1424,LD-7-14-10215,Family Dollar,2014/08/12 00:00:00+00,2014/07/21 00:00:00+00,2016/02/18 00:00:00+00,2016/03/30 00:00:00+00,0.87,1,8320,Commercial,Retail,1,, , ,0, , ,0,3244d47b-9a5f-42f8-a8e7-bda34bce1ead,PROJ-3746,2014,proposed commercial retail building,PROJ-3746,"Family Dollar (Boos-Coatesville, LLC)",34937.4280362403,754.505281359964
1425,LD-7-14-10233,Whitehall Acres Apartments,2014/08/12 00:00:00+00,2014/07/23 00:00:00+00,,,6.29,1,2500,Residential,Apartment,1,, , ,0, , ,0,a8c7bb17-c405-4bdc-8994-d492cfbf03c4,PROJ-3752,2014,proposed 2500 sf community Bldg,PROJ-3752,Whitehall Acres Apartments,273185.793873565,2649.3812258293
1426,LD-7-14-10277,B200 CMC Lab Renovation,2014/08/15 00:00:00+00,2014/07/29 00:00:00+00,2014/08/27 00:00:00+00,2014/12/17 00:00:00+00,17.59,1,1240,Industrial,Addition to Existing,1,, ,Manufacturing,0, , ,0,bb8f04a2-74c9-4836-8968-e2c19fcdfe85,PROJ-1170,2014,"Building addition, previous review LD-1-10-1237",PROJ-1170,Brandywine Business Center,794638.578672404,4434.93899187889
1427,LD-7-14-10282,Pica's,2014/08/18 00:00:00+00,2014/07/29 00:00:00+00,2014/11/12 00:00:00+00,2014/12/17 00:00:00+00,1.77,1,7796,Commercial,Restaurant,1,, , ,0, , ,0,9076fedf-5961-4046-be67-57e46617c9fa,PROJ-3101,2014,"Proposed Restaurant.
Previous review LD-12-12-7225
also see SD-7-14-10281",PROJ-3101,Pica's,71825.8297964542,1118.3011347518
1428,LD-7-15-12194,8 Lee Boulevard,2015/07/20 00:00:00+00,2015/07/02 00:00:00+00,2015/08/12 00:00:00+00,2016/03/21 00:00:00+00,17.97,1,121575,Commercial,Addition to Existing,1,, , ,0, , ,0,8aa5d13d-d425-4829-bca8-4d38abe25805,PROJ-4059,2015,addition to existing building. see previous review LD-5-15-11800.,PROJ-4059,8 Lee Boulevard,740324.074675826,3678.51440750941
1429,LD-7-15-12197,Cannery,2015/07/23 00:00:00+00,2015/07/06 00:00:00+00,2017/01/17 00:00:00+00,2017/04/06 00:00:00+00,4.3,16,23150,Residential,Apartment,12,,Commercial,Retail,3,Commercial,Restaurant,1,e471c33d-9240-4f13-9ed3-7a6daa07fc77,PROJ-4131,2015,"demolish existing building and tank. construct 4 buildings with 12 apartments, retail, restaurant, office space and parking. ",PROJ-4131,Cannery,232389.867075022,2094.4764934967
1430,LD-7-15-12206,30 West Rosedale Avenue West Cheste,2015/08/04 00:00:00+00,2015/07/10 00:00:00+00,,,1.4,1,10800,Institutional,Office Building,1,, , ,0, , ,0,3ac4f30f-4ef6-40a4-be11-1519f4ce7bde,PROJ-4135,2015,"Full plan title: ""30 West Rosedale Avenue, West Chester University.""

demolish existing buildings on UPI# 52-5N-28-E and construct office building and 14 parking spaces, and construct 19 parking spaces on UPI# 52-5N-26-E ",PROJ-4135,West Chester University 30 West Rosedale Avenue,65721.7200974411,1468.53870239034
1431,LD-7-15-12207,Freedom Village at Brandywine,2015/08/07 00:00:00+00,2015/07/10 00:00:00+00,2015/09/03 00:00:00+00,2015/12/18 00:00:00+00,29.7,1,689,Institutional,Addition to Existing,1,, ,Nursing Home/Assisted Living,0, , ,0,8ca56c33-8e0f-47e3-8470-0ba69c422491,PROJ-4137,2015,building addition to accommodate pool,PROJ-4137,Freedom Village at Brandywine,1251610.24172163,5940.59701148451
1432,LD-7-15-12208,Ethermore & Associates,2015/08/07 00:00:00+00,2015/07/10 00:00:00+00,2015/10/06 00:00:00+00,2015/10/07 00:00:00+00,3.04,1,14000,Commercial,Addition to Existing,1,, ,Warehouse,0, , ,0,3ddb1ff5-0327-4983-8a6d-7dd2e2fef0d5,PROJ-4138,2015,proposed building addition,PROJ-4138,Ethermore & Associates,131634.6314572,1444.8304691633
1433,LD-7-15-12238,Greth Property,2015/08/07 00:00:00+00,2015/07/16 00:00:00+00,2016/12/21 00:00:00+00,2017/01/03 00:00:00+00,1.9,12,,Residential,Townhouse,12,, , ,0, , ,0,522b7658-9453-4356-bacd-d28334694125,PROJ-4139,2015,Build 12 townhouses,PROJ-4139,Greth Proprty,73603.5710820757,2097.53274613361
1434,LD-7-15-12270,Otto's BMW,2015/08/07 00:00:00+00,2015/07/22 00:00:00+00,2015/09/14 00:00:00+00,2015/12/15 00:00:00+00,6.8,1,20224,Commercial,Addition to Existing,1,, ,Retail,0, , ,0,84fb6377-ab78-4adc-9b3d-976de883d7e7,PROJ-3947,2015,Addition to building. also see SD-7-15-12269.,PROJ-3947,"Otto's Imported Cars, LTD",288147.137623199,2425.53368453862
1435,LD-7-16-14120,Proposed CVS Pharmacy,2016/08/03 00:00:00+00,2016/07/05 00:00:00+00,2016/10/26 00:00:00+00,2017/03/20 00:00:00+00,26.05,1,12900,Commercial,Retail,1,, , ,0, , ,0,ed9a309d-d334-4b03-85cd-46a520e51e08,PROJ-4372,2016,"Demolish existing buildings and construct 12,900 square foot CVS.",PROJ-4372,CVS Whiteland Town Center,1072202.64654718,9579.31922552409
1436,LD-7-16-14146,912 S. Union Street,2016/08/05 00:00:00+00,2016/07/08 00:00:00+00,2017/09/11 00:00:00+00,2017/09/14 00:00:00+00,9.98,39,,Residential,Townhouse,38,,Residential,Single Family Residential,1, , ,0,0df4fb7d-a050-4dfb-a0c4-8929d82663ab,PROJ-4375,2016,"Construct 38 Townhomes, roads and parking. One existing SFR",PROJ-4375,912 S Union Street,392445.94915743,2537.28335030217
1437,LD-7-16-14223,Razor Sharp Grinding,2016/08/09 00:00:00+00,2016/07/21 00:00:00+00,2016/09/30 00:00:00+00,2016/10/20 00:00:00+00,6.26,1,4350,Industrial,Addition to Existing,1,, , ,0, , ,0,5941a36d-c56c-4350-ac68-00a981439be8,PROJ-4382,2016,building addition. also see SD-7-16-14222.,PROJ-4382,Razor Sharp Grinding,200897.605564769,2714.52443794153
1438,LD-7-16-14241,Renaissance Academy at Franklin Commons,2016/08/12 00:00:00+00,2016/07/26 00:00:00+00,,,24.7,1,,Institutional,School,1,playground, , ,0, , ,0,ebe35a74-b939-4031-b0e8-b2352d5d3fe6,PROJ-4385,2016,"proposed playground and road improvements to existing school. see previous review 12559.
Note: The plan review was withdrawn after it was completed. Do not endorse this plan.",PROJ-4385,Renaissance Academy at Franklin Commons,1278981.63137156,18097.1566700286
1439,LD-8-10-2533,Washington Square,2010/08/27 00:00:00+00,2010/07/29 00:00:00+00,,,32.48,137,10000,Residential,Townhouse,95,,Residential,Single Family Residential,41,Commercial,Child Daycare,1,982cc1fd-8ee2-47f4-8e6d-7a51a351ebdc,SUB-12235,2010,"5 parcels into 137 units
136 residential and 1 day care
see previous review 12235",SUB-12235,CHANNING VIEW,1337577.21315704,6889.98302335703
1440,LD-8-10-2534,Coventry Congregation of Jehovah's ,2010/08/26 00:00:00+00,2010/07/29 00:00:00+00,2012/11/12 00:00:00+00,2012/11/15 00:00:00+00,2.57,1,704,Institutional,Addition to Existing,1,, , ,0, , ,0,fe854b39-9e34-4e3f-9c47-004e28604d33,PROJ-1712,2010,"Note: Plan Title field is too short, Plan Title is: Coventry Congregation of Jehovah's Witnesses
Bldg addition",PROJ-1712,Coventry Congregation of Jehovahs Witnesses,115769.150043067,1372.34612020983
1441,LD-8-10-2541,Spaz Beverage,2010/08/18 00:00:00+00,2010/07/28 00:00:00+00,2010/08/09 00:00:00+00,2010/09/28 00:00:00+00,0.89,1,,Commercial,Parking Lot/Garage,1,, , ,0, , ,0,9cd6498f-2a91-4b22-aa5d-ba4c8ea23cf2,SUB-12432,2010,"7 new parking spaces
see previous review 12432-2",SUB-12432,SPAZ BEVERAGE SD,38702.5033933332,855.157531511294
1442,LD-8-10-2563,Penn Wood Elementary School,2010/09/01 00:00:00+00,2010/08/04 00:00:00+00,2012/04/02 00:00:00+00,2012/04/18 00:00:00+00,16.13,1,9600,Institutional,Addition to Existing,1,, , ,0, , ,0,b8a685bb-cbe7-41f5-8408-51b9954de7a5,PROJ-1734,2010,building addition and 2 new parking spaces ,PROJ-1734,Penn Wood Elementary School,709574.027016792,3807.74079064327
1443,LD-8-10-2579,Carver Science Building,2010/09/01 00:00:00+00,2010/08/04 00:00:00+00,2010/12/12 00:00:00+00,2011/03/31 00:00:00+00,104.32,1,40273,Institutional,School,1,, , ,0, , ,0,d9b45481-b2f5-421a-bc62-f79058b711b2,PROJ-1729,2010,Proposed New Science Center,PROJ-1729,Carver Science Center,3508443.97178129,8346.69974843863
1444,LD-8-10-2582,Immaculata University - Admissions ,2010/09/01 00:00:00+00,2010/08/04 00:00:00+00,,,150.8,1,7506,Institutional,School,1,, , ,0, , ,0,4ae381e0-4418-4d6d-80db-3b1eefce1f82,PROJ-1755,2010,"Full plan title: Immaculata University - Admissions & Financial Aid House

Proposed Admissions & Financial Aid House and 6 parking spaces

see previous review 7433-8",PROJ-1755,Immaculata University Admissions and Financial Aid,6591426.25755544,15157.6406196895
1445,LD-8-10-2618,Verizon Pennsylvania Inc.,2010/09/01 00:00:00+00,2010/08/12 00:00:00+00,2011/04/25 00:00:00+00,2011/06/13 00:00:00+00,3.63,1,528,Commercial,Utility,1,, , ,0, , ,0,54e55d0c-b721-45e7-aa7e-393f2320ebaa,PROJ-1765,2010,"2 new sheds, relocating 3 sheds",PROJ-1765,Verizon Pennsylvania Inc,152493.298776024,1804.79965862781
1446,LD-8-10-2632,Grandstaff Tank & Well Site,2010/09/17 00:00:00+00,2010/08/18 00:00:00+00,2011/02/07 00:00:00+00,2011/02/09 00:00:00+00,1.12,1,,Institutional,Utility,1,Water Tank, , ,0, , ,0,1c068efb-94cc-4d0c-934e-a3ef845925c6,PROJ-1770,2010,Replacing water tank,PROJ-1770,Grandstaff Tank and Well Site,41813.0909812029,1193.92483484678
1447,LD-8-11-4706,Fire Company Building Expansion,2011/08/26 00:00:00+00,2011/08/02 00:00:00+00,2011/12/28 00:00:00+00,2012/03/13 00:00:00+00,5.74,1,6425,Institutional,Addition to Existing,1,Firehouse, , ,0, , ,0,0a3a1126-3209-40af-9baa-ccc12e5f7834,PROJ-2439,2011,Demolish existing administrative building and reconstruct new one and trail. Ok to waive fee per TW 8/4/11.,PROJ-2439,Fire Company Building Expansion,244105.50929999,2865.87706873138
1448,LD-8-11-4737,PNC Bank Uptown Worthington,2011/08/29 00:00:00+00,2011/08/09 00:00:00+00,2011/11/09 00:00:00+00,2012/01/13 00:00:00+00,69.05,1,4020,Commercial,Bank,1,, , ,0, , ,0,594b8b57-5cdc-4891-a358-dadb93d1779a,PROJ-2449,2011,"proposed bank
see previous review 09525-25",PROJ-2449,Uptown Worthington,4375449.44276699,11530.1308975043
1449,LD-8-11-4768,Westtown Children's Academy,2011/09/21 00:00:00+00,2011/08/22 00:00:00+00,2012/07/23 00:00:00+00,2012/07/25 00:00:00+00,0.78,2,9070,Commercial,Child Daycare,2,, , ,0, , ,0,cfc8e465-4923-4acc-a5eb-c43309ca6a27,PROJ-2458,2011,proposed daycare (2 buildings) and parking,PROJ-2458,Westtown Childrens Academy,33895.4812086798,722.725446144515
1450,LD-8-11-4820,"Jennersville Medical Building, L.P.",2011/09/23 00:00:00+00,2011/08/31 00:00:00+00,2013/11/16 00:00:00+00,2013/11/19 00:00:00+00,45.22,1,100000,Commercial,Medical Building,1,, , ,0, , ,0,a6bfe7fd-4984-446b-b8d8-15a65c4e3643,PROJ-2402,2011,"Construct proposed medical office building, parking and walking trail.",PROJ-2402,Jennersville Medical Building,2012143.48233536,6485.34065677347
1451,LD-8-12-6486,Oxford Area Sewer Authority Ross Spray Field,2012/08/24 00:00:00+00,2012/07/27 00:00:00+00,2012/09/12 00:00:00+00,2012/12/06 00:00:00+00,100.16,2,,Agricultural,Farm/Pasture Land,2,spray fields, , ,0, , ,0,be5dc79f-32ed-49f4-9355-1659dacc731d,PROJ-2908,2012,"Full plan title: Oxford Area Sewer Authority Ross Spray Field

Proposed spray fields",PROJ-2908,Oxford Area Sewer Authority Ross Spray Fields,4545258.87202368,8530.09434784674
1452,LD-8-12-6519,Fillmore Village - Phase 2,2012/09/04 00:00:00+00,2012/08/06 00:00:00+00,2013/05/24 00:00:00+00,2013/05/28 00:00:00+00,23.59,79,,Residential,Townhouse,79,, , ,0, , ,0,c340530f-876b-4b17-b3af-76d41953935f,PROJ-2635,2012,"Construct 79 townhouses, streets and parking. See previous review SD-4-12-5845",PROJ-2635,Fillmore Village and Franklin Commons,849473.908525642,6003.61231543115
1453,LD-8-12-6530,Eagleview Lots 10 & 11,2012/09/04 00:00:00+00,2012/08/08 00:00:00+00,2012/10/15 00:00:00+00,2012/12/13 00:00:00+00,94.19,2,70800,Commercial,Office Building,2,, , ,0, , ,0,69991ec0-b113-4cc9-bdbc-610df5c9308b,PROJ-2927,2012,"proposed building and building link extending right of way into 32-3-81    see also SD-8-12-6529    
see previous review 8132-50",PROJ-2927,Eagleview Lots 10 & 11,4175093.75525222,11114.7111193773
1454,LD-8-12-6556,Westtown School Science Building Ad,2012/09/05 00:00:00+00,2012/08/13 00:00:00+00,2012/12/13 00:00:00+00,2013/02/22 00:00:00+00,170.5,1,6318,Institutional,Addition to Existing,1,School, , ,0, , ,0,10c4bcf3-8606-4fa6-9fb4-bbd9a226480d,PROJ-2932,2012,Full plan title: Westtown School Science Building Addition. See previous review 10438-4. Proposed building addition.,PROJ-2932,Westtown School Science Building Addition,6626532.33565429,10903.6696315609
1455,LD-8-12-6568,115 & 117 E. Chestnut Street,2012/09/10 00:00:00+00,2012/08/14 00:00:00+00,2012/11/20 00:00:00+00,2012/12/03 00:00:00+00,0.37,60,,Residential,Apartment,60,, , ,0, , ,0,3e1989e4-da6c-4323-a7b9-57ce0e224d03,PROJ-2936,2012,Demolish existing buildings and construct 1 building with 60 apartments. See SD-8-12-6567,PROJ-2936,115 & 117 E. Chestnut Street,16164.5955073884,509.876892549622
1456,LD-8-12-6613,Audi Devon,2012/09/14 00:00:00+00,2012/08/24 00:00:00+00,2013/06/17 00:00:00+00,2013/07/30 00:00:00+00,6.75,1,45336,Commercial, ,1,Audi, , ,0, , ,0,c1163198-3032-4429-9e2c-977cf79c1082,PROJ-2953,2012,demolish existing building and construct new one. changing parking.,PROJ-2953,Audi Devon,273669.428534766,2465.05793520848
1457,LD-8-12-6614,PHI-Indian King,2012/09/17 00:00:00+00,2012/08/27 00:00:00+00,,,2.07,1,348,Industrial,Cell Tower,1,, , ,0, , ,0,d0a7ce28-e17d-4f11-abb9-4f7f33d4ab1c,PROJ-2954,2012,proposed equipment shelter & tower/antennas (telecom facility),PROJ-2954,PHI-Indian King,104970.578208255,1363.52736599055
1458,LD-8-12-6616,Oxford Area Sewer Authority Wastewa,2012/09/11 00:00:00+00,2012/08/22 00:00:00+00,2013/01/07 00:00:00+00,2013/01/29 00:00:00+00,15.35,1,9120,Institutional,Unique,1,wastewater treatment plant, , ,0, , ,0,31d2fc9b-6139-46df-8b64-e0189410972d,PROJ-2943,2012,"Full plan title: Oxford Area Sewer Authority Wastewater Treatment Plant

proposed wastewater treatment plant with 3 buildings. see previous review 11230,-2.",PROJ-2943,Oxford Area Sewer Authority Wastewater Treatment P,631377.86214068,4153.22491836701
1459,LD-8-13-8400,Owen J. Roberts School District,2013/09/11 00:00:00+00,2013/08/12 00:00:00+00,2015/11/10 00:00:00+00,2015/11/12 00:00:00+00,18.64,1,39925,Institutional,Addition to Existing,1,, ,School,0, , ,0,9b152cd2-5479-40a0-9418-7dac28db3164,SUB-10062,2013,demolish part of elementary school building and construct 3 building additions to remaining part. adding parking also.,SUB-10062,OWEN J.ROBERTS SCHOOL DISTRICT,852615.679275461,3640.5268740887
1460,LD-8-13-8424,"Delco Properties  - WC III, L.P.",2013/09/03 00:00:00+00,2013/08/14 00:00:00+00,2013/09/11 00:00:00+00,2013/10/01 00:00:00+00,6.43,1,180,Industrial,Addition to Existing,1,, , ,0, , ,0,5171e9c4-d07b-4d59-a18c-c6fb90e8403e,PROJ-3348,2013,"Proposed building addition

",PROJ-3348,"Delco Properties WC III, L.P.",276546.080964199,3137.11314193615
1461,LD-8-13-8453,"Krapf Coaches, Inc.",2013/09/06 00:00:00+00,2013/08/14 00:00:00+00,2013/09/11 00:00:00+00,2013/10/01 00:00:00+00,3.93,1,2400,Industrial,Addition to Existing,1,, , ,0, , ,0,81a316c2-eb4b-4912-8ac0-8873ae71d6f9,PROJ-3354,2013,proposed bldg addition. see previous review 09585-7.,PROJ-3354,Krapf Coaches Inc ,170177.025861782,1665.01156211285
1462,LD-8-13-8475,Pleasant View Welding,2013/09/18 00:00:00+00,2013/08/19 00:00:00+00,,,10.84,2,16800,Industrial,Addition to Existing,1,,Commercial,Unique,1, , ,0,dfb84bf4-a283-44eb-8dc8-469b52f066a9,PROJ-2416,2013,Building addition and pole barn. See previous review LD-7-11-4642,PROJ-2416,Pleasant View Welding,436998.54746318,3105.10668338552
1463,LD-8-13-8486,"Wawa, Inc.",2013/09/20 00:00:00+00,2013/08/21 00:00:00+00,2015/05/26 00:00:00+00,2015/06/01 00:00:00+00,4,1,,Commercial,Parking Lot/Garage,1,, , ,0, , ,0,1a80dcfe-0e81-4b3b-8259-be0605c52ce0,PROJ-3363,2013,parking lot expansion. see previous review 8676-5.,PROJ-3363,Wawa Parking Expansion,170444.177532361,2122.28025238706
1464,LD-8-13-8491,Uptown Worthington,2013/09/16 00:00:00+00,2013/08/21 00:00:00+00,,,69.05,771,752431,Residential,Apartment,753,Proposed apartment units,Commercial,Unique,18, , ,0,0c8f8995-625f-43bd-a3f8-923a3d6e93c8,PROJ-2449,2013,Proposed mixed use development. See previous review LD-10-12-6915. ,PROJ-2449,Uptown Worthington,4375449.41248554,11530.1302112389
1465,LD-8-14-10326,AutoZone Store #6424,2014/08/22 00:00:00+00,2014/08/04 00:00:00+00,2015/03/18 00:00:00+00,2015/05/12 00:00:00+00,0.62,1,6816,Commercial,Retail,1,, , ,0, , ,0,30f0a398-1b32-402a-b46e-1258230d9e95,PROJ-3765,2014,Proposed Automotive Supply Store,PROJ-3765,AutoZone Store #6424,25736.0827249035,643.464364020278
1466,LD-8-14-10397,Buck Hill Farm,2014/09/03 00:00:00+00,2014/08/14 00:00:00+00,2015/05/12 00:00:00+00,2015/10/27 00:00:00+00,111,130,,Residential,Single Family Residential,129,,Agricultural,Farm/Pasture Land,1, , ,0,44ec4081-ca7f-4b14-a7eb-ec1919d41166,PROJ-3770,2014,130 Residential lots/units,PROJ-3770,Buck Hill Farm,4774043.99643711,9635.23263838378
1467,LD-8-14-10423,Bridal Barn at Brandywine Manor Hou,2014/09/19 00:00:00+00,2014/08/20 00:00:00+00,,,43.37,1,2323,Commercial,Addition to Existing,1,, , ,0, , ,0,de241419-7cbb-427e-99a0-4d4f9703df23,PROJ-3795,2014,Full plan title: Bridal Barn at Brandywine Manor House    proposed building addition for bridal barn.,PROJ-3795,Bridal Barn at Brandywine Manor House,1849708.08546643,8335.104210516
1468,LD-8-14-10428,"Landhope Realty, Co.",2014/09/18 00:00:00+00,2014/08/19 00:00:00+00,,,6.89,1,4142,Commercial,Convenience Store,1,, , ,0, , ,0,c50b7abb-da28-409a-b768-3baf3c7882b3,PROJ-1525,2014,proposed gas station/convenience store. see previous review SD-6-10-2273.,PROJ-1525,Stephen E Elinsky,332024.344852934,2516.40342552214
1469,LD-8-15-12345,Tom Ward,2015/08/17 00:00:00+00,2015/08/04 00:00:00+00,2016/02/10 00:00:00+00,2016/02/18 00:00:00+00,2.4,1,5000,Commercial,Office Building,1,, , ,0, , ,0,0dc11aa6-573b-4b7f-be19-1ba2becdcc45,PROJ-4147,2015,"construct 5,000 SF office/storage building with outdoor storage yard",PROJ-4147,Tom Ward,110355.691978486,2076.88312201148
1470,LD-8-15-12352,506 Park Road,2015/08/17 00:00:00+00,2015/08/05 00:00:00+00,,,3.4,9,,Residential,Townhouse,9,, , ,0, , ,0,5a7e8407-6ecb-4b46-80e6-f04a5c352a53,PROJ-4148,2015,add 9 THS to property with 1 existing SFR. also new road and parking.,PROJ-4148,506 Park Road,137509.092888087,1743.78625398158
1471,LD-8-15-12385,Taco Bell and Retail Building,2015/09/04 00:00:00+00,2015/08/11 00:00:00+00,2016/02/11 00:00:00+00,2016/11/17 00:00:00+00,1.67,2,8793,Commercial,Restaurant,1,,Commercial,Retail,1, , ,0,6e5fb4f7-ed7c-45a8-b069-682c919cf014,PROJ-4152,2015,demolish existing building and construct 2 new ones. changing parking also. see previous review 11991.,PROJ-4152,Taco Bell and Retail Building,72912.9944274522,1132.15465588257
1472,LD-8-15-12396,London Grove Township Municipal Bui,2015/09/08 00:00:00+00,2015/08/12 00:00:00+00,,,8.47,2,18825,Institutional, ,2,, , ,0, , ,0,63c8f71e-c902-4d9c-8c10-f602471cafbf,PROJ-3978,2015,Full plan title: London Grove Township Municipal Building. 2 proposed buildings and parking. see previous review 10713.,PROJ-3978,London Grove Township Maintenance Building,348099.10564785,2468.97688930724
1473,LD-8-15-12404,220 Chatham Road,2015/09/01 00:00:00+00,2015/08/12 00:00:00+00,2016/07/06 00:00:00+00,2016/08/10 00:00:00+00,6.96,1,,Industrial, ,1,, , ,0, , ,0,7b22da39-4745-45b2-9615-84fefbb40880,PROJ-4153,2015,gravel drive and pad proposed,PROJ-4153,220 Chatham Road,295316.624634964,2872.29077633338
1474,LD-8-15-12411,"King's Family Farm's, LLC Poultry Operation",2015/09/04 00:00:00+00,2015/08/12 00:00:00+00,2016/04/21 00:00:00+00,2016/04/27 00:00:00+00,44.5,5,185200,Commercial, ,5,Poultry Barn, , ,0, , ,0,05e38d8e-4ad9-4398-9706-b9fb3d81143b,PROJ-4154,2015,4 proposed poultry barns (and work rooms) and manure storage and gravel driveways.,PROJ-4154,Kings Family Farms Poultry Operation,1834189.33867889,7022.25889275435
1475,LD-8-15-12421,Animal Resorts - 301 Jefferis Road,2015/09/08 00:00:00+00,2015/08/17 00:00:00+00,,,24.2,1,19752,Commercial,Unique,1,, , ,0, , ,0,7577d044-3ce8-4458-9e3d-ac7aead629ad,PROJ-4155,2015, Construct large indoor dog kennel/storage facility and parking for kennel. also see SD-8-15-12420.,PROJ-4155,Animal Resorts - 301 Jefferis Road,1055171.37850735,6230.90936447346
1476,LD-8-15-12429,27 Industrial Blvd,2015/09/04 00:00:00+00,2015/08/17 00:00:00+00,,,7.5,1,31600,Institutional,Medical Building,1,, , ,0, , ,0,ab0ecd34-48c8-4534-8eae-e8fa3dd43489,PROJ-4157,2015,"Construct 160 bed recovery facility and outpatient center. also see SD-8-15-12428. See previous review 7956-5
",PROJ-4157,27 Industrial Blvd,338078.600379161,2425.57380318784
1477,LD-8-16-14268,Peyton's Crossing,2016/08/19 00:00:00+00,2016/07/29 00:00:00+00,2021/07/29 00:00:00+00,2021/09/10 00:00:00+00,0.62,7,0,Residential,Townhouse,7,, , ,0, , ,0,b1f7d52d-33ed-471f-bec6-56670b0302d2,PROJ-4387,2016,Demolish existing dwelling and construct 7 townhouses. also see SD-8-16-14267.,PROJ-4387,Peytons Crossing,24724.8634399104,633.527691340486
1478,LD-8-16-14281,Mackissic Inc. Proposed Building Expansion,2016/08/26 00:00:00+00,2016/08/03 00:00:00+00,2016/12/12 00:00:00+00,2016/12/20 00:00:00+00,15.12,1,10000,Industrial,Addition to Existing,1,, , ,0, , ,0,1d6eca29-2bcb-4c57-a089-196dc9b171c2,PROJ-4388,2016,Proposed building addition.,PROJ-4388,Mackissic Inc,545489.408947752,4220.46579849916
1479,LD-8-16-14283,Penn Medicine Chester County Hospital Expansion Project,2016/08/26 00:00:00+00,2016/08/03 00:00:00+00,2016/12/14 00:00:00+00,2017/01/12 00:00:00+00,34.8,1,250905,Institutional,Addition to Existing,1,, , ,0, , ,0,166e7f41-f28b-4dc5-a1b2-b199159ae754,PROJ-4389,2016,"Proposed building addition - procedure platform, patient care tower and expanded emergency department.",PROJ-4389,Penn Medicine Chester County Hospital Expansion Pr,1522689.53965978,5561.81325048423
1480,LD-8-16-14302,Maserati of Main Line,2016/08/19 00:00:00+00,2016/08/08 00:00:00+00,,,0.69,1,5054,Commercial,Addition to Existing,1,, , ,0, , ,0,fe744e79-91fd-4d64-9814-5651217642fa,PROJ-4391,2016,demolish part of building and construct 3 building additions,PROJ-4391,Maserati of Main Line,32547.8822844212,813.304248427774
1481,LD-8-16-14311,Steeltown Village,2016/08/23 00:00:00+00,2016/08/08 00:00:00+00,2017/03/15 00:00:00+00,2017/08/02 00:00:00+00,3.2,48,,Residential,Townhouse,48,, , ,0, , ,0,2074ad01-6b9b-47b7-af90-42d90696e266,PROJ-4393,2016,"48 proposed ""vertical duplex"" THS,  parking, garden, garage, common room, etc. also see SD-8-16-14310.",PROJ-4393,Steeltown Village,30077.5609661328,705.624202369027
1482,LD-8-16-14315,Exton Square Mall Parking Lot Expansion,2016/08/30 00:00:00+00,2016/08/10 00:00:00+00,2016/09/28 00:00:00+00,2017/06/20 00:00:00+00,53.74,1,,Commercial,Parking Lot/Garage,1,, , ,0, , ,0,2adfd9d2-76e9-4ad0-b875-4e4a233d52c4,PROJ-4394,2016,Demolish building and add 252 parking spaces.,PROJ-4394,Exton Square Mall Parking Lot Expansion,2385923.634471,16942.4657252663
1483,LD-8-16-14344,Matlack Village,2016/09/06 14:56:45+00,2016/08/15 00:00:00+00,2016/10/19 00:00:00+00,2016/11/17 00:00:00+00,0.4,5,,Residential,Townhouse,5,, , ,0, , ,0,70223dec-72ce-40d9-91c8-328aa06f268f,PROJ-4398,2016,Build 5 Townhouses. also see SD-8-16-14343.,PROJ-4398,Matlack Village,17898.0618450981,582.197451464704
1484,LD-8-16-14353,Proposed Wawa Food Market,2016/09/15 00:00:00+00,2016/08/18 00:00:00+00,2017/02/09 00:00:00+00,2017/07/25 00:00:00+00,2.47,1,5051,Commercial,Retail,1,, , ,0, , ,0,530b0f15-1cc3-423b-bf17-4d0f4af0389d,PROJ-4401,2016,"construct 5,051 SF Wawa Food Market. also see SD-8-16-14352.",PROJ-4401,Proposed Wawa Food Market,89794.1276810227,1213.43073348174
1485,LD-8-16-14386,Robert and Patricia Chambers,2016/09/14 00:00:00+00,2016/08/19 00:00:00+00,,,0.36,4,,Residential,Apartment,4,, , ,0, , ,0,4c3357f0-465b-4502-bdd9-f0a5af7f6f28,PROJ-4403,2016,Build 4 apartments above an existing commercial building,PROJ-4403,Robert and Patricia Chambers,10395.3410656235,427.627192561113
1486,LD-9-10-2708,West Chester Public Works Campus,2010/09/20 00:00:00+00,2010/08/23 00:00:00+00,2011/03/16 00:00:00+00,2011/04/19 00:00:00+00,1.46,3,13681,Institutional, ,3,Public Works Facility, , ,0, , ,0,ddfa730e-2852-47f5-952b-a3eba10f0bc5,PROJ-1787,2010,"demolish existing Public Works Facility and construct new building, parking, etc. on 3 parcels",PROJ-1787,West Chester Public Works Facility,62425.9105538199,1550.89924323869
1487,LD-9-10-2716,Tel Hai Retirement Community,2010/09/22 00:00:00+00,2010/08/23 00:00:00+00,,,100.84,305,54700,Residential,Apartment,233,Age Restricted Housing/Retirement ,Residential,Townhouse,70,Commercial, ,2,c5e3d0a9-0b5f-49c9-9623-aa98cf54641e,PROJ-1771,2010,"Phases 2-5: 303 residential units, 1 clubhouse, 1 commons building, and 2 pump stations.",PROJ-1771,Tel Hai Phase 2-5,6447434.25828145,16120.62893498
1488,LD-9-10-2745,"Great Country, LLC",2010/10/01 00:00:00+00,2010/09/03 00:00:00+00,,,3.58,1,5250,Industrial, ,1,, , ,0, , ,0,48df6cb7-97f8-428e-a8c2-e7684bf01075,SUB-08331,2010,"1 new bldg, 2 existing bldgs
refer to CCPC 08331-2
Note: on sheet 3 of the plan, the second parking number of 11 (underlined in pencil) is only 9 spaces. ",SUB-08331,LOT 13 EAGLE INDUSTRIAL PARK,156562.093478779,1781.95264252097
1489,LD-9-10-2767,City of London,2010/10/12 00:00:00+00,2010/09/14 00:00:00+00,2011/02/15 00:00:00+00,2011/03/01 00:00:00+00,7.01,1,3300,Commercial,Office Building,1,, , ,0, , ,0,0bf693af-adf1-49fa-a2a8-6c0b5ad0c42e,PROJ-1803,2010,change building use from residential to office space and add 17 parking spaces,PROJ-1803,City of London,320639.903926828,2292.38749905382
1490,LD-9-10-2785,Comprehensive Addiction Programs,2010/10/15 00:00:00+00,2010/09/16 00:00:00+00,2011/11/01 00:00:00+00,2011/12/23 00:00:00+00,10,1,11752,Institutional, ,1,, , ,0, , ,0,9cd481c0-a8ff-498e-9222-ec7240a66c55,PROJ-1184,2010,"1 proposed bldg & parking. 
see prior review CCPPC 12547",PROJ-1184,Comprehensive Addiction Programs Inc,394349.526295653,2559.85243335883
1491,LD-9-10-2797,Dansko Distribution Center,2010/10/14 00:00:00+00,2010/09/17 00:00:00+00,,,16,1,200000,Industrial, ,1,, , ,0, , ,0,974ef569-7bf9-4eaf-80fd-87a32904c783,SUB-06654,2010,"Demolish existing bldgs, house, barn, etc. and construct a new bldg and parking. 
see previous review 6654-4.",SUB-06654,"CIUFFETELLI, A. J. PARTNERSHIP SD",696957.500016588,3488.70007215855
1492,LD-9-10-2855,Eagleview Lots 19 & 40,2010/10/20 00:00:00+00,2010/09/23 00:00:00+00,2011/01/10 00:00:00+00,2011/01/12 00:00:00+00,21.08,1,170000,Commercial,Office Building,1,, , ,0, , ,0,de2d2c71-df9a-45f6-a80c-f17a9cf49a2c,PROJ-1833,2010,Proposed office/lab building and parking. Refer to CCPC# SD-9-10-2853 for concurrent subdivision (lot consolidation).  Refer to CCPC# LD-4-10-1799 for previous Eagleview submission (Eagleview Lot 52).,PROJ-1833,Eagleview Lot 19 & 40,877196.140272856,4602.13759612681
1493,LD-9-11-4860,Coatesville Solar Initiative,2011/09/30 00:00:00+00,2011/09/02 00:00:00+00,,,46.51,1,,Commercial,Unique,1,Proposed solar panel farm, , ,0, , ,0,963a0710-dbaf-4187-9780-3e1629c85e92,PROJ-2480,2011,Proposed solar panel farm. See previous review # 10660-4.,PROJ-2480,Coatesville Solar Initiative,2019038.6013774,6509.20334363628
1494,LD-9-11-4865,"WP Devon Associates, L.P.",2011/10/03 00:00:00+00,2011/09/08 00:00:00+00,2012/01/19 00:00:00+00,2012/02/03 00:00:00+00,2.19,2,14565,Commercial,Retail,1,,Commercial,Restaurant,1, , ,0,df0676ad-fed4-42a6-b33c-e5ec4fe78ce0,PROJ-2481,2011,"Proposed restaurant, retail and parking. See previous review # LD-3-10-1479. Second review.",PROJ-2481,WP Devon Associates LP,97060.9646729759,1424.87536711912
1495,LD-9-11-4870,10 Malin Road Associates,2011/10/03 00:00:00+00,2011/09/08 00:00:00+00,,,3.25,1,11000,Commercial,Office Building,1,Office/Warehouse, , ,0, , ,0,aefc3124-ddd9-4e8b-854c-b68780223118,PROJ-2483,2011,Proposed office/warehouse and parking.,PROJ-2483,10 Malin Road Associates,142814.399948733,2001.12324682199
1496,LD-9-11-4875,Mid-Atlantic Veterinary Cancer Cent,2011/10/03 00:00:00+00,2011/09/08 00:00:00+00,2011/12/14 00:00:00+00,2012/02/01 00:00:00+00,2.53,1,14660,Commercial,Unique,1,"Proposed veterinary cancer center	", , ,0, , ,0,08b62d7b-48ff-4929-89f8-2dd4ac6dde9b,PROJ-2484,2011,"Full Plan Title: Mid-Atlantic Veterinary Cancer Center

Proposed veterinary cancer center",PROJ-2484,Mid Atlantic Veterinary Cancer Center,114707.370865886,1372.91962517108
1497,LD-9-11-4878,Hopewell United Methodist Church,2011/10/03 00:00:00+00,2011/09/07 00:00:00+00,2012/11/07 00:00:00+00,2012/11/15 00:00:00+00,17.68,2,,Institutional,Cemetery,2,, , ,0, , ,0,7307e558-e9e1-46ad-b9c0-cdf603dde5a8,915-07-07,2011,"Proposed cemetery expansion (memorial garden, columbaria & driveway extension).",915-07-07,Hopewell United Methodist Church,753140.472089211,7201.22824466485
1498,LD-9-11-4883,Lot 14 Atwater Phase B,2011/09/23 00:00:00+00,2011/09/08 00:00:00+00,2011/09/29 00:00:00+00,2011/10/19 00:00:00+00,24.84,1,315000,Commercial,Office Building,1,, , ,0, , ,0,d359e589-07ef-44d4-8582-710eb3cfe008,PROJ-2488,2011,Construct proposed office building and parking. See previous review # 5021-20 & 5021-21. Also see SD-9-11-4882.,PROJ-2488,Lot 14 Atwater Phase B,9001750.4898439,17876.7746750937
1499,LD-9-11-4896,Spring City Library,2011/10/05 00:00:00+00,2011/09/14 00:00:00+00,2013/10/15 00:00:00+00,2013/10/24 00:00:00+00,1.03,1,5109,Institutional,Library,1,, , ,0, , ,0,7c342c63-b4f4-434e-b1a8-6bfbcb4aec87,PROJ-1254,2011,demolish existing library and build new one and change parking.,PROJ-1254,Spring City Library,40451.7381534244,917.876542383146
1500,LD-9-11-4899,Uptown Worthington,2011/10/05 00:00:00+00,2011/09/08 00:00:00+00,,,75.5,22,595400,Commercial,Hotel/Resort/Inn,2,,Commercial,Office Building,1,Commercial,Retail,19,a1908ae0-abac-4a77-ba22-41945787060d,PROJ-2449,2011,"Proposed residential, commercial, retail, hotel and parking complex. See previous review # LD-8-11-4737. Acreage taken from GIS.",PROJ-2449,Uptown Worthington,4661778.19931024,12363.41792987
1501,LD-9-11-4900,Burkholder Manufacturing,2011/10/14 00:00:00+00,2011/09/14 00:00:00+00,2012/02/03 00:00:00+00,2012/02/06 00:00:00+00,1.03,1,3900,Industrial, ,1,, , ,0, , ,0,f14b5fc5-b7aa-4fde-ac53-d400faed9473,PROJ-2492,2011,demolish existing camper/shed and replace with Industrial building and parking,PROJ-2492,Burkholder Manufacturing,53405.8598843861,1026.73955774
1502,LD-9-11-4921,Coatesville Redevelopment Project,2011/10/06 00:00:00+00,2011/09/15 00:00:00+00,2013/04/18 00:00:00+00,2013/04/24 00:00:00+00,12.86,1,,Commercial,Parking Lot/Garage,1,, , ,0, , ,0,86faec40-aafc-4719-9d20-dbbfff6e77e2,001-01-08,2011,Surface parking to replace previously reviewed parking garage. See previous review LD-7-11-4516.,001-01-08,City of Coatesville Redevelopment Project,518266.29392623,4815.48202112741
1503,LD-9-11-4951,AVA Development,2011/10/20 00:00:00+00,2011/09/22 00:00:00+00,,,4,1,19200,Commercial,Hotel/Resort/Inn,1,, , ,0, , ,0,1562a67c-0e46-4a4a-9733-39a536d2ef35,PROJ-2506,2011,"Proposed hotel. Sketch plan. Acreage, applicant and owner information taken from application.",PROJ-2506,AVA Development,177616.189657961,1664.34535228842
1504,LD-9-12-6657,"Edison Properties, L.P.",2012/10/01 00:00:00+00,2012/09/05 00:00:00+00,2012/10/16 00:00:00+00,2013/01/10 00:00:00+00,3.24,1,6000,Industrial,Warehouse,1,, , ,0, , ,0,f508053d-0849-4edc-a628-9af4a00fecb1,SUB-12031,2012,Proposed warehouse and parking. See previous review 12031 and 12031-2,SUB-12031,EDISON PROPERTIES LP,144534.341164403,1608.48236093868
1505,LD-9-12-6672,"Strafford Station Apartments, LLC",2012/10/05 00:00:00+00,2012/09/11 00:00:00+00,2012/11/15 00:00:00+00,2014/01/24 00:00:00+00,1.01,10,,Residential,Apartment,10,Age restricted, , ,0, , ,0,0b0e47d6-c94d-4dc1-889c-c37bda887e11,PROJ-2899,2012,Proposed age-restricted (55+) 10-unit apartment building.,PROJ-2899,Strafford Station Apartments,408631.91393184,4887.92891514325
1506,LD-9-12-6683,Three Groves Ecovillage,2012/10/05 00:00:00+00,2012/09/11 00:00:00+00,,,7.56,37,,Residential,Townhouse,37,Proposed 37 unit ecovillage, , ,0, , ,0,50641fe7-aff7-4ecd-9e92-de21536baeef,PROJ-2603,2012,Proposed 37 unit Ecovillage.,PROJ-2603,Three Groves Ecovillage,304649.744110052,2523.97929538474
1507,LD-9-12-6703,Best Line Inc.,2012/10/08 00:00:00+00,2012/09/12 00:00:00+00,2012/11/14 00:00:00+00,2012/11/21 00:00:00+00,4.01,1,24205,Commercial,Unique,1,proposed showroom/office/shop, , ,0, , ,0,da99de7e-a038-4cac-81a1-5f9281b184a6,PROJ-2976,2012,proposed commercial showroom/office/shop,PROJ-2976,Best Line Inc,168296.794591351,1909.44012405208
1508,LD-9-12-6720,Hearne Hardwoods Inc,2012/10/04 00:00:00+00,2012/09/18 00:00:00+00,2013/01/07 00:00:00+00,2013/02/04 00:00:00+00,13.07,3,22872,Commercial,Unique,3,"Proposed building, garage, and drying shed", , ,0, , ,0,f74b18d0-a551-43aa-aa42-08e4af4fc7bf,PROJ-2974,2012,"Proposed building, garage, and drying shed. See previous review 10221-3",PROJ-2974,Hearne Hardwoods Inc,555102.916105894,3103.35833295612
1509,LD-9-12-6740,Meredith Manor,2012/10/19 00:00:00+00,2012/09/20 00:00:00+00,2013/05/20 00:00:00+00,2013/05/28 00:00:00+00,10,1,,Commercial,Hotel/Resort/Inn,1,Meredith Manor, , ,0, , ,0,ee6b9d48-c9b3-416e-9e96-5344f0417674,PROJ-2983,2012,Gravel parking area to be paved,PROJ-2983,Meredith Manor,433606.298488332,3030.21743756986
1510,LD-9-12-6747,D-Town Associates Mixed Use Development,2012/10/16 00:00:00+00,2012/09/19 00:00:00+00,2013/04/17 00:00:00+00,2013/05/07 00:00:00+00,1.02,26,53413,Residential,Apartment,24,floors 4-7,Commercial,Retail,1,Commercial,Office Building,1,10f500b4-33d0-4120-9080-aa3648c627d7,SUB-12593,2012,"Demolish existing building and construct mixed use building with parking, retail, offices, apartments, and a roof deck.

see previous review SD-12-11-5318.",SUB-12593,CHESTER COUNTY COURTHOUSE PROP. SD,114.194706532005,956.871618902131
1511,LD-9-12-6757,Proposed Pool for Claremont Apartme,2012/10/15 00:00:00+00,2012/09/24 00:00:00+00,2012/11/12 00:00:00+00,2012/11/20 00:00:00+00,44.15,1,540,Residential,Apartment,1,, , ,0, , ,0,e2b9a554-70d2-4571-9ab9-7b9a67cb3a08,PROJ-2990,2012,Full plan title: Proposed Pool for Claremont Apartments. Proposed pool and pool house. See previous review 08132-37,PROJ-2990,Proposed Pool for Claremont Apartments,1934328.22457967,6358.9047663487
1512,LD-9-12-6769,Sierra Drive Extension,2012/10/17 00:00:00+00,2012/09/24 00:00:00+00,2013/05/20 00:00:00+00,2013/07/19 00:00:00+00,71.23,1,,Commercial, ,1,, , ,0, , ,0,6b27bbfb-29bc-472f-98fc-013846d7fb16,PROJ-2927,2012,Proposed cul-de-sac road extension on Sierra Drive. See previous reviews SD-8-12-6529 and LD-8-12-6530,PROJ-2927,Eagleview Lots 10 & 11,3181583.76476645,12620.593346258
1513,LD-9-13-8496,Fox Hill Operation,2013/09/20 00:00:00+00,2013/08/23 00:00:00+00,,,11,1,6197,Industrial,Unique,1,Proposed saw plant, , ,0, , ,0,abaef2e1-e8b1-4f30-8d95-b82002188fca,PROJ-3366,2013,Proposed building and parking,PROJ-3366,Fox Hill Operation,446370.860686181,2625.70614116371
1514,LD-9-13-8497,Cambridge Mennonite Church,2013/09/25 00:00:00+00,2013/08/26 00:00:00+00,2014/11/12 00:00:00+00,2015/07/22 00:00:00+00,1.68,1,1961,Institutional,Addition to Existing,1,, , ,0, , ,0,9825ac63-4715-4cc6-bef0-016943e04e4c,SUB-09431,2013,bldg addition and parking,SUB-09431,CAMBRIDGE MENNONITE CHURCH,71234.201233245,1115.57815055252
1515,LD-9-13-8501,Public Works Facility Building,2013/09/16 00:00:00+00,2013/08/27 00:00:00+00,2013/10/08 00:00:00+00,2014/04/22 00:00:00+00,7.49,1,7590,Institutional,Government,1,public works facility building, , ,0, , ,0,a68afc82-8af1-4e0b-8e45-08a6ad23f1fc,SUB-12540,2013,Proposed public works facility building and parking. See previous review 12540,SUB-12540,PUBLIC WORKS FACILITY EXPANSION LD,287461.264558868,3325.56237928279
1516,LD-9-13-8502,Christina S. Martin,2013/09/27 00:00:00+00,2013/08/30 00:00:00+00,2014/11/13 00:00:00+00,2014/11/17 00:00:00+00,78.06,1,,Residential,Single Family Residential,1,, , ,0, , ,0,3173ff7e-a1c0-4ddd-b5f4-6566d46b1716,PROJ-3367,2013,"proposed SFR (1 lot land development), 1 existing SFR/farm",PROJ-3367,Christina S Martin,3327254.18556106,8881.09575650761
1517,LD-9-13-8504,"McDonald's USA, L.L.C.",2013/09/16 00:00:00+00,2013/08/29 00:00:00+00,2014/01/06 00:00:00+00,2014/01/23 00:00:00+00,0.75,1,3344,Commercial,Fast Food,1,, , ,0, , ,0,12ab082c-adf4-4bad-8062-a4d2d21fbb32,PROJ-3125,2013,Proposed McDonald's restaurant and drive-thru. See previous review LD-1-13-7374,PROJ-3125,Proposed McDonalds Rebuild,32702.2366972031,774.057289052167
1518,LD-9-13-8549,Washington Square Phase 1A & 1B,2013/10/01 00:00:00+00,2013/09/10 00:00:00+00,2014/04/14 00:00:00+00,2014/05/06 00:00:00+00,26.51,32,10000,Residential,Townhouse,31,,Commercial,Unique,1, , ,0,8f1beec0-0ef2-4672-a148-43ba561c7bc9,SUB-12235,2013,"31 proposed townhouses and 1 commercial building.

also see SD-9-13-8548.

See previous review LD-12-12-7153",SUB-12235,CHANNING VIEW,715413.846766183,6381.64059135544
1519,LD-9-13-8562,Quarry Development,2013/10/04 00:00:00+00,2013/09/11 00:00:00+00,2014/03/05 00:00:00+00,2014/03/07 00:00:00+00,17.07,2,10515,Commercial,Unique,2,, , ,0, , ,0,0be7758c-f318-4ca4-923f-f308cbd3dc5b,PROJ-3380,2013,2 proposed bldgs (AAA Auto and coffee shop). see previous review 12382.,PROJ-3380,Quarry Development,617074.868371556,3518.9000727051
1520,LD-9-13-8600,Clover Mill Road,2013/10/18 00:00:00+00,2013/09/23 00:00:00+00,2014/03/19 00:00:00+00,2014/06/23 00:00:00+00,42.33,1,190000,Industrial,Warehouse,1,, , ,0, , ,0,4b41af44-2104-42e5-9fc2-cfa138bdd969,PROJ-3162,2013,Proposed warehouse/office building on lot #3. see previous review SD-2-13-7488.,PROJ-3162,Clover Mill Road,1770561.09359929,6022.8207411509
1521,LD-9-13-8626,St. Paul's Episcopal Church,2013/10/11 00:00:00+00,2013/09/24 00:00:00+00,2013/11/13 00:00:00+00,2014/03/03 00:00:00+00,6.66,1,923,Institutional,Addition to Existing,1,, , ,0, , ,0,c8ecc785-6111-4c4f-8eff-f328765e84b4,PROJ-3391,2013,Proposed building addition,PROJ-3391,St Pauls Episcopal Church,139737.679622898,1510.43831845404
1522,LD-9-13-8652,"Herr Foods, Inc.",2013/10/10 00:00:00+00,2013/09/30 00:00:00+00,,,8.96,1,,Commercial,Parking Lot/Garage,1,, , ,0, , ,0,069942ac-b234-4e34-8c29-8424e1d2a10c,PROJ-3402,2013,Proposed parking lot,PROJ-3402,"Herr Foods, Inc.",370565.66014596,2813.8055843916
1523,LD-9-14-10479,Country Fresh Mushroom Co.,2014/09/17 00:00:00+00,2014/08/22 00:00:00+00,2014/10/27 00:00:00+00,2015/02/10 00:00:00+00,13.17,1,,Commercial,Mushroom House,1,, ,Parking Lot/Garage,0, , ,0,9a1bbc70-87ed-4ca7-9431-96865e9912cc,SUB-10971,2014,33 proposed truck parking spaces. see previous review 10971-2. also see SD-9-14-10478.,SUB-10971,Country Fresh Mushroom Company,518572.466499778,3474.40962739545
1524,LD-9-14-10487,1067 Lancaster Avenue,2014/09/23 00:00:00+00,2014/08/27 00:00:00+00,2014/10/16 00:00:00+00,2015/04/22 00:00:00+00,0.9,12,,Residential,Townhouse,12,, , ,0, , ,0,61864576-8966-4827-b704-a85855a9e396,PROJ-3800,2014,12 proposed townhouses,PROJ-3800,1067 Lancaster Avenue,39485.1861877788,816.252627326448
1525,LD-9-14-10490,Wise Guys Farm,2014/09/23 00:00:00+00,2014/08/27 00:00:00+00,2015/07/03 00:00:00+00,2015/07/14 00:00:00+00,48.01,1,6820,Agricultural,Farm/Pasture Land,1,, , ,0, , ,0,352b00b6-27f0-483c-84e5-5e41b1638131,SUB-09556,2014,proposed building. see previous review 9556-7.,SUB-09556,GORMAN,2040115.04229289,6022.60135455771
1526,LD-9-14-10492,"Camphill Special School, Inc.",2014/09/19 00:00:00+00,2014/08/27 00:00:00+00,2014/10/22 00:00:00+00,2014/10/31 00:00:00+00,57.8,1,2757,Institutional,School,1,, , ,0, , ,0,27ce001c-0c40-4981-82a2-97cd50a871f7,PROJ-2436,2014,proposed kindergarten. see previous review 12489.,PROJ-2436,Camphill Special School Kindergarten,2475987.39675591,7352.58972560138
1527,LD-9-14-10512,Pathstone Alliance for Better Housi,2014/09/22 00:00:00+00,2014/09/05 00:00:00+00,2014/10/20 00:00:00+00,2014/12/30 00:00:00+00,1.56,14,,Residential,Townhouse,14,, , ,0, , ,0,72d1f255-63f4-449f-a5a0-e21f54216721,SUB-718,2014,Full plan title: Pathstone Alliance for Better Housing. 14 proposed townhouses on 1 parcel. see previous review 8912-4.,SUB-718,MANCHESTER MEWS,67317.8643134605,1196.45344669157
1528,LD-9-14-10524, Phoenixville Area School District ,2014/09/22 00:00:00+00,2014/09/08 00:00:00+00,,,52.39,3,174325,Institutional,School,3,, , ,0, , ,0,006b2bde-e9b9-4a06-863f-87516c98d53c,PROJ-3738,2014,"Full plan title: Phoenixville Area School District New Early Learning Center - Elementary School. Proposed elementary school, maintenance bldg, athletic fields, parking, and a concession stand. see previous (sketch plan) review LD-7-14-10185.",PROJ-3738,New Early Learning Center Elementary School PASD,2218481.78450451,8139.82578854584
1529,LD-9-14-10548,Gourmet's Delight Mushrooms,2014/10/01 00:00:00+00,2014/09/11 00:00:00+00,,,32.23,3,208300,Commercial,Mushroom House,3,, , ,0, , ,0,a274e2d4-0d75-4caa-9943-0c9a0199957d,935-04-03,2014,proposed composting facility. also see SD-9-14-10547.,935-04-03,Gourmet's Delight Mushrooms,1350140.90193231,5978.19339538454
1530,LD-9-14-10599,Exton Station Station Improvements,2014/10/13 00:00:00+00,2014/09/18 00:00:00+00,2015/04/22 00:00:00+00,2015/07/13 00:00:00+00,36.06,1,914,Institutional, ,1,train station, , ,0, , ,0,b56fa181-e87b-4f0a-8655-b03ad7178bd3,SUB-12267,2014,"new bldg, parking, above ground platforms, lighting, etc. see previous review 12267.",SUB-12267,EXTON TRAIN STATION L/D,1570975.59684268,9212.71075720129
1531,LD-9-14-10609,48 South Second Street Oxford Libra,2014/10/01 00:00:00+00,2014/09/17 00:00:00+00,2014/09/08 00:00:00+00,2014/10/02 00:00:00+00,1.23,1,4121,Institutional,Addition to Existing,1,, ,Library,0, , ,0,c95d7b0b-febc-4fe9-bed8-1cf42fe87d3a,SUB-12083,2014,Full plan title: 48 South Second Street Oxford Library. proposed building addition and parking. see previous review 12083-2. also see SD-9-14-10608.,SUB-12083,OXFORD LIBRARY COMPANY SD,44524.3727919132,939.974847460139
1532,LD-9-14-10613,Whitehall Acres Apartments,2014/10/06 00:00:00+00,2014/09/17 00:00:00+00,2015/06/15 00:00:00+00,2015/07/14 00:00:00+00,6.29,1,2500,Residential,Apartment,1,, , ,0, , ,0,dbfb072c-a5d8-4095-a609-def68f3408ce,PROJ-3752,2014,proposed community building and parking. see previous review LD-7-14-10233 (sketch plan).,PROJ-3752,Whitehall Acres Apartments,273185.793873565,2649.3812258293
1533,LD-9-14-10617,Bradford Village,2014/10/10 00:00:00+00,2014/09/18 00:00:00+00,2014/12/17 00:00:00+00,2015/04/23 00:00:00+00,0.56,5,,Residential,Townhouse,5,, , ,0, , ,0,58604e92-16a4-4517-ada9-9323c59ca36e,PROJ-3822,2014,5 proposed townhouses. also see SD-9-14-10616.,PROJ-3822,Bradford Village,21722.8268821899,593.762344663146
1534,LD-9-14-10636,Lot 2 Clover Mill Road Industrial Development,2014/10/21 00:00:00+00,2014/09/24 00:00:00+00,2014/12/10 00:00:00+00,2015/04/14 00:00:00+00,12.94,1,91866,Industrial,Warehouse,1,, , ,0, , ,0,f78ae591-87a9-4a70-b2af-6f9933ff9949,PROJ-3162,2014,"Proposed warehouse, office, parking and future expansion of warehouse. see previous review LD-11-13-8965.",PROJ-3162,Clover Mill Road,555628.521962472,3080.16568249769
1535,LD-9-15-12501,724 West Baltimore Pike,2015/09/15 00:00:00+00,2015/09/01 00:00:00+00,2017/05/05 00:00:00+00,2017/05/08 00:00:00+00,1.87,5,8500,Commercial,Retail,3,,Commercial,Restaurant,1,Commercial,Office Building,1,a1760c6d-e452-4bc3-a0f5-c151a7489c1c,PROJ-4159,2015,"Construct new 8500 SF building with restaurant, retail, and office.  See also SD-9-15-12500",PROJ-4159,724 West Baltimore Pike,83229.1184307828,1194.87634411534
1536,LD-9-15-12515,99 Church Road,2015/09/23 00:00:00+00,2015/09/03 00:00:00+00,2017/05/10 00:00:00+00,2017/12/29 00:00:00+00,41.5,44,,Residential,Single Family Residential,44,, , ,0, , ,0,550cb209-478d-4b19-9393-9c2f92d7ae54,PROJ-4161,2015,43 proposed SFR on 2 parcels (1 existing SFR),PROJ-4161,99 Church Road,2001067.01624132,8447.89819297793
1537,LD-9-15-12556,Berwyn Shopping Center,2015/09/23 00:00:00+00,2015/09/11 00:00:00+00,,,3.49,1,4032,Commercial, ,1,, , ,0, , ,0,922ed33a-e984-4ad3-ae85-9e36af50c299,SUB-11730,2015,proposed building (cafe) and changing parking.  see previous review 11730.,SUB-11730,BERWYN SHOPPING CENTER,158047.472481161,1730.58889994411
1538,LD-9-15-12572,Royal Farms Store #225,2015/10/16 00:00:00+00,2015/09/16 00:00:00+00,2016/05/12 00:00:00+00,2016/11/09 00:00:00+00,8.07,1,5166,Commercial, ,1,, , ,0, , ,0,7cb0544e-c815-41b8-9457-b3e46bf1f46b,PROJ-4165,2015,Construction of Royal Farms Store #225. See SD-9-15-12571,PROJ-4165,Royal Farms Store #225,337219.487722919,2407.67754226875
1539,LD-9-15-12613,Main Line Berwyn Apartments,2015/10/16 00:00:00+00,2015/09/23 00:00:00+00,2016/02/22 00:00:00+00,2016/05/27 00:00:00+00,9.1,1,1121,Residential,Apartment,1,, , ,0, , ,0,b634db1f-b89b-4077-a160-d8529acd01f8,PROJ-4169,2015,"proposed building (rental office) and parking.
",PROJ-4169,Main Line Berwyn Apartments,389523.858983336,2469.00547680175
1540,LD-9-15-12633,"Kennett Square Specialities, LLC",2015/10/14 00:00:00+00,2015/09/25 00:00:00+00,2016/07/12 00:00:00+00,2016/08/23 00:00:00+00,15.6,4,153618,Commercial,Mushroom House,4,, , ,0, , ,0,891814fe-96c8-4f5b-9cb2-24b58e95ecec,PROJ-4172,2015,Construct 4 rows (buildings) of mushroom houses.  ,PROJ-4172,"Kennett Square Specialties, LLC",663209.918027338,3436.39970424411
1541,LD-9-15-12640,Andrew D'Alessandro,2015/10/19 00:00:00+00,2015/09/25 00:00:00+00,2016/02/04 00:00:00+00,2016/02/12 00:00:00+00,0.87,1,,Commercial,Parking Lot/Garage,1,parking lot for Chiropractor's office with 14 spaces, , ,0, , ,0,4fcedd9b-98df-43b2-9a55-cd7ed2acf929,PROJ-4173,2015,add 14 parking places to a Chiropractor office,PROJ-4173,Andrew D'Alessandro,32502.0993888188,826.346244409333
