Voltage,Current,Power,Temperature,Humidity,LightIntensity,EnergyGenerated,Fault,FaultType
22.608,2.269,51.291,26.03,45.79,789.08,0.85485,0,Normal
10.115,1.76,17.807,25.83,52.5,611.29,0.29679,1,Low Voltage
23.247,2.189,50.892,16.43,47.25,831.35,0.84819,0,Normal
24.0,1.075,25.798,26.69,59.99,1076.45,0.42997,1,Low Current
20.755,2.47,51.262,34.13,79.55,60.8,0.85437,1,Sensor Anomaly
21.037,1.531,32.203,20.08,44.12,584.44,0.53671,0,Normal
24.0,2.646,63.51,36.34,76.01,1092.18,1.0585,0,Normal
22.68,2.675,60.676,32.41,43.93,864.88,1.01126,0,Normal
20.256,1.413,28.616,23.86,42.74,518.55,0.47693,0,Normal
22.397,2.625,58.797,28.01,72.73,801.92,0.97996,0,Normal
20.511,1.568,32.161,40.19,74.59,520.24,0.53602,0,Normal
21.978,1.516,33.309,34.13,73.33,519.6,0.55515,0,Normal
22.852,1.892,43.235,29.06,34.32,717.75,0.72059,0,Normal
19.431,0.131,2.536,27.34,49.61,114.28,0.04227,0,Normal
19.463,0.559,10.872,29.54,72.81,167.02,0.1812,0,Normal
21.607,1.365,29.503,25.42,58.75,492.56,0.49172,0,Normal
19.967,0.8,15.979,15.0,38.67,366.41,0.26631,0,Normal
21.832,1.737,37.913,43.3,66.25,737.99,0.63189,0,Normal
19.554,0.927,18.129,30.09,45.13,395.75,0.30214,0,Normal
19.21,1.033,19.849,31.79,90.3,254.55,0.33082,0,Normal
24.0,3.351,80.435,28.59,85.81,1060.38,1.34058,0,Normal
21.644,1.683,36.42,23.85,68.87,586.78,0.607,0,Normal
22.864,1.892,43.263,27.7,82.5,668.91,0.72104,0,Normal
18.887,0.65,12.278,17.8,59.17,251.07,0.20463,0,Normal
20.837,1.183,24.657,44.94,71.78,497.57,0.41095,0,Normal
21.329,2.168,46.236,20.36,84.6,681.06,0.77059,0,Normal
20.113,1.259,25.328,21.78,62.42,327.72,0.42214,0,Normal
23.026,1.951,44.92,25.92,53.41,755.2,0.74867,0,Normal
20.415,1.308,26.7,38.02,27.32,481.82,0.445,0,Normal
21.693,1.501,32.552,29.1,56.5,568.33,0.54253,0,Normal
20.334,1.282,26.068,20.35,72.82,481.52,0.43447,0,Normal
23.116,3.234,74.767,37.78,75.02,1100.0,1.24611,0,Normal
22.039,1.549,34.128,34.12,67.08,646.22,0.56881,0,Normal
21.15,1.063,22.486,32.77,48.26,353.84,0.37476,0,Normal
22.359,2.563,57.299,34.01,22.42,880.31,0.95499,0,Normal
20.186,0.093,1.886,45.76,49.09,308.16,0.03144,1,Low Current
21.799,2.087,45.496,44.3,52.52,708.48,0.75827,0,Normal
17.693,0.311,5.494,24.19,52.37,101.29,0.09157,0,Normal
18.492,0.98,18.12,40.37,69.13,278.11,0.30199,0,Normal
22.075,1.681,37.098,31.68,93.74,705.12,0.6183,0,Normal
22.67,2.309,52.35,32.49,60.22,856.77,0.8725,0,Normal
21.465,1.964,42.166,17.15,54.1,697.98,0.70277,0,Normal
20.45,1.241,25.379,27.81,53.33,617.62,0.42299,0,Normal
20.844,1.392,29.024,23.31,60.24,565.69,0.48374,0,Normal
19.307,0.505,9.744,34.8,43.09,236.01,0.1624,0,Normal
20.399,1.405,28.653,36.5,60.16,448.44,0.47756,0,Normal
21.025,1.354,28.458,15.0,66.11,521.02,0.4743,0,Normal
23.721,2.486,58.977,28.85,61.77,945.99,0.98294,0,Normal
22.909,2.199,50.386,36.85,66.24,746.21,0.83976,0,Normal
19.147,0.145,2.772,27.69,65.81,156.35,0.0462,0,Normal
22.132,1.673,37.025,34.1,26.11,740.74,0.61709,0,Normal
21.741,1.438,31.271,31.46,69.46,542.18,0.52118,0,Normal
19.931,1.016,20.257,31.39,45.92,460.46,0.33761,0,Normal
22.718,4.325,98.258,27.1,38.27,19.43,1.63763,1,Sensor Anomaly
23.604,2.749,64.896,20.48,38.12,938.68,1.08159,0,Normal
22.695,4.566,103.632,21.15,65.8,33.35,1.7272,1,Sensor Anomaly
19.972,1.288,25.732,33.97,53.99,415.02,0.42887,0,Normal
19.825,1.767,35.037,29.14,27.72,563.42,0.58396,0,Normal
23.719,2.294,54.404,28.03,66.6,742.75,0.90673,0,Normal
22.857,2.198,50.232,26.03,32.09,923.15,0.8372,0,Normal
11.365,1.521,17.29,26.86,60.52,515.83,0.28816,1,Low Voltage
21.332,1.551,33.078,36.33,62.29,598.02,0.5513,0,Normal
20.395,0.816,16.637,26.65,73.94,340.23,0.27729,0,Normal
19.683,0.99,19.49,19.61,90.07,315.06,0.32483,0,Normal
23.18,2.112,48.949,34.21,33.44,877.51,0.81581,0,Normal
24.0,2.557,61.368,27.57,57.06,1029.75,1.0228,0,Normal
22.139,1.866,41.32,29.22,53.03,629.84,0.68867,0,Normal
13.337,2.635,35.142,40.25,65.81,930.99,0.5857,1,Low Voltage
22.153,2.116,46.876,28.86,61.88,751.26,0.78126,0,Normal
20.329,1.144,23.256,31.02,51.65,469.37,0.3876,0,Normal
21.498,2.251,48.383,20.75,50.06,751.19,0.80639,0,Normal
24.0,3.137,75.29,27.46,37.9,1080.65,1.25484,0,Normal
22.391,1.785,39.969,33.27,75.78,639.97,0.66614,0,Normal
24.0,2.866,68.79,18.11,66.27,1088.1,1.1465,0,Normal
18.198,0.05,0.91,30.41,74.52,20.0,0.01517,0,Normal
22.627,2.598,58.779,29.71,52.41,880.13,0.97965,0,Normal
20.751,2.115,43.888,29.29,46.18,674.37,0.73147,0,Normal
21.845,1.5,32.768,36.26,38.59,566.28,0.54614,0,Normal
20.638,1.829,37.747,31.34,64.46,675.69,0.62912,0,Normal
17.964,0.227,4.078,39.35,39.28,93.48,0.06797,0,Normal
21.448,1.705,36.559,22.04,91.28,588.49,0.60932,0,Normal
22.328,1.98,44.204,29.95,34.46,749.99,0.73673,0,Normal
24.0,2.437,58.493,29.59,62.93,1063.81,0.97488,0,Normal
21.213,1.636,34.7,21.52,86.2,504.88,0.57833,0,Normal
18.584,1.49,27.693,35.69,68.78,423.62,0.46154,0,Normal
20.56,1.273,26.174,45.27,61.16,509.51,0.43623,0,Normal
21.78,5.098,111.035,28.88,40.57,63.87,1.85058,1,Sensor Anomaly
22.776,2.03,46.227,32.54,33.13,742.05,0.77044,0,Normal
20.507,2.467,50.58,29.59,71.86,73.88,0.843,1,Sensor Anomaly
21.277,2.405,51.17,24.0,85.11,793.71,0.85283,0,Normal
21.712,1.931,41.921,16.25,50.1,677.18,0.69869,0,Normal
23.152,2.44,56.499,24.06,37.5,921.22,0.94165,0,Normal
21.698,1.043,22.635,19.26,20.0,453.43,0.37725,0,Normal
21.089,1.682,35.463,40.93,40.35,558.25,0.59105,0,Normal
21.403,1.613,34.528,28.19,55.95,540.21,0.57546,0,Normal
20.229,0.862,17.435,26.58,86.78,240.22,0.29059,0,Normal
22.075,1.846,40.759,35.22,70.12,732.91,0.67931,0,Normal
22.963,2.367,54.36,21.15,63.49,723.1,0.90599,0,Normal
22.421,1.514,33.944,23.63,50.8,651.43,0.56573,0,Normal
20.493,1.753,35.921,29.48,47.5,584.32,0.59869,0,Normal
20.273,0.355,7.191,36.2,83.3,253.7,0.11984,0,Normal
20.011,1.331,26.638,32.51,61.61,532.22,0.44397,0,Normal
21.823,1.819,39.695,30.74,20.15,554.04,0.66158,0,Normal
19.377,1.333,25.82,29.55,45.88,425.36,0.43033,0,Normal
21.88,1.578,34.525,31.8,42.55,604.84,0.57542,0,Normal
23.747,2.026,48.112,30.41,48.17,763.13,0.80187,0,Normal
24.0,3.113,74.711,21.79,68.13,1100.0,1.24518,0,Normal
21.906,2.037,44.616,29.32,56.07,698.88,0.7436,0,Normal
22.848,2.258,51.587,21.48,56.62,722.11,0.85979,0,Normal
21.43,1.667,35.734,29.57,81.64,629.16,0.59556,0,Normal
19.933,0.05,0.997,25.64,45.46,112.74,0.01661,0,Normal
21.446,1.769,37.931,46.78,91.56,642.58,0.63218,0,Normal
21.684,1.774,38.478,28.72,45.92,666.86,0.64129,0,Normal
24.0,5.318,127.638,19.17,59.61,29.93,2.12731,1,Sensor Anomaly
20.847,0.555,11.58,28.06,52.94,596.14,0.19299,1,Low Current
21.776,1.994,43.433,32.64,60.22,734.43,0.72388,0,Normal
21.203,1.806,38.287,40.71,66.0,640.28,0.63812,0,Normal
19.598,0.743,14.56,24.87,65.81,322.77,0.24267,0,Normal
23.536,2.832,66.664,17.92,44.44,969.99,1.11107,0,Normal
24.0,2.137,51.296,34.72,37.79,860.54,0.85493,0,Normal
22.649,2.312,52.364,19.34,95.0,871.49,0.87273,0,Normal
20.451,1.062,21.714,25.95,49.29,395.37,0.3619,0,Normal
24.0,3.224,77.369,27.2,70.59,1042.78,1.28948,0,Normal
19.898,0.858,17.081,28.51,29.06,257.48,0.28468,0,Normal
12.958,2.444,31.667,33.82,52.97,814.32,0.52778,1,Low Voltage
24.0,3.339,80.129,46.8,55.71,1100.0,1.33548,1,Over Temperature
20.5,1.689,34.617,27.08,66.51,372.65,0.57696,0,Normal
21.038,1.375,28.936,28.9,20.0,491.44,0.48227,0,Normal
21.76,2.139,46.554,30.05,60.99,677.9,0.7759,0,Normal
19.844,1.598,31.701,29.68,37.3,509.03,0.52835,0,Normal
18.791,0.777,14.604,32.05,63.84,215.81,0.2434,0,Normal
20.965,2.165,45.395,34.91,39.35,669.2,0.75658,0,Normal
19.48,0.902,17.564,31.75,42.6,352.55,0.29274,0,Normal
22.54,2.078,46.836,32.18,53.07,782.61,0.7806,0,Normal
20.783,2.079,43.21,17.92,39.06,18.37,0.72017,1,Sensor Anomaly
24.0,2.982,71.579,29.35,49.44,1083.98,1.19298,0,Normal
20.024,1.25,25.029,32.36,36.52,430.69,0.41715,0,Normal
21.674,1.827,39.606,34.1,25.0,559.82,0.6601,0,Normal
23.502,2.375,55.814,24.15,76.32,877.78,0.93023,0,Normal
20.755,0.801,16.623,24.39,34.67,305.36,0.27706,0,Normal
22.686,2.03,46.047,24.98,54.78,713.69,0.76745,0,Normal
23.196,2.771,64.268,32.75,71.55,1016.0,1.07113,0,Normal
17.712,0.206,3.645,36.24,46.93,199.9,0.06075,0,Normal
22.399,1.857,41.594,26.15,43.15,701.7,0.69324,0,Normal
21.708,2.116,45.935,35.36,62.07,722.77,0.76558,0,Normal
22.406,2.674,59.912,29.86,78.12,868.91,0.99853,0,Normal
18.856,0.638,12.038,28.13,36.95,303.65,0.20063,0,Normal
12.013,0.573,6.885,27.52,55.3,280.27,0.11475,1,Low Voltage
23.602,2.204,52.013,34.23,26.82,796.14,0.86688,0,Normal
21.956,1.66,36.444,31.28,50.92,733.16,0.60741,0,Normal
22.236,1.876,41.714,44.93,58.62,720.14,0.69524,0,Normal
22.46,1.785,40.097,23.03,42.62,747.01,0.66828,0,Normal
19.664,1.519,29.862,32.63,49.77,459.59,0.49769,0,Normal
22.797,1.863,42.465,25.3,32.65,715.03,0.70775,0,Normal
12.699,2.354,29.89,22.91,59.39,732.06,0.49816,1,Low Voltage
20.617,1.453,29.956,28.92,77.0,449.98,0.49926,0,Normal
24.0,2.941,70.578,29.96,38.25,1100.0,1.1763,0,Normal
15.619,1.923,30.035,48.0,46.79,782.67,0.50058,1,Low Voltage
19.09,0.848,16.18,27.71,67.05,316.44,0.26967,0,Normal
23.374,0.281,6.557,21.09,79.82,833.84,0.10929,1,Low Current
19.527,1.109,21.651,30.91,31.12,377.09,0.36086,0,Normal
23.115,2.334,53.946,15.0,54.96,870.38,0.8991,0,Normal
10.923,2.849,31.119,28.36,63.1,974.41,0.51864,1,Low Voltage
21.883,1.217,26.633,29.11,56.16,420.21,0.44389,0,Normal
23.665,2.477,58.62,34.56,20.0,919.75,0.97699,0,Normal
21.786,1.981,43.151,35.82,67.02,765.58,0.71918,0,Normal
22.482,2.429,54.619,25.48,85.35,880.18,0.91032,0,Normal
24.0,2.919,70.064,27.95,60.1,1100.0,1.16774,0,Normal
22.024,1.641,36.151,23.64,39.44,581.29,0.60252,0,Normal
19.407,1.252,24.29,21.1,48.76,438.95,0.40483,0,Normal
20.152,1.159,23.363,31.17,89.86,400.94,0.38939,0,Normal
21.892,1.507,32.992,20.08,74.38,421.57,0.54986,0,Normal
20.949,1.733,36.301,46.81,69.52,628.41,0.60502,1,Over Temperature
22.604,2.278,51.481,22.03,64.42,745.52,0.85802,0,Normal
23.711,2.054,48.709,32.85,46.1,727.47,0.81181,0,Normal
23.317,2.364,55.124,41.61,54.39,881.61,0.91874,0,Normal
22.138,1.823,40.352,19.89,56.6,653.64,0.67254,0,Normal
24.0,2.989,71.731,16.03,67.89,1056.99,1.19552,0,Normal
21.097,1.655,34.921,28.13,85.16,575.9,0.58202,0,Normal
24.0,2.888,69.32,29.11,78.13,1100.0,1.15533,0,Normal
22.533,2.028,45.688,30.53,32.45,825.19,0.76147,0,Normal
19.067,1.264,24.105,25.88,62.03,410.0,0.40175,0,Normal
19.762,1.138,22.495,51.02,71.26,350.15,0.37491,1,Over Temperature
14.388,2.311,33.248,31.57,69.14,785.09,0.55413,1,Low Voltage
21.046,1.645,34.617,36.28,46.67,587.43,0.57695,0,Normal
23.16,2.552,59.116,15.31,95.0,849.92,0.98526,0,Normal
23.498,0.737,17.308,26.42,35.01,782.51,0.28846,1,Low Current
22.127,1.89,41.823,30.5,38.5,629.61,0.69705,0,Normal
20.722,1.006,20.838,22.57,62.2,412.9,0.34731,0,Normal
18.95,0.878,16.637,41.12,95.0,76.48,0.27728,1,Sensor Anomaly
20.42,1.401,28.608,24.55,42.95,524.98,0.4768,0,Normal
21.719,2.474,53.742,28.71,53.22,889.79,0.8957,0,Normal
22.142,1.921,42.529,32.89,77.39,709.95,0.70882,0,Normal
20.367,0.506,10.3,24.86,57.68,301.19,0.17166,0,Normal
22.338,2.292,51.196,16.07,51.98,698.49,0.85327,0,Normal
22.148,2.07,45.837,26.0,68.18,757.89,0.76395,0,Normal
20.46,1.139,23.308,36.21,62.91,402.52,0.38847,0,Normal
22.059,2.16,47.642,26.64,76.55,693.04,0.79403,0,Normal
23.226,1.449,33.653,23.07,81.25,666.3,0.56088,0,Normal
20.581,0.817,16.82,35.48,63.53,329.97,0.28034,0,Normal
23.131,2.026,46.851,26.68,63.25,750.18,0.78086,0,Normal
23.362,2.198,51.341,25.43,61.85,807.02,0.85569,0,Normal
22.69,2.618,59.396,30.05,66.8,953.25,0.98993,0,Normal
23.9,2.869,68.577,34.4,58.99,945.06,1.14295,0,Normal
19.332,0.838,16.204,45.67,57.99,264.25,0.27007,0,Normal
20.504,1.241,25.451,34.79,79.54,387.41,0.42418,0,Normal
22.807,2.192,49.99,37.12,85.29,794.21,0.83316,0,Normal
23.069,1.969,45.431,25.46,30.86,793.86,0.75719,0,Normal
16.335,1.86,30.383,21.82,58.18,794.21,0.50639,1,Low Voltage
24.0,4.451,106.829,29.44,45.6,28.87,1.78049,1,Sensor Anomaly
23.396,2.316,54.189,29.75,52.4,809.85,0.90315,0,Normal
23.567,2.73,64.348,21.45,65.25,967.96,1.07246,0,Normal
11.695,2.519,29.465,27.77,70.05,917.12,0.49108,1,Low Voltage
23.482,2.241,52.614,46.79,55.98,832.39,0.87689,1,Over Temperature
21.462,1.92,41.198,31.52,23.56,561.72,0.68664,0,Normal
24.0,4.01,96.233,32.53,40.63,62.24,1.60389,1,Sensor Anomaly
19.832,1.37,27.172,31.04,74.14,433.61,0.45286,0,Normal
21.15,1.634,34.55,25.45,20.0,583.69,0.57583,0,Normal
21.223,1.428,30.299,25.4,79.37,514.1,0.50498,0,Normal
22.764,2.108,47.995,20.61,67.38,672.92,0.79992,0,Normal
24.0,3.267,78.409,41.49,81.69,1100.0,1.30682,0,Normal
19.561,0.311,6.079,29.09,54.43,127.17,0.10131,0,Normal
22.529,2.493,56.172,27.43,20.89,842.15,0.9362,0,Normal
18.455,0.623,11.501,22.5,65.75,198.44,0.19169,0,Normal
20.748,1.401,29.074,48.0,80.94,517.86,0.48457,0,Normal
23.763,2.725,64.745,21.49,74.64,954.91,1.07909,0,Normal
22.363,1.744,38.996,50.33,46.07,668.0,0.64993,1,Over Temperature
19.897,0.91,18.104,31.91,59.56,348.23,0.30173,0,Normal
20.255,1.139,23.075,33.2,48.41,449.71,0.38458,0,Normal
22.722,2.477,56.288,35.71,43.25,840.29,0.93813,0,Normal
20.277,1.199,24.314,41.65,75.2,445.5,0.40523,0,Normal
21.862,1.734,37.899,32.54,36.44,710.61,0.63165,0,Normal
21.919,1.735,38.029,21.61,41.91,662.76,0.63381,0,Normal
20.468,0.729,14.92,27.2,38.13,467.55,0.24867,0,Normal
24.0,2.963,71.101,31.15,31.18,1100.0,1.18502,0,Normal
22.639,2.26,51.154,43.48,60.64,827.5,0.85256,0,Normal
10.338,0.21,2.169,19.22,78.91,82.96,0.03615,1,Low Voltage
22.015,2.286,50.327,37.42,54.67,702.21,0.83878,0,Normal
20.271,1.394,28.266,30.26,30.9,464.7,0.47109,0,Normal
24.0,2.547,61.127,34.86,73.12,888.68,1.01879,0,Normal
20.776,0.897,18.635,28.29,88.34,428.09,0.31059,0,Normal
22.448,1.669,37.473,23.1,46.37,617.87,0.62455,0,Normal
22.931,2.098,48.1,34.26,49.39,791.4,0.80166,0,Normal
15.511,2.325,36.064,33.58,67.28,892.41,0.60107,1,Low Voltage
19.988,0.721,14.406,35.8,87.19,313.92,0.24011,0,Normal
10.305,1.223,12.605,28.91,48.64,556.34,0.21008,1,Low Voltage
21.364,1.218,26.031,24.8,34.02,517.02,0.43385,0,Normal
20.048,1.479,29.644,18.09,69.37,467.07,0.49407,0,Normal
24.0,3.009,72.223,34.74,72.38,1100.0,1.20372,0,Normal
21.898,2.024,44.322,31.97,58.11,763.39,0.73871,0,Normal
20.101,0.834,16.763,22.24,47.95,296.95,0.27938,0,Normal
23.67,2.749,65.066,25.23,75.9,907.0,1.08443,0,Normal
24.0,3.077,73.857,25.73,67.5,1100.0,1.23095,0,Normal
23.995,2.752,66.032,18.62,44.17,939.09,1.10053,0,Normal
18.966,0.478,9.067,23.28,58.88,224.58,0.15111,0,Normal
21.002,1.338,28.091,21.06,33.67,514.41,0.46818,0,Normal
24.0,2.872,68.935,26.11,70.35,1004.74,1.14891,0,Normal
21.488,1.608,34.554,23.83,53.28,451.85,0.57591,0,Normal
22.028,2.449,53.953,17.61,50.16,774.27,0.89922,0,Normal
21.676,2.466,53.455,43.16,57.41,866.9,0.89091,0,Normal
19.515,1.1,21.459,37.77,58.73,390.46,0.35764,0,Normal
22.568,2.029,45.799,23.55,74.11,633.33,0.76332,0,Normal
18.823,0.199,3.737,30.91,68.64,20.0,0.06229,0,Normal
19.359,0.593,11.489,31.92,55.18,363.17,0.19148,0,Normal
21.382,1.402,29.984,37.34,71.75,579.28,0.49973,0,Normal
21.131,0.905,19.119,23.27,65.21,300.62,0.31865,0,Normal
24.0,2.705,64.909,36.64,50.32,1100.0,1.08182,0,Normal
20.488,0.537,11.003,25.16,55.76,249.56,0.18338,0,Normal
21.994,1.361,29.931,19.65,55.33,526.79,0.49884,0,Normal
21.256,1.85,39.328,34.07,67.09,686.61,0.65547,0,Normal
23.862,2.841,67.782,38.04,51.39,1053.56,1.12971,0,Normal
18.959,0.619,11.74,47.12,50.97,247.96,0.19566,0,Normal
12.81,2.898,37.129,20.6,93.44,975.69,0.61882,1,Low Voltage
22.336,1.756,39.22,33.89,74.92,652.87,0.65367,0,Normal
20.509,0.979,20.088,26.13,44.31,375.18,0.3348,0,Normal
20.384,1.908,38.901,34.48,68.28,779.39,0.64834,0,Normal
21.473,2.179,46.791,18.71,60.13,705.74,0.77985,0,Normal
19.481,1.238,24.125,20.16,65.05,481.94,0.40208,0,Normal
22.176,1.683,37.324,23.57,60.47,669.54,0.62206,0,Normal
21.307,1.546,32.939,29.55,79.41,542.11,0.54898,0,Normal
22.301,1.772,39.525,24.51,64.22,681.78,0.65876,0,Normal
22.126,2.214,48.991,33.61,56.88,835.4,0.81652,0,Normal
24.0,3.059,73.405,36.19,76.76,1094.08,1.22342,0,Normal
20.117,0.78,15.698,33.2,62.2,303.41,0.26163,0,Normal
23.338,3.425,79.939,40.33,60.19,1100.0,1.33232,0,Normal
17.421,0.273,4.758,31.91,63.65,103.42,0.07929,0,Normal
21.758,1.824,39.681,20.48,56.32,607.5,0.66134,0,Normal
23.804,1.885,44.88,38.54,58.17,814.73,0.748,0,Normal
23.568,0.537,12.656,24.76,47.44,728.68,0.21093,1,Low Current
20.989,1.115,23.412,35.37,44.48,475.64,0.3902,0,Normal
20.664,1.448,29.916,40.02,40.03,591.73,0.4986,0,Normal
21.513,1.493,32.114,32.2,32.94,511.96,0.53524,0,Normal
20.755,1.558,32.326,18.53,42.17,484.98,0.53877,0,Normal
22.851,2.557,58.433,22.57,54.86,887.89,0.97389,0,Normal
20.668,2.017,41.693,38.26,59.86,749.96,0.69489,0,Normal
20.737,1.158,24.01,27.82,53.12,455.99,0.40016,0,Normal
22.856,2.708,61.906,52.05,20.0,901.89,1.03177,1,Over Temperature
22.251,2.405,53.513,34.31,86.34,736.04,0.89188,0,Normal
21.434,2.449,52.49,33.87,77.56,877.6,0.87483,0,Normal
22.928,2.462,56.45,30.95,66.02,826.3,0.94083,0,Normal
18.742,1.227,23.004,27.54,92.33,417.88,0.3834,0,Normal
21.675,1.513,32.796,26.81,40.41,493.15,0.5466,0,Normal
23.271,2.16,50.268,35.01,91.98,859.24,0.8378,0,Normal
22.533,2.184,49.202,32.87,40.63,820.9,0.82004,0,Normal
22.204,1.869,41.496,27.2,62.3,644.15,0.69159,0,Normal
21.123,2.097,44.296,36.57,35.07,682.85,0.73826,0,Normal
24.0,2.661,63.872,28.1,58.26,1007.75,1.06453,0,Normal
21.512,0.994,21.387,23.04,64.95,484.36,0.35645,0,Normal
20.686,2.164,44.757,23.69,55.22,803.19,0.74596,0,Normal
21.319,1.85,39.448,22.15,70.85,593.39,0.65747,0,Normal
21.466,1.359,29.174,27.09,59.78,589.05,0.48623,0,Normal
23.293,2.419,56.34,37.64,48.6,957.66,0.93899,0,Normal
24.0,2.501,60.03,23.36,47.8,881.12,1.0005,0,Normal
22.347,2.417,54.019,30.32,72.6,877.78,0.90032,0,Normal
23.673,2.953,69.908,24.4,46.23,1015.53,1.16514,0,Normal
20.54,1.609,33.055,27.18,74.48,655.88,0.55091,0,Normal
24.0,2.319,55.665,18.43,80.01,840.95,0.92774,0,Normal
21.145,1.786,37.766,27.46,27.96,563.13,0.62944,0,Normal
22.072,1.851,40.859,27.64,78.39,740.77,0.68098,0,Normal
21.45,1.964,42.123,32.78,95.0,613.56,0.70205,0,Normal
22.369,1.688,37.761,30.56,62.54,677.16,0.62935,0,Normal
23.253,2.455,57.075,20.61,68.78,816.64,0.95125,0,Normal
22.089,1.091,24.097,36.59,76.67,420.9,0.40162,0,Normal
24.0,2.849,68.367,30.47,53.04,1100.0,1.13945,0,Normal
19.75,0.934,18.436,30.39,61.28,368.32,0.30727,0,Normal
19.369,0.961,18.614,28.94,34.34,310.03,0.31024,0,Normal
23.561,2.725,64.209,25.38,60.5,974.27,1.07015,0,Normal
22.041,2.622,57.785,52.53,66.97,871.67,0.96309,1,Over Temperature
22.793,2.542,57.948,32.33,67.29,824.75,0.96581,0,Normal
23.71,2.128,50.46,16.77,77.18,825.94,0.84099,0,Normal
21.444,1.584,33.96,25.23,44.05,646.57,0.56601,0,Normal
19.772,0.878,17.359,27.22,48.41,398.77,0.28932,0,Normal
22.944,1.701,39.033,52.3,92.12,671.23,0.65055,1,Over Temperature
19.455,1.464,28.482,37.35,55.29,460.39,0.47469,0,Normal
22.126,2.691,59.536,23.6,61.6,923.03,0.99227,0,Normal
20.833,1.605,33.443,53.34,56.79,608.82,0.55738,1,Over Temperature
19.425,1.17,22.728,25.41,43.21,418.86,0.37881,0,Normal
21.671,1.825,39.54,23.39,87.22,560.01,0.659,0,Normal
22.302,2.482,55.356,26.57,48.5,765.62,0.92261,0,Normal
20.564,1.405,28.899,34.4,37.71,492.16,0.48165,0,Normal
21.41,0.703,15.044,21.62,49.89,419.78,0.25073,0,Normal
21.651,2.043,44.242,31.99,21.97,718.23,0.73737,0,Normal
23.052,2.204,50.811,17.09,46.28,718.59,0.84685,0,Normal
22.104,1.463,32.335,25.07,40.57,508.06,0.53892,0,Normal
20.747,1.578,32.735,26.69,69.11,518.11,0.54558,0,Normal
22.413,2.019,45.251,40.72,45.88,714.97,0.75418,0,Normal
19.246,0.46,8.86,27.08,73.98,244.54,0.14766,0,Normal
11.681,0.568,6.632,15.0,83.17,255.91,0.11053,1,Low Voltage
19.843,1.218,24.164,15.01,72.06,448.84,0.40273,0,Normal
20.284,1.834,37.199,29.24,54.12,590.23,0.61998,0,Normal
21.941,1.9,41.693,33.3,60.54,737.05,0.69488,0,Normal
23.591,3.029,71.46,31.63,30.55,1063.1,1.19099,0,Normal
22.85,2.528,57.758,30.17,55.59,890.14,0.96264,0,Normal
21.174,1.949,41.274,37.14,42.51,605.22,0.68791,0,Normal
22.366,1.797,40.192,25.22,70.5,644.68,0.66987,0,Normal
19.674,0.702,13.816,35.26,95.0,369.29,0.23026,0,Normal
21.478,1.942,41.71,17.58,67.0,644.82,0.69517,0,Normal
21.227,1.984,42.118,22.67,22.16,569.18,0.70196,0,Normal
22.12,2.228,49.286,16.35,51.5,740.36,0.82144,0,Normal
19.805,1.026,20.32,27.08,60.2,418.38,0.33867,0,Normal
21.551,2.02,43.537,28.68,59.57,795.42,0.72562,0,Normal
24.0,2.828,67.881,29.8,44.85,1079.17,1.13135,0,Normal
21.208,2.084,44.194,29.43,62.42,619.55,0.73656,0,Normal
23.314,2.084,48.586,22.51,35.63,762.48,0.80976,0,Normal
21.98,2.232,49.066,27.67,40.99,843.24,0.81777,0,Normal
21.009,1.492,31.336,18.52,69.62,537.66,0.52226,0,Normal
23.207,1.898,44.049,38.54,39.72,712.75,0.73415,0,Normal
21.217,2.107,44.701,51.01,67.69,653.53,0.74502,1,Over Temperature
21.884,1.712,37.473,25.58,33.35,677.35,0.62455,0,Normal
19.372,1.399,27.101,40.12,89.77,433.56,0.45168,0,Normal
21.115,1.874,39.572,20.3,44.06,656.86,0.65953,0,Normal
11.042,2.441,26.948,21.12,53.97,789.44,0.44913,1,Low Voltage
24.0,3.259,78.213,21.33,63.95,1056.32,1.30355,0,Normal
23.517,2.574,60.527,28.52,47.82,918.6,1.00878,0,Normal
23.237,2.991,69.499,32.02,60.58,1100.0,1.15831,0,Normal
20.633,1.214,25.038,34.18,68.36,435.14,0.41731,0,Normal
23.626,2.404,56.801,47.0,75.29,894.25,0.94668,0,Normal
23.263,1.695,39.429,15.0,72.25,701.34,0.65715,0,Normal
24.0,3.321,79.711,33.26,54.91,1100.0,1.32851,0,Normal
19.749,1.23,24.298,25.1,55.36,423.68,0.40497,0,Normal
11.852,0.952,11.289,24.9,95.0,414.88,0.18815,1,Low Voltage
21.369,0.979,20.912,24.66,75.1,482.17,0.34853,0,Normal
17.135,0.099,1.698,22.64,41.41,26.44,0.0283,1,Sensor Anomaly
19.837,1.513,30.016,40.79,59.8,502.79,0.50027,0,Normal
20.999,1.095,22.999,34.9,51.97,437.44,0.38332,0,Normal
22.662,1.844,41.787,29.16,55.56,692.11,0.69645,0,Normal
21.054,2.134,44.921,38.46,35.87,745.69,0.74869,0,Normal
24.0,3.018,72.421,18.41,50.59,1100.0,1.20702,0,Normal
23.696,2.684,63.6,19.69,90.61,916.12,1.06,0,Normal
21.728,1.405,30.535,15.0,68.42,488.47,0.50892,0,Normal
19.969,1.102,22.006,24.1,20.0,398.44,0.36676,0,Normal
23.05,1.906,43.923,30.13,79.9,787.74,0.73206,0,Normal
20.155,0.632,12.734,29.72,77.61,280.33,0.21224,0,Normal
24.0,3.165,75.964,30.05,51.53,1100.0,1.26606,0,Normal
24.0,2.646,63.507,19.12,70.91,980.24,1.05845,0,Normal
20.417,1.648,33.651,34.62,42.53,518.63,0.56085,0,Normal
20.036,0.895,17.936,30.68,49.54,170.32,0.29894,0,Normal
23.862,2.96,70.634,34.13,84.97,1029.08,1.17724,0,Normal
21.293,2.023,43.075,15.75,53.11,617.93,0.71791,0,Normal
23.324,2.894,67.507,31.18,24.34,996.59,1.12511,0,Normal
19.418,0.477,9.272,20.69,56.86,203.56,0.15453,0,Normal
21.39,0.329,7.038,26.22,56.59,482.17,0.11729,1,Low Current
20.78,2.165,44.996,32.74,79.57,651.47,0.74993,0,Normal
23.156,1.75,40.516,29.64,58.26,663.15,0.67527,0,Normal
21.409,1.284,27.497,23.04,50.41,523.98,0.45829,0,Normal
23.172,2.09,48.433,29.04,76.81,824.4,0.80721,0,Normal
20.206,0.954,19.272,18.28,60.17,351.07,0.32119,0,Normal
21.373,1.497,31.992,37.05,44.5,610.13,0.53321,0,Normal
21.934,2.208,48.437,27.56,78.79,683.68,0.80728,0,Normal
23.181,2.223,51.527,36.83,61.49,794.04,0.85878,0,Normal
23.082,2.552,58.899,25.31,58.05,849.25,0.98164,0,Normal
20.539,0.884,18.158,25.33,61.2,335.1,0.30263,0,Normal
19.053,0.413,7.874,23.65,38.73,220.45,0.13123,0,Normal
23.93,2.543,60.857,35.13,48.5,1007.75,1.01429,0,Normal
21.92,1.92,42.088,24.03,58.06,743.05,0.70147,0,Normal
21.281,1.28,27.24,33.51,54.5,440.42,0.454,0,Normal
23.889,3.124,74.622,51.08,80.9,1084.32,1.2437,1,Over Temperature
22.113,2.047,45.274,15.17,61.91,682.39,0.75457,0,Normal
23.661,2.477,58.597,25.01,73.39,980.2,0.97662,0,Normal
21.872,1.885,41.225,20.75,58.17,668.91,0.68708,0,Normal
24.0,2.876,69.018,29.24,77.01,1100.0,1.15029,0,Normal
24.0,3.172,76.135,20.67,65.16,1100.0,1.26891,0,Normal
22.195,1.685,37.41,35.48,58.24,580.29,0.62351,0,Normal
22.875,2.358,53.933,28.36,57.76,922.04,0.89888,0,Normal
23.034,2.491,57.368,27.76,40.82,830.71,0.95614,0,Normal
23.441,3.277,76.811,33.59,67.12,1033.22,1.28018,0,Normal
20.305,1.197,24.297,35.75,57.28,379.82,0.40496,0,Normal
22.945,2.315,53.115,28.86,48.96,842.09,0.88525,0,Normal
23.605,2.598,61.334,23.6,77.92,946.36,1.02223,0,Normal
19.988,0.409,8.177,16.58,35.5,157.55,0.13628,0,Normal
19.474,0.756,14.732,24.2,50.4,318.69,0.24553,0,Normal
18.893,0.267,5.04,24.68,76.5,79.01,0.084,0,Normal
20.79,1.392,28.949,29.75,63.68,574.57,0.48248,0,Normal
23.145,2.037,47.14,26.58,57.14,850.91,0.78567,0,Normal
23.367,2.998,70.047,33.82,62.52,1070.66,1.16745,0,Normal
21.568,1.883,40.607,24.71,61.23,670.75,0.67678,0,Normal
24.0,2.961,71.053,28.6,30.7,1100.0,1.18422,0,Normal
20.544,0.494,10.139,37.29,51.71,263.57,0.16898,0,Normal
18.949,0.532,10.082,31.39,87.1,173.05,0.16803,0,Normal
22.875,1.589,36.342,28.58,46.13,634.45,0.6057,0,Normal
22.705,0.224,5.094,24.79,52.27,757.54,0.0849,1,Low Current
21.585,2.113,45.614,24.57,48.25,640.85,0.76023,0,Normal
19.553,0.317,6.197,23.05,56.43,71.12,0.10328,0,Normal
22.051,1.503,33.145,25.21,47.5,625.05,0.55242,0,Normal
19.026,0.557,10.592,34.29,66.76,284.75,0.17654,0,Normal
14.533,2.364,34.351,27.45,61.55,837.51,0.57252,1,Low Voltage
22.447,1.877,42.135,19.55,71.92,752.65,0.70226,0,Normal
18.519,0.696,12.893,41.38,39.08,386.83,0.21489,0,Normal
11.158,1.5,16.733,31.24,51.87,506.12,0.27888,1,Low Voltage
21.033,1.056,22.212,19.15,53.94,353.42,0.37019,0,Normal
23.059,1.85,42.648,25.91,66.2,632.45,0.7108,0,Normal
23.681,2.598,61.517,29.78,43.72,917.44,1.02529,0,Normal
19.672,1.01,19.876,40.93,74.48,374.0,0.33127,0,Normal
23.425,2.108,49.391,21.24,79.36,791.13,0.82319,0,Normal
21.333,1.474,31.453,35.83,40.2,501.53,0.52422,0,Normal
21.37,1.449,30.964,38.8,49.16,428.0,0.51607,0,Normal
21.699,1.647,35.736,24.6,48.43,620.03,0.5956,0,Normal
19.993,0.822,16.425,27.06,95.0,360.13,0.27375,0,Normal
20.55,1.923,39.512,21.75,50.26,63.27,0.65854,1,Sensor Anomaly
20.199,0.721,14.573,27.58,88.2,314.59,0.24288,0,Normal
23.423,3.099,72.591,28.74,35.2,1100.0,1.20985,0,Normal
22.287,1.439,32.063,33.62,40.19,659.87,0.53438,0,Normal
20.845,1.328,27.688,51.02,45.64,454.08,0.46147,1,Over Temperature
22.7,2.107,47.837,23.76,42.78,709.91,0.79728,0,Normal
22.052,1.434,31.616,15.23,53.18,618.55,0.52693,0,Normal
22.506,1.461,32.881,52.51,45.24,588.13,0.54801,1,Over Temperature
23.391,2.295,53.681,31.05,43.25,821.97,0.89468,0,Normal
22.604,2.367,53.509,30.75,78.85,862.1,0.89182,0,Normal
20.554,1.494,30.707,26.71,80.03,501.46,0.51179,0,Normal
20.195,1.333,26.923,53.78,75.09,488.77,0.44872,1,Over Temperature
21.459,1.797,38.558,39.61,67.43,572.99,0.64264,0,Normal
17.253,0.05,0.863,31.67,59.67,20.0,0.01438,0,Normal
20.078,0.454,9.112,26.39,49.05,225.75,0.15187,0,Normal
24.0,0.39,9.356,25.5,40.84,1032.72,0.15594,1,Low Current
23.914,3.199,76.512,27.81,64.53,1100.0,1.2752,0,Normal
20.965,1.592,33.385,40.46,36.87,580.27,0.55642,0,Normal
22.812,0.444,10.136,27.72,40.11,811.44,0.16894,1,Low Current
22.945,2.162,49.617,28.86,78.75,737.15,0.82695,0,Normal
24.0,2.714,65.125,25.62,92.21,1100.0,1.08542,0,Normal
22.309,2.445,54.55,36.69,65.08,963.48,0.90916,0,Normal
21.019,1.49,31.325,42.72,77.92,614.18,0.52208,0,Normal
19.93,0.912,18.185,32.15,53.57,382.45,0.30309,0,Normal
18.106,0.481,8.71,29.58,33.92,200.2,0.14516,0,Normal
21.796,2.147,46.79,29.26,69.02,706.97,0.77983,0,Normal
21.179,1.461,30.945,15.0,68.25,438.22,0.51576,0,Normal
19.085,0.642,12.262,34.22,59.29,251.77,0.20437,0,Normal
19.609,1.258,24.671,29.94,53.64,468.96,0.41118,0,Normal
21.92,0.835,18.301,32.0,75.32,347.17,0.30501,0,Normal
24.0,3.101,74.414,24.02,40.26,1100.0,1.24023,0,Normal
23.427,2.543,59.568,26.31,44.07,896.86,0.99279,0,Normal
21.09,1.956,41.249,26.12,39.85,647.77,0.68748,0,Normal
24.0,3.074,73.779,36.15,59.53,1064.38,1.22966,0,Normal
21.881,1.462,32.001,26.35,38.42,671.66,0.53335,0,Normal
18.667,1.085,20.261,43.58,45.68,408.84,0.33768,0,Normal
23.534,3.232,76.052,32.02,45.3,1076.47,1.26753,0,Normal
23.485,2.18,51.203,20.07,53.31,800.89,0.85338,0,Normal
21.441,1.207,25.883,28.1,31.23,359.57,0.43138,0,Normal
21.851,1.617,35.334,24.44,59.57,596.71,0.5889,0,Normal
21.451,1.182,25.355,15.0,80.45,404.83,0.42259,0,Normal
19.088,0.514,9.82,40.2,60.44,262.82,0.16367,0,Normal
23.172,2.314,53.625,33.92,85.74,909.33,0.89375,0,Normal
24.0,3.175,76.197,32.73,82.01,1100.0,1.26995,0,Normal
20.585,0.877,18.046,30.16,72.0,258.4,0.30077,0,Normal
23.898,2.285,54.617,19.33,59.34,807.63,0.91028,0,Normal
20.045,1.088,21.804,25.61,58.41,467.82,0.3634,0,Normal
20.787,1.425,29.615,34.89,71.75,513.6,0.49358,0,Normal
21.183,1.589,33.653,21.64,50.95,484.13,0.56089,0,Normal
20.517,1.473,30.231,15.0,24.11,408.08,0.50385,0,Normal
22.193,1.794,39.821,48.83,66.86,663.59,0.66368,1,Over Temperature
21.003,0.864,18.157,28.01,37.64,417.33,0.30262,0,Normal
22.933,2.168,49.723,29.95,40.68,725.73,0.82872,0,Normal
22.768,1.707,38.857,53.23,58.0,635.93,0.64762,1,Over Temperature
21.056,1.782,37.516,33.46,56.29,583.09,0.62526,0,Normal
19.275,1.149,22.155,30.81,32.58,395.88,0.36925,0,Normal
20.873,1.183,24.701,37.37,60.98,488.5,0.41168,0,Normal
24.0,0.621,14.907,18.37,75.39,861.51,0.24845,1,Low Current
22.219,2.423,53.842,32.53,37.69,790.26,0.89737,0,Normal
20.529,1.013,20.806,33.39,80.9,376.28,0.34677,0,Normal
22.671,1.725,39.105,20.32,29.92,677.81,0.65176,0,Normal
23.459,2.147,50.36,18.48,95.0,860.39,0.83933,0,Normal
19.131,0.373,7.138,23.78,50.6,182.57,0.11897,0,Normal
22.182,2.174,48.231,24.37,60.62,802.14,0.80384,0,Normal
18.958,1.43,27.11,34.27,23.94,464.47,0.45183,0,Normal
22.088,2.067,45.647,24.7,56.88,809.77,0.76079,0,Normal
20.394,1.505,30.692,23.01,62.11,436.29,0.51154,0,Normal
19.643,0.164,3.23,24.72,56.45,144.63,0.05384,0,Normal
11.227,0.954,10.711,36.83,47.86,194.29,0.17852,1,Low Voltage
21.515,2.157,46.406,29.09,40.96,663.46,0.77343,0,Normal
21.644,4.097,88.675,27.75,78.35,11.76,1.47791,1,Sensor Anomaly
20.76,0.809,16.796,28.23,58.55,396.79,0.27993,0,Normal
23.598,0.372,8.775,38.04,85.73,828.81,0.14624,1,Low Current
19.884,0.449,8.922,23.76,48.52,184.77,0.1487,0,Normal
21.883,1.504,32.908,38.21,50.17,631.5,0.54846,0,Normal
18.696,0.916,17.122,30.47,72.68,310.92,0.28536,0,Normal
20.487,1.155,23.663,27.88,28.79,467.49,0.39439,0,Normal
22.805,1.669,38.052,46.51,36.16,663.27,0.6342,0,Normal
21.325,1.115,23.768,21.61,77.75,409.08,0.39614,0,Normal
20.14,1.412,28.428,26.52,36.91,542.32,0.4738,0,Normal
23.667,3.001,71.028,20.37,25.26,931.76,1.1838,0,Normal
20.918,1.249,26.135,35.67,91.63,488.47,0.43559,0,Normal
22.375,2.496,55.843,40.82,32.91,883.99,0.93071,0,Normal
17.993,0.939,16.887,40.69,61.31,333.68,0.28145,0,Normal
22.545,2.257,50.878,37.57,59.24,798.35,0.84797,0,Normal
23.705,3.016,71.491,27.62,20.0,1053.64,1.19151,0,Normal
17.535,0.215,3.762,26.44,53.19,20.0,0.0627,0,Normal
10.43,1.257,13.111,17.3,66.07,426.87,0.21852,1,Low Voltage
22.32,2.251,50.235,43.25,64.38,811.58,0.83724,0,Normal
21.37,1.653,35.33,32.28,74.26,593.15,0.58883,0,Normal
21.891,2.084,45.627,25.56,51.03,753.92,0.76045,0,Normal
20.399,0.353,7.199,38.3,70.83,480.88,0.11998,1,Low Current
20.886,1.885,39.367,22.19,45.59,674.25,0.65611,0,Normal
21.685,1.724,37.384,31.85,32.61,606.41,0.62306,0,Normal
21.793,2.796,60.943,27.79,34.64,976.98,1.01571,0,Normal
21.913,2.026,44.401,33.47,31.68,721.24,0.74002,0,Normal
23.022,2.032,46.772,28.55,76.17,744.53,0.77953,0,Normal
20.62,1.501,30.944,18.84,30.74,534.67,0.51573,0,Normal
21.469,1.328,28.517,29.53,62.93,513.47,0.47529,0,Normal
21.699,1.512,32.81,36.34,53.21,528.88,0.54683,0,Normal
20.152,2.077,41.863,28.8,56.15,760.45,0.69771,0,Normal
20.851,1.501,31.306,34.43,82.54,532.12,0.52176,0,Normal
10.267,2.238,22.973,21.68,50.11,731.14,0.38289,1,Low Voltage
24.0,2.935,70.432,28.82,69.01,1100.0,1.17387,0,Normal
23.368,2.612,61.031,24.63,58.68,893.91,1.01718,0,Normal
19.384,1.549,30.02,34.23,55.26,558.71,0.50033,0,Normal
24.0,3.108,74.594,29.22,95.0,986.34,1.24323,0,Normal
21.194,3.083,65.342,33.83,32.06,33.16,1.08904,1,Sensor Anomaly
8.262,0.343,2.837,36.61,81.2,79.33,0.04728,1,Low Voltage
21.011,1.019,21.405,33.84,69.82,367.74,0.35676,0,Normal
17.352,0.1,1.74,30.91,49.37,126.18,0.029,0,Normal
20.524,1.458,29.916,22.01,87.33,551.58,0.49859,0,Normal
20.222,1.982,40.079,28.98,24.73,655.16,0.66798,0,Normal
24.0,3.001,72.021,25.27,48.61,1100.0,1.20035,0,Normal
22.642,1.672,37.851,26.59,36.25,741.54,0.63085,0,Normal
21.959,1.639,35.994,26.38,65.42,588.65,0.59991,0,Normal
23.576,2.284,53.852,22.14,37.96,882.23,0.89753,0,Normal
18.829,0.111,2.099,15.3,65.8,30.88,0.03498,0,Normal
22.367,2.286,51.131,24.32,54.64,715.97,0.85219,0,Normal
23.251,2.543,59.136,30.35,49.37,865.84,0.9856,0,Normal
19.627,0.943,18.504,19.56,65.0,236.0,0.3084,0,Normal
23.293,2.599,60.535,29.11,53.16,970.25,1.00892,0,Normal
22.003,2.005,44.128,42.3,38.4,744.78,0.73546,0,Normal
21.115,1.281,27.056,36.16,95.0,533.72,0.45094,0,Normal
22.653,2.139,48.457,40.5,49.23,827.18,0.80761,0,Normal
23.397,2.882,67.431,31.74,20.0,1100.0,1.12385,0,Normal
20.96,1.692,35.454,51.16,42.84,700.92,0.5909,1,Over Temperature
23.102,2.264,52.295,23.93,35.19,719.5,0.87158,0,Normal
20.926,1.084,22.693,24.49,72.87,521.38,0.37821,0,Normal
21.132,1.418,29.957,15.0,63.79,412.04,0.49929,0,Normal
15.037,2.65,39.844,37.3,65.18,882.49,0.66406,1,Low Voltage
19.061,1.213,23.127,39.78,51.34,410.3,0.38545,0,Normal
21.427,1.675,35.892,25.13,52.97,670.04,0.59821,0,Normal
20.886,1.156,24.142,27.22,51.32,516.26,0.40237,0,Normal
22.271,2.101,46.792,23.72,56.54,784.11,0.77986,0,Normal
23.199,3.716,86.199,31.68,73.04,60.63,1.43665,1,Sensor Anomaly
23.472,2.587,60.724,36.87,64.05,940.51,1.01206,0,Normal
22.542,1.25,28.173,16.8,67.0,507.2,0.46955,0,Normal
21.558,1.799,38.773,31.87,66.99,574.44,0.64621,0,Normal
18.515,1.353,25.043,27.06,73.92,375.95,0.41739,0,Normal
21.773,1.42,30.924,29.79,63.19,525.6,0.5154,0,Normal
21.297,2.113,44.992,32.21,64.46,755.64,0.74986,0,Normal
23.266,2.132,49.607,27.68,79.4,861.96,0.82679,0,Normal
19.727,1.017,20.063,28.27,46.03,391.79,0.33438,0,Normal
24.0,2.584,62.022,27.5,42.6,893.49,1.0337,0,Normal
24.0,2.9,69.601,35.79,36.65,1029.58,1.16001,0,Normal
21.902,2.03,44.471,31.93,61.29,765.76,0.74119,0,Normal
24.0,3.005,72.121,53.85,24.63,1100.0,1.20201,1,Over Temperature
20.894,1.142,23.856,20.1,66.32,433.34,0.39759,0,Normal
20.38,0.792,16.148,26.35,56.03,301.5,0.26913,0,Normal
18.675,0.495,9.246,35.29,78.42,151.96,0.1541,0,Normal
23.589,2.62,61.795,29.26,45.91,1068.89,1.02991,0,Normal
22.282,2.289,51.013,33.62,54.34,833.22,0.85022,0,Normal
21.394,1.796,38.42,41.37,78.2,634.44,0.64034,0,Normal
22.953,1.902,43.664,36.27,82.9,728.39,0.72773,0,Normal
20.192,0.845,17.058,29.65,45.76,334.86,0.28431,0,Normal
24.0,2.997,71.927,25.42,61.27,1100.0,1.19879,0,Normal
22.821,1.864,42.536,15.0,63.3,686.18,0.70893,0,Normal
21.742,1.899,41.284,27.82,64.73,680.63,0.68806,0,Normal
23.7,2.406,57.023,26.72,53.27,853.21,0.95038,0,Normal
24.0,1.797,43.124,31.73,81.06,784.68,0.71873,0,Normal
21.952,2.104,46.193,27.92,23.99,712.69,0.76989,0,Normal
21.089,1.145,24.145,26.76,50.42,428.67,0.40242,0,Normal
22.382,2.565,57.417,16.54,66.06,782.01,0.95694,0,Normal
24.0,2.877,69.058,22.42,66.23,1100.0,1.15097,0,Normal
23.998,2.687,64.483,32.34,82.35,1026.72,1.07471,0,Normal
24.0,2.959,71.012,41.01,79.57,1096.09,1.18353,0,Normal
22.682,1.487,33.718,28.32,52.86,506.86,0.56196,0,Normal
19.865,0.683,13.571,31.29,81.4,372.91,0.22619,0,Normal
21.833,1.545,33.723,35.67,45.15,614.78,0.56205,0,Normal
20.684,1.975,40.848,23.32,74.76,665.6,0.6808,0,Normal
23.876,2.481,59.233,31.57,90.59,956.37,0.98721,0,Normal
19.886,0.741,14.727,23.82,79.87,176.11,0.24545,0,Normal
23.849,2.892,68.97,35.05,59.9,1078.27,1.1495,0,Normal
19.751,1.521,30.048,30.06,52.03,605.76,0.5008,0,Normal
21.004,1.582,33.219,31.09,30.49,530.47,0.55365,0,Normal
20.249,1.318,26.691,23.52,63.59,366.61,0.44485,0,Normal
19.403,0.591,11.458,33.95,37.93,186.64,0.19097,0,Normal
24.0,2.623,62.964,43.59,43.72,880.49,1.04939,0,Normal
21.834,2.188,47.769,21.94,36.57,670.53,0.79615,0,Normal
19.093,0.641,12.234,26.62,49.71,288.81,0.2039,0,Normal
18.767,0.967,18.144,30.62,57.5,287.38,0.30239,0,Normal
21.237,1.26,26.765,34.5,62.93,555.98,0.44609,0,Normal
24.0,3.156,75.746,25.08,47.19,1100.0,1.26244,0,Normal
21.332,1.628,34.726,15.0,77.25,577.31,0.57877,0,Normal
19.582,0.852,16.689,38.51,54.25,229.12,0.27815,0,Normal
12.375,1.816,22.468,34.32,43.82,581.19,0.37446,1,Low Voltage
21.677,1.729,37.469,16.8,62.07,573.64,0.62448,0,Normal
17.495,0.11,1.92,24.75,93.34,20.0,0.032,0,Normal
21.097,1.829,38.587,39.98,64.03,634.8,0.64311,0,Normal
19.458,1.615,31.431,39.13,51.47,585.34,0.52384,0,Normal
22.97,2.317,53.229,35.57,30.51,844.94,0.88716,0,Normal
24.0,3.327,79.845,27.77,54.05,1100.0,1.33075,0,Normal
23.81,2.966,70.62,29.58,62.23,965.44,1.177,0,Normal
21.724,1.576,34.243,28.08,51.02,574.71,0.57071,0,Normal
20.014,0.978,19.579,36.9,28.02,340.17,0.32631,0,Normal
15.591,3.105,48.402,22.87,42.69,1100.0,0.80669,1,Low Voltage
22.075,1.581,34.898,23.36,84.18,666.58,0.58163,0,Normal
20.664,1.74,35.954,36.07,83.81,653.9,0.59923,0,Normal
21.359,2.079,44.406,28.69,42.04,643.24,0.7401,0,Normal
21.927,1.8,39.466,38.65,70.11,705.46,0.65777,0,Normal
21.16,2.089,44.208,24.3,36.79,609.58,0.7368,0,Normal
12.481,1.574,19.643,28.62,83.28,489.37,0.32738,1,Low Voltage
20.582,1.469,30.227,22.54,62.41,496.88,0.50379,0,Normal
21.895,1.884,41.258,29.05,75.09,640.83,0.68764,0,Normal
21.227,1.242,26.367,18.65,27.13,497.84,0.43945,0,Normal
21.21,1.212,25.713,25.59,70.2,450.4,0.42854,0,Normal
22.861,2.18,49.84,18.95,57.86,679.8,0.83067,0,Normal
21.736,1.488,32.342,33.86,73.33,578.61,0.53904,0,Normal
22.727,3.15,71.581,34.02,74.47,1071.12,1.19301,0,Normal
19.159,0.05,0.958,16.89,59.18,20.0,0.01597,0,Normal
24.0,2.407,57.757,38.34,47.19,955.62,0.96262,0,Normal
23.119,3.049,70.491,46.48,72.03,998.9,1.17485,0,Normal
18.474,0.191,3.53,29.32,56.92,69.45,0.05883,0,Normal
20.713,1.456,30.148,24.51,42.29,554.05,0.50247,0,Normal
19.337,1.721,33.286,48.0,41.44,546.0,0.55476,0,Normal
19.149,0.279,5.351,19.77,31.41,255.9,0.08919,1,Low Current
20.112,1.368,27.521,29.14,48.81,432.21,0.45868,0,Normal
19.654,0.839,16.495,30.26,77.85,339.04,0.27491,0,Normal
23.593,2.966,69.987,38.42,61.2,1100.0,1.16644,0,Normal
22.796,2.585,58.92,31.52,48.46,911.99,0.982,0,Normal
24.0,2.94,70.554,25.51,72.49,1006.04,1.1759,0,Normal
22.64,2.304,52.157,22.34,43.02,852.07,0.86928,0,Normal
20.343,0.963,19.597,26.61,59.72,333.87,0.32662,0,Normal
21.572,1.463,31.568,21.95,54.77,503.13,0.52613,0,Normal
24.0,2.421,58.103,29.33,72.02,787.02,0.96838,0,Normal
20.634,0.998,20.584,53.99,29.61,307.8,0.34306,1,Over Temperature
23.429,2.131,49.924,18.54,42.7,849.64,0.83206,0,Normal
20.742,1.562,32.396,37.79,28.51,582.71,0.53994,0,Normal
21.463,1.358,29.142,25.52,53.33,545.05,0.4857,0,Normal
23.445,2.497,58.543,20.12,79.81,849.07,0.97572,0,Normal
22.216,2.325,51.66,27.82,48.9,774.39,0.861,0,Normal
21.73,1.545,33.572,29.48,48.81,548.93,0.55954,0,Normal
23.075,2.714,62.632,16.77,73.69,974.61,1.04387,0,Normal
19.755,0.976,19.274,31.32,77.23,347.3,0.32124,0,Normal
23.407,2.352,55.054,21.67,56.41,822.46,0.91756,0,Normal
22.296,2.115,47.156,40.98,70.32,816.07,0.78593,0,Normal
21.044,1.34,28.194,32.67,38.61,563.33,0.4699,0,Normal
22.321,1.703,38.012,26.2,82.8,741.32,0.63353,0,Normal
19.244,1.069,20.567,23.78,95.0,299.69,0.34278,0,Normal
24.0,2.621,62.912,28.27,67.38,908.73,1.04853,0,Normal
20.669,1.719,35.54,33.29,20.48,598.23,0.59234,0,Normal
21.149,1.63,34.469,28.82,47.95,503.64,0.57449,0,Normal
12.061,2.407,29.025,27.48,69.03,943.72,0.48375,1,Low Voltage
19.942,0.947,18.885,29.41,50.41,452.78,0.31476,0,Normal
19.591,0.785,15.382,24.77,80.9,255.63,0.25637,0,Normal
18.608,0.651,12.113,26.6,68.59,214.14,0.20188,0,Normal
24.0,2.018,48.43,15.0,45.28,819.68,0.80716,0,Normal
18.681,0.868,16.208,35.82,58.58,291.48,0.27014,0,Normal
23.99,2.98,71.486,31.09,41.91,1100.0,1.19143,0,Normal
17.581,0.05,0.879,23.59,54.71,67.06,0.01465,0,Normal
23.217,2.94,68.261,42.29,48.02,1100.0,1.13769,0,Normal
23.253,1.532,35.629,29.61,79.15,709.08,0.59382,0,Normal
22.199,1.646,36.545,21.75,95.0,622.92,0.60908,0,Normal
20.833,1.245,25.939,35.0,32.24,497.42,0.43232,0,Normal
21.941,2.211,48.523,31.79,23.38,761.76,0.80872,0,Normal
22.303,1.744,38.893,31.76,53.59,639.46,0.64822,0,Normal
23.151,2.796,64.728,26.02,30.67,958.92,1.07879,0,Normal
22.469,1.43,32.133,32.15,58.83,681.98,0.53556,0,Normal
21.488,1.78,38.259,27.17,71.48,692.08,0.63764,0,Normal
20.641,0.186,3.845,32.89,84.89,548.19,0.06409,1,Low Current
22.568,1.745,39.373,15.67,61.63,634.06,0.65622,0,Normal
22.998,2.211,50.837,25.96,54.52,736.18,0.84728,0,Normal
19.044,0.143,2.721,41.06,22.39,171.15,0.04534,0,Normal
18.935,0.896,16.969,23.63,58.47,272.51,0.28282,0,Normal
22.842,2.288,52.273,24.77,59.28,858.11,0.87122,0,Normal
22.275,1.819,40.517,53.96,69.5,697.84,0.67528,1,Over Temperature
21.109,1.865,39.378,20.5,45.25,598.48,0.6563,0,Normal
23.141,2.071,47.927,15.0,50.17,655.16,0.79878,0,Normal
20.743,2.271,47.113,27.39,31.4,747.32,0.78521,0,Normal
20.324,1.753,35.637,29.95,20.0,498.87,0.59395,0,Normal
20.145,1.431,28.832,28.63,38.05,432.07,0.48054,0,Normal
20.164,1.822,36.729,52.83,29.73,704.84,0.61214,1,Over Temperature
19.171,1.072,20.545,29.3,64.06,376.06,0.34242,0,Normal
22.745,2.039,46.386,36.16,48.67,764.31,0.77309,0,Normal
18.994,0.848,16.116,27.67,48.31,173.28,0.2686,0,Normal
24.0,2.826,67.819,24.98,40.28,938.16,1.13032,0,Normal
23.725,2.15,51.005,27.03,20.0,782.33,0.85008,0,Normal
22.432,2.154,48.326,33.06,85.15,721.69,0.80543,0,Normal
23.423,2.315,54.217,38.88,40.0,925.15,0.90362,0,Normal
24.0,3.127,75.045,24.6,50.58,1100.0,1.25075,0,Normal
21.628,2.428,52.514,29.69,31.81,934.02,0.87524,0,Normal
9.791,0.069,0.678,31.37,75.49,134.56,0.01129,1,Low Voltage
19.894,0.962,19.131,22.05,60.58,291.72,0.31886,0,Normal
21.178,1.485,31.458,29.14,43.13,475.05,0.5243,0,Normal
22.303,1.94,43.269,18.74,50.94,657.31,0.72115,0,Normal
22.355,2.221,49.647,16.62,88.21,794.94,0.82745,0,Normal
21.173,1.011,21.4,31.57,56.69,446.79,0.35667,0,Normal
23.219,1.754,40.714,26.31,54.73,702.29,0.67857,0,Normal
21.152,1.043,22.069,30.42,41.06,438.49,0.36781,0,Normal
21.469,1.291,27.71,28.87,23.9,478.78,0.46183,0,Normal
19.216,0.914,17.562,22.17,55.12,256.13,0.29271,0,Normal
21.01,1.281,26.914,28.68,63.86,391.49,0.44856,0,Normal
19.847,0.469,9.305,20.37,77.79,271.53,0.15508,0,Normal
20.275,0.908,18.418,38.74,20.0,376.76,0.30697,0,Normal
24.0,2.538,60.917,19.51,37.75,945.02,1.01529,0,Normal
20.154,0.616,12.41,27.63,47.55,384.17,0.20683,0,Normal
24.0,3.197,76.731,21.7,57.94,1100.0,1.27885,0,Normal
22.471,2.136,47.999,32.99,55.39,788.13,0.79998,0,Normal
22.859,1.94,44.338,26.68,55.81,701.75,0.73896,0,Normal
20.14,1.389,27.967,25.37,65.35,409.66,0.46612,0,Normal
23.453,2.35,55.102,34.97,41.74,846.09,0.91836,0,Normal
21.344,1.283,27.374,29.21,74.81,488.82,0.45623,0,Normal
21.705,1.997,43.34,32.62,65.8,684.16,0.72233,0,Normal
24.0,3.284,78.812,22.13,52.24,1100.0,1.31354,0,Normal
21.636,1.813,39.232,19.17,86.82,623.1,0.65387,0,Normal
24.0,2.826,67.817,48.96,86.02,971.8,1.13028,1,Over Temperature
20.978,1.239,25.995,26.77,74.79,453.11,0.43325,0,Normal
21.62,1.755,37.95,33.39,20.0,640.2,0.6325,0,Normal
23.893,3.084,73.695,28.44,86.42,1100.0,1.22825,0,Normal
20.649,1.182,24.408,30.44,72.31,474.45,0.40681,0,Normal
24.0,3.012,72.282,17.64,94.12,1100.0,1.20471,0,Normal
21.778,2.562,55.785,42.22,80.27,848.17,0.92975,0,Normal
20.731,1.735,35.96,27.85,86.41,492.51,0.59933,0,Normal
22.178,2.572,57.031,33.88,73.82,827.07,0.95052,0,Normal
23.99,2.351,56.413,23.15,82.28,922.32,0.94021,0,Normal
23.705,2.031,48.136,31.16,93.89,824.11,0.80227,0,Normal
18.531,0.379,7.026,19.88,61.9,210.34,0.1171,0,Normal
21.698,1.261,27.354,32.16,29.7,446.4,0.4559,0,Normal
10.921,1.117,12.196,26.51,52.47,580.69,0.20326,1,Low Voltage
20.987,1.645,34.515,29.2,65.02,629.16,0.57525,0,Normal
23.251,2.529,58.805,33.89,59.35,823.79,0.98008,0,Normal
22.002,2.15,47.298,20.37,35.56,699.76,0.78831,0,Normal
19.619,0.682,13.388,24.21,28.64,276.1,0.22313,0,Normal
22.076,2.017,44.531,32.2,44.66,756.46,0.74218,0,Normal
21.887,2.336,51.136,43.69,72.54,820.96,0.85226,0,Normal
23.271,2.417,56.246,28.03,86.45,806.74,0.93743,0,Normal
23.312,2.539,59.184,33.14,74.5,952.62,0.98641,0,Normal
22.214,2.42,53.748,28.25,77.03,883.5,0.8958,0,Normal
22.617,2.021,45.7,42.6,56.55,778.57,0.76167,0,Normal
21.144,1.547,32.713,16.77,26.64,630.35,0.54521,0,Normal
18.186,0.475,8.632,29.66,49.81,184.93,0.14386,0,Normal
23.641,2.127,50.295,17.62,53.34,770.29,0.83824,0,Normal
21.661,1.786,38.68,15.0,49.05,708.15,0.64466,0,Normal
20.583,2.131,43.855,31.08,58.98,726.04,0.73091,0,Normal
20.067,0.9,18.058,29.98,65.95,292.51,0.30097,0,Normal
19.821,1.741,34.515,27.01,73.35,26.69,0.57524,1,Sensor Anomaly
23.436,2.494,58.46,28.26,52.99,944.88,0.97433,0,Normal
21.038,2.351,49.466,48.0,23.73,71.08,0.82444,1,Sensor Anomaly
23.152,2.431,56.276,27.19,49.31,840.82,0.93793,0,Normal
21.231,1.702,36.13,32.57,58.79,657.93,0.60217,0,Normal
22.997,0.372,8.544,24.45,80.01,658.33,0.1424,1,Low Current
22.291,2.306,51.406,31.07,47.78,912.72,0.85676,0,Normal
9.846,1.361,13.399,27.33,67.23,505.51,0.22332,1,Low Voltage
22.483,0.566,12.721,26.13,63.22,676.91,0.21202,1,Low Current
20.173,1.33,26.831,41.73,58.79,520.56,0.44718,0,Normal
20.147,1.256,25.306,37.24,74.75,528.34,0.42176,0,Normal
21.969,1.683,36.978,29.96,46.1,563.43,0.6163,0,Normal
21.83,2.055,44.864,15.0,47.65,712.2,0.74773,0,Normal
20.634,1.06,21.872,26.47,57.79,515.95,0.36454,0,Normal
24.0,2.827,67.855,47.92,46.48,1001.61,1.13092,0,Normal
20.362,1.498,30.497,27.39,67.14,399.51,0.50828,0,Normal
20.035,1.176,23.561,36.72,45.16,597.68,0.39268,0,Normal
22.032,1.222,26.915,39.09,62.07,526.88,0.44858,0,Normal
23.822,2.417,57.581,30.53,56.2,1055.15,0.95968,0,Normal
21.996,1.966,43.247,23.11,61.87,705.04,0.72078,0,Normal
24.0,2.847,68.32,15.0,49.72,938.92,1.13867,0,Normal
19.622,0.666,13.062,33.79,51.9,234.04,0.2177,0,Normal
23.764,2.285,54.303,23.3,59.73,724.77,0.90506,0,Normal
22.102,2.647,58.508,30.23,61.64,899.1,0.97513,0,Normal
22.735,2.204,50.116,20.25,57.92,673.04,0.83526,0,Normal
24.0,2.856,68.535,27.14,88.7,948.33,1.14226,0,Normal
20.829,1.333,27.764,29.24,40.17,505.16,0.46273,0,Normal
24.0,5.013,120.308,30.88,56.84,10.31,2.00514,1,Sensor Anomaly
24.0,5.735,137.635,21.2,29.67,54.24,2.29391,1,Sensor Anomaly
20.014,1.466,29.33,37.38,64.7,548.41,0.48883,0,Normal
14.583,1.482,21.616,24.82,37.93,525.26,0.36026,1,Low Voltage
23.444,2.978,69.825,17.28,52.99,1056.95,1.16376,0,Normal
23.678,3.285,77.786,28.24,51.3,1092.28,1.29643,0,Normal
20.732,1.342,27.816,29.24,63.06,503.6,0.4636,0,Normal
22.413,1.311,29.392,30.12,48.05,532.35,0.48986,0,Normal
20.872,1.41,29.432,38.53,47.28,571.1,0.49053,0,Normal
19.56,0.881,17.236,27.34,83.85,273.55,0.28727,0,Normal
21.28,0.842,17.918,28.16,63.12,392.78,0.29863,0,Normal
20.096,1.002,20.142,21.28,47.9,368.84,0.3357,0,Normal
8.821,1.439,12.695,34.74,53.48,435.02,0.21158,1,Low Voltage
21.417,1.831,39.221,30.29,87.62,640.29,0.65368,0,Normal
23.227,1.987,46.151,54.59,53.77,715.58,0.76919,1,Over Temperature
24.0,3.072,73.719,15.67,45.59,1084.14,1.22865,0,Normal
21.221,0.83,17.614,39.11,45.67,370.46,0.29357,0,Normal
24.0,2.455,58.927,20.41,48.12,925.61,0.98211,0,Normal
21.093,1.617,34.116,24.86,47.3,590.08,0.5686,0,Normal
21.69,1.813,39.316,31.51,34.97,636.15,0.65527,0,Normal
22.546,2.535,57.157,20.62,37.76,838.95,0.95262,0,Normal
19.707,0.966,19.028,47.48,43.07,335.64,0.31714,1,Over Temperature
24.0,0.471,11.313,15.0,68.65,757.07,0.18854,1,Low Current
22.667,3.72,84.317,34.05,51.14,45.92,1.40528,1,Sensor Anomaly
23.325,2.349,54.783,25.18,54.27,787.89,0.91305,0,Normal
10.824,2.197,23.776,48.0,80.86,730.97,0.39626,1,Low Voltage
24.0,2.915,69.968,22.04,81.31,1100.0,1.16614,0,Normal
21.659,1.118,24.215,22.55,52.92,471.43,0.40359,0,Normal
22.324,1.497,33.416,25.04,46.64,501.32,0.55693,0,Normal
21.994,1.079,23.724,49.98,42.44,475.52,0.39539,1,Over Temperature
19.914,1.331,26.501,25.71,70.47,494.47,0.44168,0,Normal
19.845,1.443,28.63,33.29,54.32,471.53,0.47717,0,Normal
23.266,3.018,70.226,22.15,51.04,982.92,1.17043,0,Normal
23.767,2.913,69.232,19.33,43.35,1047.74,1.15386,0,Normal
21.382,1.273,27.224,16.41,44.15,490.19,0.45374,0,Normal
20.355,1.243,25.294,15.0,63.76,416.94,0.42156,0,Normal
24.0,1.995,47.883,25.37,34.32,782.0,0.79805,0,Normal
22.258,1.352,30.092,50.26,75.91,495.38,0.50153,1,Over Temperature
22.969,2.316,53.202,24.58,48.39,827.22,0.88671,0,Normal
23.292,1.936,45.101,37.7,55.31,706.82,0.75169,0,Normal
20.08,0.636,12.764,37.6,33.93,225.59,0.21274,0,Normal
24.0,2.875,69.012,26.66,57.78,1083.3,1.1502,0,Normal
23.407,2.989,69.957,16.44,52.09,1100.0,1.16596,0,Normal
20.717,1.205,24.965,25.03,57.1,478.42,0.41608,0,Normal
20.802,1.225,25.48,24.8,84.49,541.44,0.42467,0,Normal
22.54,2.107,47.502,24.4,61.2,730.04,0.79171,0,Normal
22.546,2.246,50.64,24.12,43.7,743.65,0.84399,0,Normal
23.065,2.482,57.239,24.43,45.2,834.39,0.95398,0,Normal
24.0,3.027,72.643,26.29,68.71,1100.0,1.21071,0,Normal
20.765,1.536,31.904,24.55,81.38,600.45,0.53174,0,Normal
20.71,1.318,27.303,30.46,63.07,426.48,0.45505,0,Normal
19.112,0.846,16.176,31.52,70.4,263.79,0.2696,0,Normal
20.871,0.167,3.492,22.63,68.98,445.34,0.0582,1,Low Current
22.192,2.073,46.011,37.9,83.54,640.72,0.76685,0,Normal
23.814,3.088,73.55,22.14,22.91,1100.0,1.22583,0,Normal
21.017,1.383,29.076,17.68,70.01,505.07,0.4846,0,Normal
22.026,1.904,41.928,31.67,75.71,712.66,0.6988,0,Normal
21.555,1.531,32.998,23.28,33.9,645.4,0.54996,0,Normal
24.0,2.845,68.279,31.25,42.06,982.75,1.13798,0,Normal
24.0,3.107,74.573,15.0,42.69,1100.0,1.24289,0,Normal
20.276,1.467,29.737,51.38,44.88,501.36,0.49562,1,Over Temperature
20.363,1.749,35.616,33.71,49.33,512.96,0.59361,0,Normal
24.0,2.594,62.257,18.5,62.37,942.37,1.03761,0,Normal
22.86,1.956,44.718,18.65,73.58,840.93,0.7453,0,Normal
24.0,3.094,74.257,40.71,77.46,1100.0,1.23761,0,Normal
24.0,2.312,55.483,23.84,42.92,813.5,0.92472,0,Normal
21.29,1.411,30.034,23.16,42.8,549.4,0.50057,0,Normal
11.368,2.389,27.156,15.0,81.68,815.38,0.4526,1,Low Voltage
24.0,2.824,67.788,26.54,69.64,960.44,1.1298,0,Normal
23.937,2.284,54.672,27.41,59.49,879.74,0.9112,0,Normal
22.515,2.133,48.036,34.01,66.52,792.04,0.8006,0,Normal
24.0,2.945,70.684,19.21,57.46,948.67,1.17807,0,Normal
23.129,2.634,60.925,18.36,67.44,977.4,1.01542,0,Normal
23.497,2.884,67.776,32.16,51.95,1037.0,1.1296,0,Normal
22.29,1.818,40.515,36.05,62.84,831.64,0.67525,0,Normal
23.363,1.44,33.642,18.0,30.81,603.21,0.56069,0,Normal
21.288,1.93,41.082,36.57,45.62,691.08,0.6847,0,Normal
23.241,2.969,69.009,29.26,45.81,987.82,1.15015,0,Normal
19.506,0.914,17.824,36.64,51.26,421.26,0.29706,0,Normal
22.824,2.111,48.189,28.51,41.32,753.23,0.80315,0,Normal
21.589,1.467,31.664,15.0,48.4,539.87,0.52773,0,Normal
22.636,2.006,45.407,27.94,30.74,658.05,0.75678,0,Normal
24.0,2.555,61.314,36.42,67.88,1007.97,1.0219,0,Normal
21.311,2.054,43.771,22.74,56.51,703.51,0.72952,0,Normal
21.381,1.735,37.099,26.28,27.31,663.0,0.61832,0,Normal
20.502,0.791,16.215,27.77,42.97,269.24,0.27025,0,Normal
23.261,2.454,57.073,15.0,64.06,858.95,0.95122,0,Normal
23.423,2.226,52.139,40.7,48.23,830.74,0.86899,0,Normal
24.0,3.177,76.24,22.69,45.46,1100.0,1.27067,0,Normal
20.517,1.569,32.185,48.77,56.66,563.82,0.53642,1,Over Temperature
21.971,1.958,43.014,28.39,64.18,711.36,0.71691,0,Normal
21.321,1.913,40.78,37.8,32.15,719.83,0.67967,0,Normal
23.983,3.039,72.892,31.84,67.9,1091.69,1.21487,0,Normal
21.822,1.779,38.823,27.36,43.59,623.32,0.64704,0,Normal
22.783,1.868,42.55,22.75,57.68,728.13,0.70917,0,Normal
21.569,2.201,47.465,34.58,57.36,820.21,0.79109,0,Normal
22.429,1.803,40.445,15.89,48.51,702.25,0.67409,0,Normal
20.526,1.444,29.641,33.52,39.57,525.0,0.49401,0,Normal
21.865,1.876,41.028,21.31,52.86,704.35,0.6838,0,Normal
23.477,2.749,64.551,37.77,87.26,950.62,1.07585,0,Normal
19.662,1.128,22.188,30.13,33.49,362.58,0.36981,0,Normal
22.878,1.734,39.661,33.51,88.46,687.23,0.66102,0,Normal
21.441,1.262,27.058,29.57,53.33,453.97,0.45097,0,Normal
14.013,2.906,40.721,16.73,58.64,984.61,0.67869,1,Low Voltage
19.045,0.596,11.354,22.97,38.44,223.51,0.18924,0,Normal
20.07,1.233,24.739,33.71,44.12,493.5,0.41232,0,Normal
10.519,1.903,20.015,30.17,48.95,755.62,0.33359,1,Low Voltage
24.0,3.145,75.482,37.27,39.18,1088.35,1.25803,0,Normal
21.193,1.913,40.538,31.82,54.24,631.59,0.67564,0,Normal
20.213,1.353,27.35,22.23,50.67,494.54,0.45583,0,Normal
24.0,3.225,77.404,23.43,91.31,1100.0,1.29007,0,Normal
19.066,0.146,2.787,29.72,37.01,244.56,0.04645,0,Normal
18.938,0.337,6.373,15.0,59.85,34.33,0.10622,0,Normal
11.759,2.086,24.526,40.71,62.46,773.2,0.40876,1,Low Voltage
21.65,1.437,31.105,32.09,38.73,509.42,0.51842,0,Normal
18.988,0.942,17.895,37.59,70.36,364.05,0.29824,0,Normal
23.547,2.652,62.442,17.94,50.83,848.34,1.0407,0,Normal
21.483,1.782,38.279,37.71,20.0,718.26,0.63798,0,Normal
19.608,1.603,31.423,44.62,69.88,492.06,0.52372,0,Normal
19.58,0.894,17.505,19.75,37.9,291.51,0.29174,0,Normal
23.879,2.581,61.626,34.4,39.14,894.29,1.0271,0,Normal
22.632,2.256,51.068,29.01,70.38,832.06,0.85113,0,Normal
22.999,1.525,35.064,18.19,51.75,622.23,0.5844,0,Normal
24.0,3.213,77.114,32.45,74.52,1100.0,1.28523,0,Normal
19.581,1.023,20.024,34.84,79.78,350.38,0.33373,0,Normal
20.154,0.869,17.52,24.79,46.39,222.85,0.29199,0,Normal
20.745,1.219,25.296,37.16,72.28,456.27,0.4216,0,Normal
21.362,1.729,36.942,17.33,44.4,637.24,0.6157,0,Normal
23.772,2.28,54.202,18.54,95.0,718.14,0.90337,0,Normal
21.552,1.963,42.305,29.96,45.53,582.45,0.70508,0,Normal
22.4,2.085,46.694,29.18,76.47,748.58,0.77824,0,Normal
19.224,0.705,13.545,23.98,73.19,299.57,0.22575,0,Normal
24.0,3.055,73.32,34.67,63.69,1054.25,1.222,0,Normal
21.931,1.69,37.054,32.72,45.93,627.0,0.61756,0,Normal
12.369,2.763,34.181,35.01,55.27,962.84,0.56968,1,Low Voltage
22.042,2.032,44.794,28.14,20.0,745.96,0.74656,0,Normal
23.046,2.433,56.065,33.22,62.04,777.89,0.93442,0,Normal
23.473,2.138,50.181,25.88,64.29,809.53,0.83636,0,Normal
21.725,2.198,47.743,43.38,60.4,775.36,0.79572,0,Normal
22.03,2.242,49.387,23.31,20.0,829.96,0.82312,0,Normal
24.0,2.731,65.543,43.74,35.22,1022.16,1.09238,0,Normal
21.023,1.887,39.677,29.24,44.53,705.03,0.66128,0,Normal
23.338,2.529,59.019,19.37,63.25,848.52,0.98366,0,Normal
21.097,1.879,39.648,38.58,63.21,624.87,0.66079,0,Normal
24.0,3.028,72.668,29.88,54.94,1053.23,1.21114,0,Normal
20.24,1.251,25.32,34.96,69.43,460.61,0.422,0,Normal
24.0,3.047,73.132,37.57,39.53,1100.0,1.21887,0,Normal
21.313,1.933,41.199,31.37,68.98,638.76,0.68666,0,Normal
20.2,0.212,4.281,24.85,66.55,249.38,0.07136,1,Low Current
23.287,1.405,32.718,35.83,64.8,685.87,0.54529,0,Normal
19.908,1.229,24.474,29.01,54.72,459.31,0.40789,0,Normal
23.297,2.406,56.051,33.8,90.95,885.38,0.93419,0,Normal
22.978,1.448,33.282,15.0,66.88,467.27,0.5547,0,Normal
21.019,1.442,30.319,32.13,40.57,525.07,0.50531,0,Normal
18.781,0.468,8.795,24.53,62.47,120.93,0.14658,0,Normal
21.303,1.237,26.352,46.94,71.54,523.35,0.43919,1,Over Temperature
17.94,0.102,1.832,33.36,47.41,20.0,0.03053,0,Normal
17.902,0.735,13.164,30.68,77.61,206.51,0.2194,0,Normal
23.785,2.124,50.518,32.4,64.88,862.92,0.84197,0,Normal
21.893,2.899,63.477,22.01,20.0,870.02,1.05795,0,Normal
21.939,2.318,50.861,40.36,63.39,769.13,0.84768,0,Normal
20.672,1.034,21.366,42.94,50.69,379.25,0.3561,0,Normal
21.402,0.26,5.575,31.75,67.67,636.64,0.09291,1,Low Current
21.03,1.744,36.685,40.13,75.0,648.99,0.61142,0,Normal
20.569,0.927,19.066,25.02,61.51,325.66,0.31776,0,Normal
23.869,3.085,73.639,23.42,87.97,1070.95,1.22732,0,Normal
22.411,2.762,61.896,29.29,54.78,895.66,1.03161,0,Normal
21.545,1.544,33.258,32.04,69.25,588.13,0.5543,0,Normal
21.786,1.939,42.242,26.24,72.49,657.53,0.70403,0,Normal
21.185,1.728,36.601,32.76,56.25,708.35,0.61001,0,Normal
18.762,0.143,2.679,31.14,72.02,78.31,0.04466,0,Normal
21.885,1.701,37.232,22.01,47.3,580.79,0.62054,0,Normal
20.312,1.395,28.336,32.63,50.39,459.04,0.47226,0,Normal
19.762,0.884,17.461,35.04,34.38,369.55,0.29102,0,Normal
21.627,1.508,32.609,30.2,62.35,571.29,0.54349,0,Normal
24.0,3.287,78.891,37.07,63.85,1100.0,1.31486,0,Normal
22.892,2.547,58.312,20.48,79.23,829.44,0.97187,0,Normal
21.217,1.395,29.592,32.28,72.24,490.07,0.4932,0,Normal
23.362,1.881,43.935,20.81,52.87,810.32,0.73225,0,Normal
24.0,3.386,81.257,21.2,36.79,1041.82,1.35429,0,Normal
23.491,2.543,59.736,24.58,65.79,908.9,0.99561,0,Normal
21.426,1.818,38.948,22.41,77.99,666.7,0.64913,0,Normal
20.485,1.218,24.96,25.16,71.59,468.86,0.41601,0,Normal
23.25,2.426,56.412,27.5,77.52,845.5,0.9402,0,Normal
23.587,2.167,51.105,34.86,54.19,760.18,0.85174,0,Normal
23.021,2.686,61.843,26.75,49.6,900.65,1.03071,0,Normal
23.708,2.176,51.588,17.9,44.74,827.85,0.85979,0,Normal
23.134,2.539,58.74,36.98,56.99,943.87,0.979,0,Normal
21.125,1.77,37.386,23.14,56.59,500.13,0.6231,0,Normal
24.0,2.878,69.07,28.59,61.72,1018.87,1.15116,0,Normal
22.589,1.923,43.433,32.13,55.67,705.33,0.72388,0,Normal
23.596,2.886,68.088,30.4,55.59,1100.0,1.13481,0,Normal
20.05,1.348,27.035,36.66,44.02,457.03,0.45058,0,Normal
24.0,3.232,77.559,32.35,74.95,1100.0,1.29264,0,Normal
22.383,2.139,47.867,22.97,59.38,705.42,0.79779,0,Normal
19.52,1.225,23.91,44.25,54.86,467.6,0.3985,0,Normal
20.38,1.494,30.449,30.36,44.55,514.51,0.50748,0,Normal
21.78,1.863,40.571,27.97,34.03,560.3,0.67618,0,Normal
23.04,2.311,53.236,35.75,81.54,768.77,0.88727,0,Normal
22.647,2.07,46.869,30.75,67.98,796.39,0.78115,0,Normal
22.499,0.898,20.204,50.3,28.77,489.36,0.33673,1,Over Temperature
21.9,1.796,39.341,46.45,71.74,643.18,0.65568,0,Normal
24.0,3.214,77.14,27.07,74.6,1100.0,1.28566,0,Normal
23.985,2.876,68.973,26.78,60.24,1100.0,1.14956,0,Normal
21.83,2.145,46.823,29.82,86.77,772.17,0.78038,0,Normal
21.911,1.77,38.792,36.5,61.9,660.64,0.64653,0,Normal
21.923,1.952,42.787,18.45,32.5,683.61,0.71311,0,Normal
24.0,2.237,53.679,15.24,64.57,821.79,0.89465,0,Normal
21.211,1.251,26.526,24.89,62.41,363.62,0.4421,0,Normal
22.097,1.663,36.745,17.56,47.14,577.93,0.61241,0,Normal
18.246,0.353,6.437,26.03,68.32,182.8,0.10729,0,Normal
21.912,2.274,49.83,32.52,27.98,761.78,0.8305,0,Normal
23.922,2.108,50.42,22.76,75.83,831.21,0.84033,0,Normal
20.844,1.685,35.129,19.01,42.19,514.71,0.58548,0,Normal
24.0,3.212,77.084,29.49,40.27,1090.72,1.28474,0,Normal
19.922,1.096,21.839,35.04,55.95,306.79,0.36398,0,Normal
19.673,0.651,12.814,17.14,65.79,239.98,0.21357,0,Normal
21.542,1.878,40.444,34.74,60.95,712.85,0.67407,0,Normal
23.35,2.618,61.12,34.72,44.63,943.19,1.01866,0,Normal
24.0,3.015,72.371,35.68,48.89,1100.0,1.20619,0,Normal
21.539,1.315,28.33,37.53,37.61,521.51,0.47216,0,Normal
22.607,2.488,56.255,44.41,53.96,952.03,0.93758,0,Normal
10.296,1.72,17.707,26.51,77.35,639.22,0.29511,1,Low Voltage
21.522,1.462,31.466,29.77,57.92,601.66,0.52443,0,Normal
23.821,2.631,62.667,26.08,73.47,897.42,1.04446,0,Normal
22.26,2.308,51.375,29.01,84.2,832.65,0.85624,0,Normal
17.962,0.516,9.263,39.73,47.42,208.61,0.15438,0,Normal
24.0,2.802,67.246,19.58,54.64,1063.43,1.12077,0,Normal
23.207,2.702,62.703,22.97,95.0,1036.43,1.04505,0,Normal
21.408,1.651,35.34,38.64,84.0,474.84,0.589,0,Normal
22.177,1.982,43.951,36.14,27.9,760.82,0.73252,0,Normal
21.61,2.312,49.971,26.46,64.97,788.33,0.83285,0,Normal
21.752,2.023,44.012,34.98,58.01,722.99,0.73353,0,Normal
21.081,0.876,18.461,31.39,72.88,495.91,0.30769,0,Normal
20.036,1.588,31.817,39.5,44.59,461.95,0.53028,0,Normal
21.758,1.911,41.577,29.52,42.89,642.84,0.69296,0,Normal
24.0,2.555,61.327,36.18,45.83,978.36,1.02212,0,Normal
22.109,2.165,47.873,47.49,47.71,802.21,0.79789,0,Normal
10.703,1.304,13.955,33.19,72.68,546.23,0.23259,1,Low Voltage
22.879,2.738,62.64,29.35,36.74,866.08,1.044,0,Normal
18.884,0.05,0.944,34.06,46.79,20.0,0.01574,0,Normal
24.0,2.621,62.894,54.17,25.8,971.65,1.04824,1,Over Temperature
17.045,0.311,5.294,45.72,76.13,162.88,0.08823,0,Normal
21.923,1.538,33.722,51.41,80.88,548.52,0.56204,1,Over Temperature
20.142,1.186,23.886,27.09,52.11,336.49,0.3981,0,Normal
11.872,1.129,13.407,23.15,52.64,287.49,0.22344,1,Low Voltage
23.173,2.61,60.491,36.68,66.16,975.03,1.00819,0,Normal
19.625,1.499,29.426,35.07,84.54,519.04,0.49044,0,Normal
22.878,2.105,48.154,25.52,65.35,747.02,0.80256,0,Normal
20.962,1.585,33.225,33.04,45.44,636.86,0.55375,0,Normal
21.894,2.652,58.054,18.44,28.86,783.57,0.96757,0,Normal
20.974,3.456,72.495,30.29,37.93,27.64,1.20825,1,Sensor Anomaly
19.986,0.839,16.777,32.17,59.32,290.76,0.27961,0,Normal
23.273,2.824,65.712,40.95,46.2,928.95,1.0952,0,Normal
21.653,1.654,35.816,23.6,61.51,511.75,0.59693,0,Normal
19.877,0.619,12.3,20.05,48.05,214.16,0.20501,0,Normal
20.943,1.548,32.421,22.73,38.95,530.13,0.54035,0,Normal
24.0,3.293,79.028,19.64,36.81,1070.21,1.31714,0,Normal
22.636,2.266,51.304,38.36,86.12,888.06,0.85507,0,Normal
20.796,1.813,37.713,39.84,74.0,552.38,0.62856,0,Normal
20.48,1.491,30.54,31.24,89.15,552.21,0.50899,0,Normal
21.319,1.813,38.647,37.55,67.72,559.94,0.64411,0,Normal
24.0,3.056,73.35,29.94,50.26,1100.0,1.2225,0,Normal
21.887,2.17,47.485,28.33,81.82,756.94,0.79142,0,Normal
23.478,2.146,50.373,26.67,57.4,770.41,0.83955,0,Normal
23.665,2.525,59.749,26.83,61.98,938.48,0.99581,0,Normal
22.641,1.979,44.81,18.17,57.23,716.86,0.74684,0,Normal
20.129,1.851,37.258,30.85,20.0,577.47,0.62097,0,Normal
20.212,1.24,25.067,28.72,86.89,595.02,0.41779,0,Normal
21.65,1.516,32.832,34.22,66.84,629.95,0.54719,0,Normal
22.274,1.648,36.701,29.65,63.94,639.58,0.61169,0,Normal
22.581,2.186,49.364,27.86,56.89,853.74,0.82274,0,Normal
23.209,2.138,49.629,22.9,60.94,664.54,0.82715,0,Normal
23.533,2.605,61.293,29.51,47.25,855.14,1.02155,0,Normal
20.899,1.839,38.437,34.17,69.1,627.4,0.64061,0,Normal
22.154,1.778,39.393,48.59,34.47,672.02,0.65654,1,Over Temperature
20.162,0.492,9.919,29.61,61.35,90.5,0.16531,0,Normal
22.429,2.231,50.041,30.63,68.11,906.57,0.83402,0,Normal
22.878,2.48,56.746,23.97,54.42,747.02,0.94577,0,Normal
23.354,2.48,57.909,24.89,64.68,929.44,0.96515,0,Normal
18.474,0.05,0.924,30.61,40.16,20.0,0.0154,0,Normal
24.0,3.021,72.501,21.07,40.62,1100.0,1.20836,0,Normal
21.234,1.501,31.869,31.45,62.26,610.91,0.53115,0,Normal
24.0,3.044,73.068,22.73,70.21,960.29,1.21779,0,Normal
13.926,1.129,15.729,36.44,24.25,358.83,0.26215,1,Low Voltage
22.467,2.449,55.019,45.36,67.4,821.58,0.91699,0,Normal
20.73,0.777,16.105,22.97,48.22,355.04,0.26842,0,Normal
20.245,1.348,27.292,32.74,54.53,475.34,0.45487,0,Normal
24.0,3.179,76.291,23.91,33.89,1100.0,1.27152,0,Normal
21.174,2.602,55.101,36.29,42.67,34.81,0.91835,1,Sensor Anomaly
22.945,1.796,41.211,20.14,75.39,710.88,0.68685,0,Normal
24.0,2.668,64.034,32.36,58.59,893.62,1.06723,0,Normal
22.709,2.237,50.811,22.89,51.11,788.79,0.84684,0,Normal
23.162,1.759,40.734,27.55,55.9,692.12,0.6789,0,Normal
23.665,1.782,42.179,21.78,66.81,752.19,0.70298,0,Normal
24.0,3.144,75.459,34.76,65.93,1100.0,1.25765,0,Normal
11.095,2.221,24.64,23.14,56.65,633.87,0.41067,1,Low Voltage
21.613,1.772,38.289,47.18,77.67,706.31,0.63815,1,Over Temperature
23.057,2.668,61.517,26.59,75.47,944.18,1.02528,0,Normal
24.0,2.874,68.97,28.2,65.44,959.55,1.14949,0,Normal
22.92,2.501,57.331,30.03,58.98,982.37,0.95551,0,Normal
23.48,2.239,52.572,23.67,69.83,828.84,0.87621,0,Normal
19.086,0.761,14.534,30.47,63.66,329.96,0.24223,0,Normal
24.0,3.189,76.542,39.71,77.09,1100.0,1.27571,0,Normal
20.022,1.162,23.263,23.55,74.19,329.02,0.38772,0,Normal
23.037,2.048,47.185,37.2,39.67,734.74,0.78642,0,Normal
21.07,1.05,22.132,39.49,38.45,438.8,0.36887,0,Normal
22.84,1.695,38.703,23.29,45.38,632.04,0.64505,0,Normal
23.63,1.984,46.87,18.81,75.57,742.05,0.78117,0,Normal
14.239,1.877,26.727,31.11,29.63,739.98,0.44546,1,Low Voltage
21.793,2.132,46.461,25.17,65.11,768.14,0.77435,0,Normal
23.436,3.105,72.759,42.08,64.53,1100.0,1.21265,0,Normal
21.095,2.25,47.463,29.24,78.93,776.99,0.79105,0,Normal
20.772,1.631,33.879,23.38,61.25,581.64,0.56466,0,Normal
23.669,2.602,61.578,20.97,33.82,919.94,1.0263,0,Normal
23.216,2.69,62.447,36.63,40.73,983.05,1.04078,0,Normal
19.711,0.624,12.301,25.0,36.72,306.27,0.20502,0,Normal
23.141,2.302,53.28,29.31,48.32,817.27,0.88799,0,Normal
22.598,2.227,50.318,35.69,54.71,846.33,0.83863,0,Normal
20.6,1.343,27.66,25.61,37.02,566.68,0.461,0,Normal
24.0,2.949,70.783,28.68,84.47,1035.2,1.17972,0,Normal
20.922,1.582,33.105,28.88,34.14,607.98,0.55175,0,Normal
21.702,1.934,41.975,33.78,82.23,685.16,0.69958,0,Normal
22.346,1.816,40.587,33.14,79.33,601.54,0.67646,0,Normal
21.675,1.654,35.86,27.46,74.17,654.36,0.59767,0,Normal
21.187,0.971,20.566,29.45,45.51,343.04,0.34277,0,Normal
20.448,0.364,7.436,26.4,64.16,246.79,0.12394,0,Normal
14.994,3.375,50.609,18.66,35.01,1096.46,0.84348,1,Low Voltage
19.554,0.901,17.624,30.8,74.4,412.85,0.29373,0,Normal
19.767,0.923,18.247,42.25,56.67,372.41,0.30411,0,Normal
19.144,0.373,7.142,22.81,50.63,47.05,0.11904,0,Normal
20.519,1.28,26.256,23.59,35.97,471.09,0.43761,0,Normal
20.365,0.57,11.601,22.9,20.0,279.53,0.19334,0,Normal
24.0,3.166,75.995,34.07,39.31,1100.0,1.26658,0,Normal
22.876,2.708,61.949,32.14,78.03,932.75,1.03249,0,Normal
20.198,1.161,23.45,27.89,50.75,457.32,0.39083,0,Normal
24.0,2.997,71.921,22.57,54.95,1100.0,1.19869,0,Normal
23.539,2.493,58.691,29.65,69.8,924.89,0.97818,0,Normal
21.048,1.544,32.506,18.05,90.5,559.05,0.54177,0,Normal
17.748,0.05,0.887,30.0,81.85,20.0,0.01479,0,Normal
24.0,3.001,72.016,35.1,40.5,1100.0,1.20027,0,Normal
18.589,1.057,19.647,45.66,23.03,260.92,0.32744,1,Over Temperature
19.84,0.374,7.422,18.27,95.0,189.29,0.1237,0,Normal
22.906,2.457,56.292,40.06,95.0,936.32,0.93819,0,Normal
22.658,2.868,64.99,24.72,61.39,1100.0,1.08317,0,Normal
23.91,2.963,70.855,36.95,35.13,1037.6,1.18091,0,Normal
22.255,2.469,54.943,27.92,75.34,807.89,0.91572,0,Normal
24.0,2.489,59.734,27.87,56.06,816.53,0.99557,0,Normal
22.747,2.238,50.909,32.07,55.97,888.96,0.84849,0,Normal
12.083,2.513,30.363,22.81,74.1,862.5,0.50605,1,Low Voltage
22.605,2.283,51.617,29.93,64.02,728.73,0.86028,0,Normal
21.58,1.99,42.935,26.33,36.66,679.18,0.71559,0,Normal
21.38,1.871,40.002,19.76,52.15,632.47,0.6667,0,Normal
20.831,1.132,23.586,31.36,69.9,438.89,0.3931,0,Normal
20.646,1.634,33.744,27.16,67.18,571.41,0.5624,0,Normal
17.963,0.713,12.81,52.18,62.72,175.97,0.2135,1,Over Temperature
23.055,1.814,41.814,20.53,74.8,622.46,0.6969,0,Normal
13.768,0.797,10.967,40.14,51.49,373.19,0.18278,1,Low Voltage
19.608,0.858,16.827,35.14,61.22,340.99,0.28045,0,Normal
21.931,2.147,47.088,35.75,20.0,700.37,0.7848,0,Normal
24.0,2.962,71.08,26.86,49.91,1039.76,1.18466,0,Normal
24.0,2.592,62.214,16.9,71.75,907.13,1.03691,0,Normal
18.291,0.473,8.659,42.67,50.97,210.26,0.14431,0,Normal
20.404,1.252,25.556,28.57,49.61,372.9,0.42594,0,Normal
23.157,2.862,66.265,23.76,39.25,913.42,1.10441,0,Normal
19.944,1.266,25.254,31.92,76.06,374.9,0.42089,0,Normal
21.331,1.874,39.964,37.17,67.87,587.1,0.66607,0,Normal
22.723,2.174,49.394,28.84,72.86,804.01,0.82324,0,Normal
20.464,0.95,19.445,37.95,26.93,378.86,0.32408,0,Normal
22.128,1.841,40.748,36.58,55.11,679.51,0.67913,0,Normal
18.691,0.785,14.676,21.47,52.96,276.47,0.2446,0,Normal
19.957,1.608,32.082,24.28,52.95,481.62,0.53471,0,Normal
21.911,2.247,49.241,35.7,46.91,739.54,0.82068,0,Normal
20.754,1.454,30.171,15.0,51.77,52.0,0.50286,1,Sensor Anomaly
21.97,1.898,41.702,27.95,73.29,773.33,0.69503,0,Normal
21.872,0.232,5.071,18.98,23.57,644.5,0.08452,1,Low Current
22.436,2.294,51.473,25.66,89.99,804.7,0.85788,0,Normal
21.841,2.148,46.92,26.91,66.71,712.7,0.782,0,Normal
24.0,2.869,68.849,26.49,57.24,1031.96,1.14748,0,Normal
23.088,2.262,52.235,25.13,74.32,685.06,0.87058,0,Normal
21.59,1.297,27.995,21.32,31.87,529.77,0.46659,0,Normal
21.042,1.641,34.525,45.04,46.04,684.24,0.57542,0,Normal
24.0,0.6,14.391,42.07,55.82,802.12,0.23985,1,Low Current
22.14,1.743,38.6,20.87,82.58,663.68,0.64333,0,Normal
21.187,1.905,40.355,40.07,57.16,661.37,0.67258,0,Normal
21.679,0.4,8.672,26.2,66.1,453.44,0.14453,1,Low Current
20.335,1.012,20.582,29.9,47.39,464.39,0.34303,0,Normal
20.619,0.877,18.083,28.56,66.76,257.27,0.30138,0,Normal
15.976,2.766,44.192,24.38,88.19,1100.0,0.73653,1,Low Voltage
20.539,0.638,13.108,35.89,75.92,301.72,0.21847,0,Normal
20.755,0.975,20.243,29.88,56.53,455.99,0.33738,0,Normal
21.58,1.293,27.899,25.66,70.16,448.85,0.46498,0,Normal
24.0,2.575,61.789,19.87,68.4,900.58,1.02981,0,Normal
20.668,1.939,40.077,47.48,67.12,567.41,0.66796,1,Over Temperature
24.0,2.994,71.86,17.51,78.02,999.37,1.19766,0,Normal
19.68,1.544,30.378,29.09,77.88,461.42,0.50629,0,Normal
21.745,2.104,45.753,20.62,55.71,728.12,0.76255,0,Normal
19.881,2.043,40.617,27.14,69.55,57.96,0.67695,1,Sensor Anomaly
24.0,3.04,72.966,38.59,51.1,1100.0,1.21611,0,Normal
19.618,0.979,19.207,37.4,41.38,317.47,0.32011,0,Normal
22.209,2.178,48.369,28.77,53.15,736.75,0.80616,0,Normal
22.982,2.22,51.022,28.39,56.63,827.46,0.85037,0,Normal
22.58,2.177,49.162,42.16,28.09,765.86,0.81936,0,Normal
21.865,1.488,32.527,32.65,73.49,598.12,0.54211,0,Normal
22.405,1.526,34.191,26.71,20.0,613.65,0.56985,0,Normal
10.6,1.67,17.703,19.02,95.0,662.27,0.29506,1,Low Voltage
21.469,1.692,36.324,31.76,85.03,608.84,0.6054,0,Normal
22.909,2.326,53.282,34.81,53.3,919.89,0.88804,0,Normal
24.0,3.005,72.132,24.58,58.17,1100.0,1.2022,0,Normal
20.011,1.533,30.676,31.04,63.45,493.9,0.51127,0,Normal
19.087,0.559,10.674,26.45,47.4,266.46,0.17789,0,Normal
22.383,1.653,36.997,27.71,61.47,625.28,0.61662,0,Normal
24.0,5.207,124.978,15.0,55.41,14.14,2.08297,1,Sensor Anomaly
19.643,1.23,24.161,27.45,56.3,424.97,0.40268,0,Normal
23.287,2.94,68.472,35.79,61.27,1100.0,1.1412,0,Normal
24.0,3.224,77.366,24.58,34.36,1100.0,1.28943,0,Normal
21.66,1.483,32.126,29.37,58.71,495.0,0.53543,0,Normal
23.678,2.476,58.619,23.71,60.94,809.32,0.97698,0,Normal
24.0,3.035,72.844,31.52,60.32,1100.0,1.21407,0,Normal
22.607,1.425,32.21,27.48,54.12,543.84,0.53684,0,Normal
21.549,1.544,33.27,22.43,78.48,593.0,0.5545,0,Normal
20.493,1.392,28.525,38.33,51.63,487.13,0.47541,0,Normal
18.135,0.94,17.055,51.32,62.09,365.87,0.28424,1,Over Temperature
20.502,1.209,24.786,24.77,81.35,468.2,0.41311,0,Normal
20.253,0.77,15.596,32.48,56.57,307.3,0.25994,0,Normal
22.858,1.702,38.908,32.76,61.86,659.54,0.64846,0,Normal
19.813,1.237,24.502,33.5,56.27,434.41,0.40836,0,Normal
22.813,1.773,40.439,17.14,80.27,715.46,0.67398,0,Normal
19.743,0.645,12.73,36.05,53.36,214.35,0.21216,0,Normal
22.463,2.201,49.445,25.01,81.1,742.65,0.82409,0,Normal
21.665,2.363,51.202,26.5,56.14,883.39,0.85336,0,Normal
11.298,0.594,6.714,47.47,42.53,91.75,0.1119,1,Low Voltage
22.909,2.097,48.041,31.11,70.23,754.74,0.80068,0,Normal
23.267,2.496,58.075,46.38,52.52,993.75,0.96792,1,Over Temperature
19.94,0.834,16.632,15.0,69.17,311.3,0.2772,0,Normal
23.448,3.028,70.997,38.73,20.0,1100.0,1.18328,0,Normal
20.94,2.247,47.048,19.58,58.09,767.33,0.78414,0,Normal
21.51,1.227,26.386,21.98,49.73,452.6,0.43977,0,Normal
21.762,1.59,34.595,26.68,38.86,634.38,0.57658,0,Normal
23.608,2.014,47.536,38.91,48.04,806.33,0.79226,0,Normal
22.392,1.735,38.86,34.41,47.67,671.28,0.64767,0,Normal
22.485,2.132,47.943,27.9,57.14,800.85,0.79905,0,Normal
20.141,1.525,30.717,31.16,33.39,28.21,0.51194,1,Sensor Anomaly
22.586,1.821,41.139,24.8,63.69,697.42,0.68566,0,Normal
20.077,0.825,16.565,29.98,82.59,254.16,0.27608,0,Normal
21.826,2.018,44.04,29.51,63.06,618.86,0.73401,0,Normal
20.886,1.229,25.676,35.78,72.56,396.91,0.42793,0,Normal
20.187,1.458,29.44,35.77,77.7,444.05,0.49066,0,Normal
23.092,2.933,67.735,32.46,80.26,996.11,1.12891,0,Normal
23.651,2.82,66.689,26.46,91.66,955.57,1.11149,0,Normal
22.837,2.205,50.358,34.19,49.01,820.56,0.8393,0,Normal
19.14,0.984,18.836,28.36,45.07,344.15,0.31394,0,Normal
20.522,1.505,30.879,21.43,72.1,561.41,0.51464,0,Normal
24.0,0.611,14.668,26.18,70.75,989.67,0.24446,1,Low Current
21.739,1.93,41.958,52.4,71.96,689.68,0.69929,1,Over Temperature
24.0,3.161,75.853,35.37,92.01,1100.0,1.26421,0,Normal
22.241,2.196,48.839,27.72,58.2,760.13,0.81398,0,Normal
23.399,1.955,45.736,20.54,65.67,703.77,0.76226,0,Normal
22.154,1.577,34.942,29.4,40.35,563.45,0.58237,0,Normal
21.138,1.989,42.042,29.79,95.0,687.39,0.70069,0,Normal
21.138,1.807,38.199,30.3,51.94,607.31,0.63664,0,Normal
23.424,4.172,97.712,35.44,52.45,44.49,1.62854,1,Sensor Anomaly
23.65,2.333,55.181,36.13,51.76,917.88,0.91968,0,Normal
20.555,1.403,28.846,24.84,46.39,429.92,0.48077,0,Normal
18.875,0.766,14.453,50.24,44.87,277.25,0.24088,1,Over Temperature
18.419,0.306,5.635,21.72,48.57,135.86,0.09392,0,Normal
22.169,2.141,47.47,33.89,33.42,792.24,0.79117,0,Normal
19.887,0.887,17.644,39.14,43.86,341.06,0.29407,0,Normal
19.431,0.232,4.512,26.79,93.08,47.19,0.0752,0,Normal
22.014,1.918,42.22,27.31,71.24,758.8,0.70366,0,Normal
23.525,3.019,71.012,39.27,74.67,1100.0,1.18353,0,Normal
21.625,1.839,39.769,32.54,79.19,648.3,0.66282,0,Normal
23.855,2.522,60.173,32.05,91.01,884.78,1.00288,0,Normal
21.133,1.937,40.925,20.66,26.11,672.91,0.68208,0,Normal
22.533,1.812,40.84,33.75,35.86,622.31,0.68066,0,Normal
23.386,2.447,57.226,54.17,43.53,907.34,0.95377,1,Over Temperature
20.997,1.432,30.074,21.06,49.54,568.72,0.50123,0,Normal
21.19,2.467,52.277,26.57,52.59,724.87,0.87129,0,Normal
22.938,2.018,46.295,24.9,49.95,740.08,0.77158,0,Normal
11.699,1.258,14.72,27.45,61.95,462.93,0.24533,1,Low Voltage
23.838,2.743,65.4,18.91,58.64,927.77,1.09,0,Normal
20.708,1.943,40.237,35.71,44.99,601.01,0.67062,0,Normal
20.11,1.108,22.273,36.89,20.0,438.39,0.37122,0,Normal
22.702,2.093,47.519,15.37,40.13,800.22,0.79198,0,Normal
20.049,0.874,17.52,35.85,48.11,398.43,0.292,0,Normal
21.521,2.133,45.914,23.33,53.55,657.89,0.76523,0,Normal
20.561,1.599,32.873,35.0,37.67,647.45,0.54788,0,Normal
24.0,2.652,63.655,28.52,49.17,954.05,1.06091,0,Normal
21.638,2.002,43.329,29.2,37.64,782.92,0.72215,0,Normal
21.917,1.532,33.586,27.7,55.74,642.99,0.55976,0,Normal
21.721,2.362,51.315,37.48,38.68,878.97,0.85524,0,Normal
22.955,2.762,63.39,20.32,42.72,1039.26,1.0565,0,Normal
22.699,2.105,47.779,33.25,34.44,806.19,0.79632,0,Normal
21.747,2.157,46.91,36.71,55.24,652.9,0.78183,0,Normal
20.354,0.857,17.449,34.01,42.4,282.69,0.29082,0,Normal
19.883,1.123,22.322,45.27,74.32,351.77,0.37204,0,Normal
21.275,1.728,36.772,25.3,65.31,564.54,0.61287,0,Normal
12.773,1.302,16.637,35.7,56.74,479.34,0.27728,1,Low Voltage
22.554,1.586,35.772,28.26,43.65,597.65,0.5962,0,Normal
22.33,1.874,41.843,37.63,64.85,665.86,0.69738,0,Normal
21.819,2.252,49.144,28.95,70.43,798.31,0.81907,0,Normal
21.776,1.659,36.125,26.28,60.57,630.26,0.60209,0,Normal
22.49,2.181,49.059,54.41,86.87,786.22,0.81764,1,Over Temperature
21.752,1.742,37.889,25.56,66.27,668.05,0.63149,0,Normal
19.269,0.243,4.678,19.11,74.44,96.87,0.07796,0,Normal
20.895,1.023,21.367,25.38,60.4,386.99,0.35611,0,Normal
12.264,1.457,17.872,33.33,70.16,609.66,0.29786,1,Low Voltage
19.327,0.43,8.319,38.74,43.66,311.29,0.13865,0,Normal
23.838,2.105,50.176,29.78,49.75,817.98,0.83627,0,Normal
24.0,3.285,78.838,38.23,64.29,1078.61,1.31397,0,Normal
24.0,2.743,65.825,19.49,64.16,991.25,1.09708,0,Normal
20.379,1.79,36.48,25.9,67.14,590.24,0.608,0,Normal
24.0,2.597,62.339,26.98,77.81,1067.4,1.03898,0,Normal
22.558,1.746,39.382,28.2,32.35,691.63,0.65637,0,Normal
19.291,1.301,25.101,29.59,40.46,555.62,0.41836,0,Normal
20.825,1.285,26.759,33.84,62.13,478.25,0.44598,0,Normal
21.078,2.017,42.508,25.89,44.96,565.31,0.70847,0,Normal
20.969,1.587,33.282,29.97,95.0,541.31,0.5547,0,Normal
21.459,2.248,48.24,28.68,67.28,697.72,0.80401,0,Normal
22.128,1.907,42.206,22.52,56.59,694.96,0.70343,0,Normal
22.799,2.059,46.951,28.2,48.72,650.85,0.78252,0,Normal
22.247,2.526,56.196,27.99,49.36,772.34,0.9366,0,Normal
24.0,2.722,65.329,27.84,58.54,983.38,1.08881,0,Normal
22.825,2.451,55.948,29.22,60.02,915.88,0.93247,0,Normal
19.823,0.414,8.21,29.53,49.78,234.23,0.13684,0,Normal
18.097,0.05,0.905,25.97,53.08,20.0,0.01508,0,Normal
23.393,2.518,58.9,37.91,82.2,911.61,0.98167,0,Normal
19.713,1.119,22.052,20.81,82.92,267.27,0.36753,0,Normal
21.998,1.413,31.089,23.95,62.54,587.07,0.51814,0,Normal
17.562,0.882,15.494,48.0,33.86,322.37,0.25823,0,Normal
17.96,0.083,1.485,21.73,67.69,145.45,0.02475,0,Normal
23.239,2.186,50.802,19.52,85.98,801.61,0.84671,0,Normal
21.516,2.438,52.459,34.14,82.66,862.56,0.87432,0,Normal
20.81,1.481,30.816,15.0,71.22,488.58,0.51359,0,Normal
18.023,0.024,0.44,27.35,83.6,20.0,0.00733,1,Low Current
19.927,1.424,28.368,44.02,58.96,497.05,0.47279,0,Normal
22.245,2.253,50.126,18.19,69.31,759.71,0.83543,0,Normal
19.852,0.679,13.471,15.13,45.75,235.9,0.22451,0,Normal
23.077,1.794,41.406,18.51,63.26,701.34,0.6901,0,Normal
20.946,1.447,30.305,35.29,81.93,645.71,0.50508,0,Normal
22.174,2.135,47.347,36.87,47.39,812.2,0.78911,0,Normal
21.579,0.319,6.891,25.41,42.49,683.48,0.11485,1,Low Current
18.351,1.269,23.285,33.78,59.75,377.54,0.38809,0,Normal
23.666,2.683,63.501,38.73,53.92,985.04,1.05835,0,Normal
11.114,1.618,17.985,41.51,69.68,605.61,0.29976,1,Low Voltage
22.509,1.862,41.908,27.28,49.84,642.35,0.69847,0,Normal
10.227,1.056,10.8,15.0,88.93,388.68,0.18,1,Low Voltage
20.323,1.622,32.968,23.25,34.79,525.88,0.54947,0,Normal
20.403,1.481,30.215,54.55,80.57,402.26,0.50358,1,Over Temperature
22.135,2.073,45.891,27.19,44.23,601.58,0.76486,0,Normal
24.0,3.085,74.042,27.68,25.67,1100.0,1.23403,0,Normal
19.502,0.792,15.443,36.83,62.28,265.87,0.25738,0,Normal
19.665,0.828,16.291,37.92,53.42,198.2,0.27152,0,Normal
23.784,2.934,69.781,48.44,38.03,1061.93,1.16302,1,Over Temperature
21.102,1.749,36.91,36.69,27.74,591.39,0.61517,0,Normal
21.758,1.078,23.465,31.5,57.85,462.66,0.39109,0,Normal
23.398,2.562,59.939,29.45,75.57,941.17,0.99899,0,Normal
19.737,1.532,30.245,45.79,68.53,480.43,0.50408,1,Over Temperature
24.0,2.93,70.318,29.51,59.02,1100.0,1.17196,0,Normal
21.922,2.264,49.621,43.4,66.62,839.82,0.82702,0,Normal
21.482,1.167,25.074,18.93,57.51,513.38,0.4179,0,Normal
23.963,3.439,82.414,25.39,32.26,1100.0,1.37357,0,Normal
20.994,1.566,32.881,28.11,32.42,480.4,0.54801,0,Normal
22.455,2.41,54.119,32.08,54.34,857.79,0.90199,0,Normal
20.595,2.106,43.379,37.88,55.11,733.8,0.72298,0,Normal
24.0,2.896,69.492,28.83,73.32,1014.49,1.1582,0,Normal
24.0,3.321,79.694,19.04,71.63,1087.22,1.32824,0,Normal
22.069,1.724,38.053,34.9,68.89,658.96,0.63422,0,Normal
19.931,1.344,26.787,34.28,52.95,439.04,0.44646,0,Normal
11.264,2.406,27.101,15.41,33.15,778.79,0.45169,1,Low Voltage
20.943,1.5,31.409,28.97,65.42,460.24,0.52349,0,Normal
24.0,2.706,64.95,45.38,67.45,1100.0,1.0825,1,Over Temperature
22.154,1.821,40.343,24.35,20.0,688.23,0.67238,0,Normal
21.641,1.355,29.334,22.68,42.98,547.71,0.48891,0,Normal
21.744,1.963,42.688,34.66,45.56,701.71,0.71146,0,Normal
18.436,0.395,7.29,29.82,60.13,272.8,0.12151,0,Normal
21.07,0.698,14.706,20.0,43.54,377.95,0.24511,0,Normal
24.0,3.11,74.632,35.16,57.31,986.12,1.24386,0,Normal
10.609,1.428,15.15,18.96,54.21,466.07,0.25249,1,Low Voltage
19.856,1.012,20.085,31.31,55.14,356.86,0.33475,0,Normal
23.262,2.312,53.779,23.3,45.1,800.26,0.89632,0,Normal
24.0,2.77,66.48,26.44,46.5,982.0,1.108,0,Normal
24.0,2.536,60.87,32.53,38.56,851.31,1.0145,0,Normal
24.0,2.457,58.973,32.65,64.84,928.89,0.98289,0,Normal
20.339,1.236,25.133,38.36,68.28,438.1,0.41888,0,Normal
18.51,0.743,13.746,28.42,44.13,251.89,0.2291,0,Normal
24.0,2.781,66.744,31.15,85.37,1070.37,1.11239,0,Normal
21.514,1.795,38.611,25.94,52.34,559.65,0.64351,0,Normal
21.843,1.53,33.426,30.27,85.54,579.77,0.5571,0,Normal
24.0,3.014,72.338,32.08,46.44,1021.89,1.20563,0,Normal
22.685,2.266,51.394,28.31,21.52,805.74,0.85657,0,Normal
24.0,2.5,59.991,16.37,65.24,777.65,0.99985,0,Normal
23.21,2.863,66.46,31.32,62.47,1100.0,1.10766,0,Normal
20.949,1.107,23.196,31.55,58.62,469.81,0.38661,0,Normal
22.919,2.387,54.714,24.24,46.44,909.8,0.91191,0,Normal
20.785,1.903,39.548,20.01,57.38,665.96,0.65913,0,Normal
21.852,2.264,49.481,39.33,48.8,725.21,0.82468,0,Normal
23.262,3.271,76.098,32.44,52.56,1077.97,1.26831,0,Normal
22.58,1.794,40.517,27.4,73.15,792.19,0.67529,0,Normal
22.928,2.3,52.74,21.04,61.32,800.72,0.879,0,Normal
24.0,2.09,50.148,23.25,68.98,950.3,0.8358,0,Normal
19.904,0.181,3.595,38.12,53.83,547.81,0.05992,1,Low Current
21.002,1.355,28.451,29.96,51.84,415.02,0.47418,0,Normal
20.21,0.993,20.076,46.1,37.24,357.45,0.33461,1,Over Temperature
19.128,0.29,5.553,32.57,51.34,99.42,0.09256,0,Normal
24.0,3.101,74.427,23.3,20.0,1100.0,1.24045,0,Normal
18.751,0.793,14.872,39.51,47.38,341.1,0.24786,0,Normal
20.339,1.691,34.393,38.47,56.53,588.05,0.57322,0,Normal
20.512,1.56,31.99,25.73,68.15,572.49,0.53317,0,Normal
12.224,2.23,27.256,24.6,53.16,736.07,0.45426,1,Low Voltage
24.0,0.488,11.721,15.0,64.26,878.41,0.19535,1,Low Current
23.109,2.363,54.618,18.63,20.0,890.93,0.91031,0,Normal
21.495,1.097,23.589,19.62,56.98,486.74,0.39315,0,Normal
20.429,1.341,27.394,29.95,27.77,603.21,0.45656,0,Normal
10.177,2.273,23.127,26.72,36.25,729.12,0.38545,1,Low Voltage
22.086,0.534,11.791,19.58,54.63,580.37,0.19652,1,Low Current
23.536,3.132,73.703,27.03,80.97,1100.0,1.22838,0,Normal
22.394,2.501,56.006,32.54,64.68,787.47,0.93343,0,Normal
23.443,2.267,53.15,32.69,58.33,855.77,0.88584,0,Normal
21.192,2.259,47.882,15.7,57.65,835.61,0.79803,0,Normal
24.0,2.703,64.883,28.1,45.15,978.57,1.08139,0,Normal
22.594,1.984,44.825,19.32,48.21,700.69,0.74708,0,Normal
19.965,1.131,22.573,35.31,65.69,286.89,0.37622,0,Normal
22.045,2.385,52.575,34.49,33.06,761.91,0.87624,0,Normal
19.657,1.426,28.023,22.71,68.67,467.62,0.46704,0,Normal
21.42,1.669,35.757,23.64,51.01,501.99,0.59595,0,Normal
22.808,2.245,51.204,25.77,72.86,814.18,0.8534,0,Normal
16.28,2.887,46.992,15.0,75.3,996.72,0.7832,1,Low Voltage
22.538,1.765,39.778,31.35,27.88,655.96,0.66297,0,Normal
22.9,1.823,41.756,27.09,47.53,736.47,0.69593,0,Normal
24.0,3.247,77.924,35.79,42.6,1100.0,1.29874,0,Normal
22.504,2.116,47.61,21.31,25.37,717.41,0.79349,0,Normal
24.0,3.085,74.035,24.67,39.41,1100.0,1.23392,0,Normal
22.882,2.285,52.288,18.45,95.0,808.34,0.87147,0,Normal
19.309,0.17,3.291,21.97,68.97,156.99,0.05485,0,Normal
23.984,2.25,53.966,20.73,92.51,860.94,0.89943,0,Normal
21.239,2.144,45.547,35.97,72.92,756.72,0.75911,0,Normal
24.0,2.74,65.753,24.11,44.65,1011.13,1.09588,0,Normal
24.0,2.291,54.995,29.87,51.13,838.49,0.91658,0,Normal
21.466,1.689,36.26,26.33,68.59,611.23,0.60433,0,Normal
20.617,0.744,15.331,20.11,65.88,307.2,0.25552,0,Normal
21.823,1.475,32.187,27.82,47.61,591.47,0.53645,0,Normal
20.935,0.849,17.77,33.19,30.82,411.85,0.29616,0,Normal
20.469,1.348,27.585,20.55,95.0,487.45,0.45974,0,Normal
22.083,2.36,52.111,34.66,55.46,814.8,0.86851,0,Normal
24.0,2.793,67.035,23.05,52.14,1100.0,1.11726,0,Normal
21.475,2.123,45.594,25.62,60.04,760.51,0.7599,0,Normal
19.509,0.923,18.004,32.71,53.63,315.15,0.30006,0,Normal
11.147,1.993,22.211,24.36,60.21,774.49,0.37018,1,Low Voltage
24.0,2.997,71.916,29.26,81.17,985.06,1.1986,0,Normal
21.113,1.269,26.789,26.8,55.76,479.26,0.44649,0,Normal
21.99,1.684,37.033,29.91,37.07,612.48,0.61721,0,Normal
22.99,1.83,42.07,15.0,55.09,654.11,0.70117,0,Normal
20.126,0.902,18.15,16.19,49.64,430.23,0.3025,0,Normal
22.666,2.481,56.229,54.29,83.63,831.52,0.93715,1,Over Temperature
11.421,1.524,17.406,36.26,79.08,616.13,0.29011,1,Low Voltage
22.609,2.114,47.795,22.63,59.94,767.47,0.79658,0,Normal
21.133,1.228,25.95,27.29,34.98,401.5,0.4325,0,Normal
21.688,1.727,37.446,31.06,35.93,527.51,0.6241,0,Normal
21.858,2.16,47.218,33.85,58.27,852.27,0.78697,0,Normal
21.741,1.47,31.965,15.0,64.05,545.61,0.53274,0,Normal
24.0,5.756,138.146,22.8,51.26,20.2,2.30244,1,Sensor Anomaly
21.418,1.586,33.977,26.67,49.36,538.1,0.56628,0,Normal
21.527,2.09,44.996,33.92,47.33,712.91,0.74993,0,Normal
22.148,2.28,50.49,46.49,57.58,911.13,0.84151,0,Normal
19.124,0.637,12.186,27.4,20.0,252.86,0.20309,0,Normal
19.02,0.413,7.858,19.15,38.18,156.97,0.13097,0,Normal
19.996,0.463,9.26,31.82,46.71,222.82,0.15433,0,Normal
24.0,2.453,58.863,38.25,79.74,1003.52,0.98104,0,Normal
21.832,1.286,28.066,29.76,43.35,495.48,0.46776,0,Normal
15.264,3.335,50.898,22.65,61.25,1100.0,0.8483,1,Low Voltage
19.981,1.366,27.298,35.71,62.08,492.01,0.45496,0,Normal
21.708,2.187,47.466,33.64,81.36,701.67,0.7911,0,Normal
24.0,3.076,73.817,21.82,80.73,1081.79,1.23028,0,Normal
23.991,2.912,69.849,31.67,56.96,1100.0,1.16416,0,Normal
24.0,3.259,78.222,35.98,49.44,1100.0,1.3037,0,Normal
24.0,2.755,66.111,37.27,46.05,988.34,1.10185,0,Normal
23.907,2.782,66.513,28.53,53.66,936.74,1.10854,0,Normal
23.576,2.087,49.205,26.49,50.19,815.91,0.82009,0,Normal
22.26,2.571,57.237,37.59,67.97,867.94,0.95394,0,Normal
13.069,1.59,20.774,20.53,65.57,495.67,0.34624,1,Low Voltage
19.862,1.218,24.195,32.07,68.65,420.9,0.40326,0,Normal
21.375,1.687,36.068,19.41,80.67,649.06,0.60113,0,Normal
21.7,1.649,35.79,36.46,91.53,602.35,0.5965,0,Normal
21.935,1.57,34.435,27.19,60.24,523.1,0.57392,0,Normal
23.09,2.362,54.549,37.88,77.79,844.99,0.90914,0,Normal
23.333,2.648,61.798,32.44,51.67,917.49,1.02997,0,Normal
22.38,2.084,46.649,20.44,79.33,674.75,0.77749,0,Normal
24.0,2.799,67.182,38.97,77.11,1063.71,1.1197,0,Normal
18.822,0.696,13.108,39.86,76.15,330.33,0.21846,0,Normal
20.45,1.636,33.456,35.18,59.69,595.78,0.5576,0,Normal
20.674,1.201,24.833,23.67,45.97,449.29,0.41388,0,Normal
18.774,0.497,9.332,26.86,32.9,127.37,0.15554,0,Normal
21.644,1.549,33.516,30.02,57.28,626.85,0.55861,0,Normal
22.192,1.911,42.4,24.07,85.59,615.91,0.70667,0,Normal
23.896,3.179,75.958,40.85,52.42,1073.77,1.26596,0,Normal
23.229,2.297,53.361,30.01,72.13,826.63,0.88935,0,Normal
20.328,1.043,21.207,15.0,73.19,363.23,0.35345,0,Normal
24.0,2.912,69.897,49.34,52.89,1100.0,1.16495,1,Over Temperature
23.969,2.673,64.071,26.56,81.69,991.89,1.06785,0,Normal
24.0,2.191,52.584,28.48,20.0,812.99,0.8764,0,Normal
13.427,1.899,25.494,26.42,35.99,586.58,0.42489,1,Low Voltage
19.897,1.039,20.681,34.65,41.52,381.36,0.34469,0,Normal
20.349,1.263,25.702,36.84,43.25,545.78,0.42837,0,Normal
22.57,2.696,60.837,54.93,64.05,954.85,1.01396,1,Over Temperature
23.865,3.221,76.876,26.62,63.22,1100.0,1.28126,0,Normal
23.784,3.008,71.554,28.71,65.09,1082.11,1.19256,0,Normal
21.252,1.692,35.964,29.14,68.73,513.12,0.5994,0,Normal
19.691,1.084,21.354,23.38,40.9,336.51,0.3559,0,Normal
22.066,1.718,37.916,33.05,36.07,689.45,0.63194,0,Normal
19.646,0.33,6.475,32.22,65.13,154.84,0.10792,0,Normal
22.012,2.068,45.523,39.78,46.66,740.49,0.75872,0,Normal
22.788,1.372,31.257,37.79,29.73,608.67,0.52096,0,Normal
20.314,1.517,30.815,24.2,75.48,519.51,0.51358,0,Normal
18.872,0.244,4.611,46.41,83.11,203.48,0.07685,1,Over Temperature
22.452,2.416,54.238,22.34,86.03,793.81,0.90396,0,Normal
21.439,1.547,33.166,33.87,61.37,500.84,0.55277,0,Normal
18.357,0.993,18.231,25.38,69.27,322.42,0.30385,0,Normal
17.189,0.05,0.859,21.84,82.66,20.0,0.01432,0,Normal
21.63,1.813,39.214,30.96,46.45,642.3,0.65357,0,Normal
24.0,3.034,72.811,15.0,77.99,1100.0,1.21352,0,Normal
24.0,2.933,70.382,16.74,62.96,1100.0,1.17304,0,Normal
20.117,1.395,28.056,27.76,74.45,522.01,0.46759,0,Normal
19.936,1.464,29.192,29.58,61.35,481.38,0.48653,0,Normal
23.823,2.191,52.191,26.41,81.33,781.26,0.86985,0,Normal
19.964,1.309,26.141,17.94,62.02,370.45,0.43568,0,Normal
21.79,2.2,47.933,23.27,31.29,734.5,0.79888,0,Normal
24.0,2.515,60.353,31.74,84.13,864.5,1.00588,0,Normal
24.0,2.459,59.007,33.07,40.94,993.54,0.98345,0,Normal
22.526,1.68,37.844,28.89,80.56,621.96,0.63074,0,Normal
20.59,1.439,29.621,37.1,56.38,592.97,0.49369,0,Normal
19.188,1.087,20.861,31.78,79.17,404.16,0.34769,0,Normal
20.635,1.049,21.648,52.33,78.43,418.47,0.3608,1,Over Temperature
21.703,1.569,34.062,27.04,65.74,586.59,0.5677,0,Normal
22.918,2.317,53.111,19.18,67.15,752.86,0.88518,0,Normal
24.0,2.609,62.627,28.24,65.61,905.8,1.04378,0,Normal
19.042,1.351,25.718,36.78,21.75,425.11,0.42863,0,Normal
24.0,2.663,63.904,33.8,60.13,1067.95,1.06507,0,Normal
20.332,1.585,32.217,38.81,37.91,574.09,0.53694,0,Normal
22.416,1.972,44.208,26.88,61.08,644.02,0.73681,0,Normal
19.977,1.48,29.575,38.42,37.43,440.78,0.49291,0,Normal
17.484,0.05,0.874,27.65,36.67,20.0,0.01457,0,Normal
22.601,2.396,54.149,39.3,86.89,897.53,0.90249,0,Normal
22.03,2.57,56.617,28.85,77.25,856.32,0.94361,0,Normal
21.232,1.543,32.768,33.95,57.93,571.23,0.54614,0,Normal
21.114,1.668,35.226,39.33,61.33,668.76,0.5871,0,Normal
23.251,1.937,45.03,27.65,53.54,794.46,0.75049,0,Normal
12.216,0.419,5.122,30.53,68.26,212.49,0.08536,1,Low Voltage
21.867,1.074,23.481,38.02,45.83,501.87,0.39134,0,Normal
23.414,2.442,57.177,28.07,75.89,872.39,0.95295,0,Normal
20.288,1.005,20.381,19.75,53.44,298.8,0.33968,0,Normal
22.898,1.765,40.409,44.0,50.44,732.2,0.67349,0,Normal
19.164,0.802,15.37,25.71,58.39,270.16,0.25616,0,Normal
21.514,3.84,82.608,30.11,47.36,55.65,1.37681,1,Sensor Anomaly
21.678,1.759,38.133,37.09,63.92,640.02,0.63555,0,Normal
18.197,0.264,4.805,24.74,48.33,197.76,0.08008,0,Normal
24.0,2.815,67.565,54.94,66.43,976.13,1.12608,1,Over Temperature
21.54,1.223,26.354,30.78,79.89,444.31,0.43923,0,Normal
22.267,2.507,55.815,16.45,45.05,72.22,0.93025,1,Sensor Anomaly
22.231,1.873,41.637,26.98,55.65,706.16,0.69395,0,Normal
24.0,2.713,65.108,30.72,66.3,971.62,1.08513,0,Normal
13.184,1.112,14.662,27.11,50.15,365.57,0.24436,1,Low Voltage
22.792,2.318,52.825,18.2,66.36,667.27,0.88042,0,Normal
21.391,2.127,45.506,40.16,68.0,770.07,0.75843,0,Normal
12.55,2.619,32.865,29.72,77.5,844.07,0.54774,1,Low Voltage
21.292,1.982,42.192,39.02,47.09,699.4,0.7032,0,Normal
20.21,1.509,30.504,27.18,41.03,547.23,0.50839,0,Normal
21.598,1.202,25.955,22.84,52.46,418.27,0.43258,0,Normal
23.169,1.651,38.251,30.88,40.58,674.12,0.63751,0,Normal
11.533,1.031,11.888,27.49,68.16,349.8,0.19814,1,Low Voltage
19.13,0.05,0.957,20.76,37.09,20.0,0.01594,0,Normal
22.942,1.961,44.981,39.29,95.0,772.24,0.74969,0,Normal
22.329,2.55,56.934,24.64,81.33,903.1,0.9489,0,Normal
18.069,0.272,4.909,16.12,58.23,20.0,0.08181,0,Normal
19.465,1.265,24.631,38.3,73.61,367.28,0.41051,0,Normal
23.452,2.261,53.03,25.47,28.54,823.36,0.88383,0,Normal
23.746,3.109,73.832,24.75,95.0,1100.0,1.23053,0,Normal
22.075,2.037,44.955,16.64,47.38,655.82,0.74925,0,Normal
19.792,0.98,19.388,41.19,55.83,446.16,0.32314,0,Normal
22.05,1.762,38.854,19.97,24.59,598.79,0.64757,0,Normal
23.948,2.73,65.371,29.41,66.75,1034.97,1.08951,0,Normal
20.18,1.262,25.471,47.25,38.09,469.13,0.42452,1,Over Temperature
20.234,1.098,22.225,31.95,59.83,426.23,0.37041,0,Normal
22.425,1.512,33.909,28.58,48.2,514.83,0.56516,0,Normal
20.204,1.184,23.93,17.09,38.6,383.07,0.39883,0,Normal
11.436,2.081,23.802,23.33,43.52,684.35,0.3967,1,Low Voltage
24.0,3.118,74.835,30.31,62.06,1100.0,1.24725,0,Normal
14.144,2.109,29.827,23.49,34.93,740.46,0.49712,1,Low Voltage
20.35,1.943,39.533,30.42,44.52,579.34,0.65889,0,Normal
22.752,1.296,29.485,33.77,69.94,568.29,0.49142,0,Normal
18.759,0.89,16.697,35.74,95.0,212.31,0.27828,0,Normal
23.234,2.477,57.561,20.42,66.6,897.27,0.95934,0,Normal
21.397,1.811,38.741,52.91,41.49,628.21,0.64569,1,Over Temperature
22.574,1.596,36.034,34.37,51.39,599.47,0.60057,0,Normal
23.324,2.935,68.46,28.99,58.57,1100.0,1.141,0,Normal
22.304,2.106,46.965,36.63,51.71,733.65,0.78274,0,Normal
21.584,2.451,52.909,45.56,74.26,22.31,0.88182,1,Sensor Anomaly
21.426,1.584,33.947,18.93,61.91,530.62,0.56578,0,Normal
22.904,2.613,59.846,27.42,74.34,971.56,0.99744,0,Normal
21.907,2.587,56.685,15.0,52.34,681.72,0.94475,0,Normal
19.495,0.903,17.596,30.35,81.86,247.28,0.29326,0,Normal
24.0,2.684,64.408,31.56,55.0,907.38,1.07347,0,Normal
20.447,1.225,25.056,28.73,40.52,462.92,0.41759,0,Normal
12.94,2.97,38.435,24.42,95.0,1100.0,0.64059,1,Low Voltage
22.96,2.656,60.99,15.0,25.15,952.41,1.0165,0,Normal
19.973,1.649,32.942,31.61,44.7,524.75,0.54904,0,Normal
23.359,2.586,60.405,39.19,46.71,1008.68,1.00675,0,Normal
23.024,1.681,38.71,24.86,95.0,669.0,0.64517,0,Normal
23.204,2.559,59.385,32.08,90.52,888.78,0.98975,0,Normal
23.092,2.281,52.661,18.02,84.89,785.73,0.87768,0,Normal
20.493,1.005,20.602,32.2,52.05,413.02,0.34336,0,Normal
21.564,1.117,24.078,26.25,95.0,469.81,0.4013,0,Normal
23.237,2.892,67.19,23.66,64.63,938.39,1.11984,0,Normal
21.852,1.625,35.508,23.68,75.59,556.26,0.5918,0,Normal
20.609,1.255,25.871,26.24,61.23,536.98,0.43118,0,Normal
14.973,0.828,12.392,31.68,57.11,382.57,0.20653,1,Low Voltage
22.181,2.104,46.664,19.81,53.47,768.61,0.77773,0,Normal
23.952,3.206,76.796,26.22,54.23,1100.0,1.27994,0,Normal
20.399,1.085,22.126,28.71,68.95,351.09,0.36877,0,Normal
22.089,2.053,45.346,21.31,64.61,656.78,0.75576,0,Normal
24.0,2.586,62.067,41.58,57.43,1045.42,1.03445,0,Normal
21.975,1.803,39.622,23.03,85.17,627.7,0.66036,0,Normal
21.914,2.434,53.329,24.31,20.0,776.66,0.88881,0,Normal
21.316,1.231,26.244,22.15,67.18,352.53,0.4374,0,Normal
22.83,2.167,49.468,41.59,70.92,769.93,0.82446,0,Normal
22.34,2.076,46.382,32.87,78.65,597.6,0.77303,0,Normal
23.25,0.473,11.007,22.44,56.83,926.0,0.18345,1,Low Current
23.893,2.89,69.054,49.35,61.74,982.47,1.15089,1,Over Temperature
24.0,3.063,73.513,30.4,75.75,1100.0,1.22521,0,Normal
23.518,2.114,49.719,30.8,84.84,812.3,0.82866,0,Normal
16.196,1.913,30.982,26.59,52.59,741.22,0.51636,1,Low Voltage
22.393,3.162,70.811,23.75,62.81,14.71,1.18018,1,Sensor Anomaly
20.085,1.49,29.933,31.36,88.21,551.11,0.49888,0,Normal
23.71,1.766,41.882,25.18,20.0,744.78,0.69804,0,Normal
21.375,1.364,29.154,41.72,45.58,567.29,0.4859,0,Normal
21.879,1.909,41.769,20.11,84.39,697.17,0.69615,0,Normal
24.0,2.921,70.099,39.75,77.67,1018.93,1.16831,0,Normal
19.071,1.023,19.509,28.22,67.4,368.17,0.32515,0,Normal
24.0,2.676,64.221,31.09,49.93,969.17,1.07036,0,Normal
22.837,2.633,60.128,34.83,42.13,1018.79,1.00213,0,Normal
21.557,1.733,37.352,24.59,47.36,616.94,0.62253,0,Normal
18.255,0.392,7.148,35.05,85.86,55.88,0.11913,0,Normal
21.856,1.392,30.415,15.0,46.69,479.81,0.50692,0,Normal
15.106,2.57,38.823,23.96,59.83,1013.16,0.64705,1,Low Voltage
22.368,1.583,35.419,22.53,44.43,643.6,0.59031,0,Normal
20.321,1.15,23.368,20.23,73.17,370.2,0.38947,0,Normal
20.967,1.379,28.904,27.5,48.3,508.66,0.48174,0,Normal
23.205,2.441,56.636,31.7,56.24,885.37,0.94393,0,Normal
22.463,2.108,47.358,33.92,27.7,803.09,0.78931,0,Normal
20.176,1.709,34.488,30.69,28.96,583.1,0.5748,0,Normal
20.762,1.48,30.723,24.34,58.14,547.29,0.51206,0,Normal
21.249,1.464,31.115,31.58,34.15,540.31,0.51858,0,Normal
20.054,0.936,18.763,29.87,95.0,391.73,0.31271,0,Normal
24.0,3.197,76.732,35.55,20.89,1100.0,1.27886,0,Normal
20.896,1.505,31.455,34.44,43.6,559.75,0.52425,0,Normal
23.235,2.866,66.595,29.21,58.3,990.8,1.10991,0,Normal
24.0,2.808,67.396,22.72,51.43,1075.97,1.12327,0,Normal
23.377,2.917,68.19,24.43,38.13,929.53,1.1365,0,Normal
21.175,1.711,36.234,25.15,40.76,529.15,0.6039,0,Normal
22.809,1.787,40.76,26.79,40.17,763.04,0.67933,0,Normal
21.586,1.641,35.419,30.88,52.84,643.23,0.59031,0,Normal
19.436,1.182,22.982,34.01,93.13,396.96,0.38303,0,Normal
21.375,1.825,39.019,28.64,59.4,740.82,0.65031,0,Normal
21.635,0.866,18.745,29.11,79.29,319.87,0.31241,0,Normal
22.979,2.807,64.51,30.0,67.13,982.55,1.07516,0,Normal
20.747,1.422,29.494,25.39,78.05,519.91,0.49157,0,Normal
22.662,2.082,47.183,22.52,20.0,706.32,0.78638,0,Normal
22.836,1.943,44.363,16.71,52.52,729.32,0.73938,0,Normal
21.851,1.215,26.553,24.13,81.53,577.51,0.44255,0,Normal
22.393,2.432,54.454,32.31,47.71,814.27,0.90756,0,Normal
21.292,1.625,34.607,24.08,89.72,517.03,0.57678,0,Normal
23.348,2.945,68.76,27.34,84.71,893.96,1.14601,0,Normal
19.239,0.359,6.909,32.27,49.56,273.13,0.11515,0,Normal
22.093,2.032,44.898,32.64,48.94,685.39,0.7483,0,Normal
24.0,2.742,65.81,46.92,39.76,1100.0,1.09683,1,Over Temperature
19.929,1.335,26.603,35.98,46.67,369.91,0.44338,0,Normal
20.453,1.353,27.683,36.89,35.81,460.23,0.46138,0,Normal
23.609,2.065,48.743,21.09,65.72,793.89,0.81238,0,Normal
22.919,2.106,48.277,23.23,31.79,700.28,0.80461,0,Normal
23.289,1.957,45.567,37.34,68.87,748.18,0.75946,0,Normal
21.418,2.248,48.143,27.97,69.31,786.97,0.80239,0,Normal
23.85,2.389,56.988,15.0,28.1,827.72,0.94981,0,Normal
24.0,3.027,72.656,19.2,85.9,960.72,1.21094,0,Normal
21.912,2.461,53.92,27.25,67.24,764.75,0.89867,0,Normal
21.774,1.533,33.39,20.86,71.49,582.45,0.55651,0,Normal
23.738,2.534,60.149,26.11,44.34,838.32,1.00248,0,Normal
23.914,3.124,74.715,29.23,69.2,1100.0,1.24525,0,Normal
21.631,1.425,30.826,39.24,78.28,612.86,0.51377,0,Normal
20.824,0.928,19.315,26.97,56.23,377.13,0.32191,0,Normal
22.722,3.062,69.578,36.51,94.03,959.98,1.15963,0,Normal
21.248,1.754,37.265,39.0,58.79,616.29,0.62108,0,Normal
18.11,0.294,5.327,39.04,78.53,41.65,0.08878,0,Normal
22.617,2.424,54.82,30.99,63.27,887.28,0.91366,0,Normal
20.629,1.324,27.304,15.26,68.54,500.11,0.45506,0,Normal
14.523,1.735,25.197,32.23,27.92,624.65,0.41995,1,Low Voltage
22.735,1.997,45.402,36.34,64.68,742.95,0.75671,0,Normal
22.585,1.69,38.178,28.43,44.77,703.34,0.6363,0,Normal
22.084,2.138,47.211,41.21,42.76,848.65,0.78685,0,Normal
21.374,1.584,33.852,35.02,89.39,528.06,0.56421,0,Normal
21.977,2.127,46.749,32.98,54.15,793.67,0.77916,0,Normal
20.047,1.593,31.935,36.6,39.94,577.33,0.53224,0,Normal
22.726,2.419,54.967,31.33,51.54,856.87,0.91612,0,Normal
23.97,2.393,57.368,15.0,34.59,822.3,0.95613,0,Normal
20.775,1.292,26.845,25.51,83.81,388.08,0.44742,0,Normal
23.414,2.424,56.756,37.38,45.48,954.07,0.94593,0,Normal
20.749,1.506,31.247,23.35,67.53,499.93,0.52078,0,Normal
22.924,2.58,59.154,27.44,82.41,876.26,0.9859,0,Normal
22.676,2.296,52.062,21.69,49.0,752.84,0.86769,0,Normal
23.44,2.75,64.448,41.49,67.58,1100.0,1.07413,0,Normal
20.887,1.652,34.5,40.77,39.46,587.43,0.575,0,Normal
21.217,1.86,39.466,22.81,95.0,552.19,0.65776,0,Normal
20.796,1.773,36.878,30.03,74.85,644.56,0.61463,0,Normal
20.823,1.671,34.798,24.24,54.53,565.11,0.57997,0,Normal
15.893,2.557,40.64,33.3,44.09,873.98,0.67734,1,Low Voltage
19.002,0.362,6.878,32.57,55.95,197.43,0.11463,0,Normal
19.672,1.31,25.761,34.68,51.88,354.97,0.42936,0,Normal
19.31,1.063,20.535,31.32,93.15,351.02,0.34225,0,Normal
24.0,2.57,61.681,48.0,35.94,916.09,1.02802,0,Normal
24.0,0.31,7.448,21.8,60.43,1100.0,0.12413,1,Low Current
22.1,1.902,42.032,17.03,57.67,620.75,0.70054,0,Normal
21.244,1.776,37.721,26.25,55.89,602.73,0.62868,0,Normal
22.217,2.187,48.587,18.02,56.04,669.61,0.80979,0,Normal
24.0,2.701,64.831,18.55,55.91,975.33,1.08052,0,Normal
19.458,0.92,17.904,21.99,73.72,390.34,0.29839,0,Normal
22.357,1.891,42.288,22.54,68.96,716.74,0.7048,0,Normal
24.0,2.504,60.097,22.32,65.54,923.06,1.00162,0,Normal
23.784,1.986,47.239,32.63,20.0,790.31,0.78732,0,Normal
22.116,0.689,15.242,25.46,63.4,703.08,0.25403,1,Low Current
23.542,2.833,66.698,27.74,28.2,930.29,1.11163,0,Normal
19.411,0.05,0.971,35.26,69.63,20.0,0.01618,0,Normal
23.867,2.286,54.551,23.64,84.54,839.81,0.90918,0,Normal
20.315,0.976,19.832,27.15,41.33,466.86,0.33053,0,Normal
18.227,0.506,9.228,31.56,53.29,137.42,0.1538,0,Normal
23.668,2.55,60.362,15.41,47.21,793.14,1.00604,0,Normal
23.75,2.826,67.111,15.0,80.24,1034.62,1.11851,0,Normal
22.27,1.675,37.296,31.42,59.71,611.51,0.6216,0,Normal
23.549,2.617,61.617,32.44,89.11,916.8,1.02695,0,Normal
24.0,3.305,79.324,43.45,65.45,1100.0,1.32206,0,Normal
23.802,2.865,68.192,30.11,62.36,1018.18,1.13654,0,Normal
23.916,3.07,73.426,34.74,59.23,1100.0,1.22376,0,Normal
24.0,2.425,58.191,27.63,72.72,857.8,0.96985,0,Normal
21.702,1.605,34.842,31.08,26.72,671.12,0.58071,0,Normal
8.448,0.29,2.453,40.67,59.54,201.45,0.04089,1,Low Voltage
10.69,1.506,16.099,15.0,56.74,581.1,0.26832,1,Low Voltage
20.446,1.329,27.178,31.9,71.06,413.89,0.45296,0,Normal
23.405,2.932,68.625,43.95,54.62,1100.0,1.14374,0,Normal
21.06,1.572,33.1,30.97,39.3,600.75,0.55166,0,Normal
21.286,1.773,37.747,40.55,58.13,684.5,0.62912,0,Normal
23.428,2.229,52.221,24.6,38.51,804.42,0.87034,0,Normal
21.259,2.15,45.708,28.78,23.35,662.21,0.76179,0,Normal
23.265,3.033,70.568,29.23,71.09,1100.0,1.17614,0,Normal
19.727,1.21,23.875,15.0,68.42,475.66,0.39792,0,Normal
21.302,1.989,42.38,20.82,66.41,704.49,0.70633,0,Normal
21.698,1.561,33.862,21.32,81.45,442.11,0.56437,0,Normal
19.45,0.683,13.286,34.75,46.03,280.39,0.22144,0,Normal
12.565,1.107,13.916,35.11,32.24,478.7,0.23193,1,Low Voltage
22.057,1.684,37.142,31.27,56.74,639.63,0.61904,0,Normal
20.974,1.485,31.143,34.77,51.74,529.8,0.51906,0,Normal
13.511,1.396,18.856,27.85,42.84,456.12,0.31426,1,Low Voltage
19.958,0.885,17.67,37.41,56.56,256.23,0.29449,0,Normal
21.761,1.556,33.859,29.06,46.99,626.73,0.56431,0,Normal
20.241,0.465,9.411,29.41,24.95,228.68,0.15684,0,Normal
23.558,2.35,55.36,27.14,50.06,862.82,0.92266,0,Normal
21.386,1.983,42.409,33.79,37.55,673.08,0.70681,0,Normal
19.077,0.449,8.573,26.05,62.17,241.89,0.14289,0,Normal
20.6,1.443,29.719,35.84,46.19,563.42,0.49531,0,Normal
21.587,1.131,24.412,21.07,78.01,439.4,0.40686,0,Normal
22.245,2.251,50.078,21.31,86.87,739.37,0.83464,0,Normal
23.373,2.928,68.437,33.81,70.23,1025.33,1.14061,0,Normal
12.524,0.511,6.397,28.38,30.08,124.95,0.10662,1,Low Voltage
22.005,3.355,73.826,25.82,85.09,16.38,1.23044,1,Sensor Anomaly
21.581,1.613,34.82,35.23,86.36,605.16,0.58034,0,Normal
24.0,2.133,51.204,24.75,58.34,837.98,0.85339,0,Normal
22.832,1.767,40.341,27.6,81.81,709.7,0.67235,0,Normal
20.311,0.874,17.754,38.79,48.07,439.45,0.29591,0,Normal
20.009,1.452,29.063,39.77,24.41,560.66,0.48438,0,Normal
19.838,1.1,21.818,40.01,44.31,427.11,0.36363,0,Normal
24.0,2.797,67.134,27.03,89.13,951.28,1.1189,0,Normal
20.801,1.805,37.545,37.61,31.16,655.97,0.62575,0,Normal
24.0,3.004,72.095,22.36,57.99,1100.0,1.20158,0,Normal
21.867,1.758,38.438,22.65,58.61,633.01,0.64063,0,Normal
20.994,1.097,23.021,15.0,48.77,451.65,0.38369,0,Normal
18.498,0.803,14.852,40.71,50.02,226.16,0.24753,0,Normal
19.27,0.266,5.128,22.95,59.3,145.12,0.08547,0,Normal
18.35,0.37,6.792,28.11,47.88,206.44,0.11321,0,Normal
23.924,2.184,52.246,22.63,32.4,724.8,0.87076,0,Normal
23.455,2.293,53.775,33.87,61.87,792.44,0.89625,0,Normal
19.898,0.269,5.35,26.37,77.32,207.27,0.08917,0,Normal
22.559,2.695,60.796,19.87,73.65,900.61,1.01327,0,Normal
21.055,1.292,27.213,32.09,43.42,514.74,0.45355,0,Normal
23.144,1.885,43.632,18.96,35.48,691.1,0.72721,0,Normal
24.0,3.122,74.934,23.14,52.88,1100.0,1.24891,0,Normal
22.955,2.667,61.211,15.0,86.22,901.12,1.02019,0,Normal
21.143,1.704,36.029,19.03,69.62,574.81,0.60048,0,Normal
19.955,1.104,22.021,30.25,70.67,400.47,0.36701,0,Normal
18.106,0.058,1.059,15.25,74.02,47.49,0.01765,0,Normal
21.921,1.342,29.427,48.16,65.57,448.64,0.49044,1,Over Temperature
20.101,1.623,32.63,28.98,60.17,590.88,0.54383,0,Normal
20.696,1.371,28.368,25.19,69.92,373.59,0.4728,0,Normal
20.326,1.776,36.108,42.94,48.17,613.25,0.6018,0,Normal
20.935,1.667,34.89,41.84,32.54,671.52,0.5815,0,Normal
20.167,1.563,31.519,22.92,71.01,587.04,0.52531,0,Normal
20.226,1.304,26.366,32.9,80.28,468.0,0.43943,0,Normal
23.01,2.159,49.679,34.24,37.87,697.22,0.82799,0,Normal
22.832,4.235,96.697,24.82,72.79,69.88,1.61161,1,Sensor Anomaly
19.391,0.903,17.514,18.53,88.25,344.69,0.2919,0,Normal
24.0,2.741,65.783,28.91,57.96,1045.06,1.09638,0,Normal
22.527,0.435,9.807,27.79,43.28,622.4,0.16346,1,Low Current
21.981,1.878,41.271,25.95,60.21,655.28,0.68785,0,Normal
24.0,2.765,66.351,32.1,48.09,848.3,1.10586,0,Normal
22.898,2.104,48.17,23.74,46.9,715.3,0.80283,0,Normal
24.0,2.296,55.104,52.33,65.8,916.88,0.9184,1,Over Temperature
21.701,1.9,41.228,29.76,29.13,730.39,0.68713,0,Normal
21.143,1.214,25.669,31.7,32.01,478.52,0.42781,0,Normal
13.032,1.969,25.658,20.76,58.35,751.22,0.42764,1,Low Voltage
20.08,0.839,16.846,35.5,57.6,329.76,0.28077,0,Normal
11.509,1.996,22.967,16.61,64.18,680.4,0.38279,1,Low Voltage
21.935,1.917,42.046,24.95,91.75,640.7,0.70076,0,Normal
20.924,1.848,38.665,27.19,59.88,591.73,0.64442,0,Normal
20.192,1.815,36.644,24.55,68.77,614.01,0.61074,0,Normal
19.436,0.05,0.972,25.04,40.44,123.08,0.0162,0,Normal
19.499,1.164,22.694,48.49,71.82,496.36,0.37823,1,Over Temperature
22.18,1.87,41.474,23.04,48.52,676.0,0.69123,0,Normal
21.874,1.91,41.787,46.09,59.29,694.76,0.69645,0,Normal
20.226,1.159,23.434,32.06,56.04,362.25,0.39056,0,Normal
23.712,2.8,66.406,29.64,76.59,1004.4,1.10676,0,Normal
20.451,1.137,23.263,32.33,34.42,407.47,0.38772,0,Normal
23.316,2.539,59.195,46.71,20.0,921.45,0.98658,0,Normal
12.777,2.119,27.068,22.04,54.16,769.61,0.45113,1,Low Voltage
22.124,1.337,29.57,21.16,66.43,469.06,0.49283,0,Normal
24.0,3.289,78.926,23.72,60.74,1100.0,1.31543,0,Normal
19.834,0.863,17.126,29.23,80.18,315.78,0.28544,0,Normal
23.011,2.566,59.047,16.92,65.87,907.36,0.98411,0,Normal
23.782,2.582,61.41,29.16,47.85,930.16,1.0235,0,Normal
20.844,1.497,31.205,40.85,20.0,462.23,0.52008,0,Normal
23.978,2.69,64.505,30.06,53.73,1039.89,1.07508,0,Normal
14.323,1.939,27.771,26.95,76.5,579.99,0.46285,1,Low Voltage
22.188,1.836,40.729,24.67,50.94,730.83,0.67881,0,Normal
22.55,1.875,42.283,35.29,58.51,722.89,0.70472,0,Normal
22.358,1.853,41.436,23.22,65.58,612.39,0.69061,0,Normal
23.468,2.579,60.519,41.92,39.72,877.03,1.00865,0,Normal
22.877,2.125,48.62,42.53,69.22,872.18,0.81033,0,Normal
18.09,0.249,4.496,30.8,87.47,160.41,0.07494,0,Normal
23.565,2.876,67.771,28.92,54.89,1015.22,1.12951,0,Normal
19.243,0.93,17.895,36.21,37.68,184.5,0.29824,0,Normal
24.0,2.808,67.388,36.66,56.8,939.11,1.12314,0,Normal
23.595,2.665,62.89,23.36,20.0,965.48,1.04816,0,Normal
20.378,0.529,10.776,25.31,64.06,344.53,0.1796,0,Normal
20.952,1.524,31.94,53.38,66.14,534.97,0.53233,1,Over Temperature
19.189,1.517,29.105,31.86,88.16,49.14,0.48508,1,Sensor Anomaly
20.849,1.561,32.548,33.67,54.51,589.82,0.54247,0,Normal
20.061,1.438,28.853,19.55,65.35,563.75,0.48089,0,Normal
24.0,2.457,58.966,25.81,42.5,868.3,0.98277,0,Normal
22.676,2.701,61.245,19.57,51.58,1016.89,1.02075,0,Normal
24.0,3.261,78.271,22.71,30.55,1040.79,1.30451,0,Normal
19.934,1.636,32.613,32.86,54.49,492.59,0.54355,0,Normal
20.958,1.777,37.246,48.95,52.5,591.42,0.62077,1,Over Temperature
19.988,0.515,10.292,26.89,63.39,178.64,0.17153,0,Normal
9.554,1.083,10.343,17.61,46.78,424.36,0.17238,1,Low Voltage
22.712,2.552,57.966,30.31,59.5,920.16,0.96611,0,Normal
24.0,3.358,80.593,49.33,52.0,1100.0,1.34321,1,Over Temperature
19.318,1.01,19.512,23.9,52.03,304.38,0.3252,0,Normal
20.807,1.387,28.854,27.68,59.45,484.11,0.4809,0,Normal
21.845,1.951,42.629,30.26,58.73,642.61,0.71048,0,Normal
23.74,2.143,50.877,23.3,71.7,728.45,0.84795,0,Normal
19.357,1.268,24.542,18.67,55.83,423.31,0.40903,0,Normal
22.172,2.275,50.447,41.64,51.7,768.74,0.84078,0,Normal
20.894,1.543,32.229,24.57,54.75,517.32,0.53715,0,Normal
22.455,1.954,43.882,28.32,45.14,645.95,0.73136,0,Normal
22.789,2.24,51.048,36.08,51.52,802.96,0.85079,0,Normal
21.749,1.716,37.329,48.0,94.56,651.8,0.62214,0,Normal
21.526,1.39,29.914,20.29,41.57,527.81,0.49856,0,Normal
20.885,1.595,33.319,32.15,52.98,619.31,0.55531,0,Normal
22.623,1.464,33.127,24.05,51.03,625.26,0.55212,0,Normal
21.832,1.365,29.805,25.23,53.55,546.4,0.49676,0,Normal
22.132,1.45,32.098,23.96,52.04,577.54,0.53496,0,Normal
24.0,3.0,71.998,21.12,63.03,1097.62,1.19996,0,Normal
23.042,2.528,58.259,28.71,27.22,807.06,0.97098,0,Normal
22.598,1.575,35.593,18.68,76.67,567.27,0.59322,0,Normal
23.07,2.372,54.726,35.63,69.39,845.15,0.9121,0,Normal
13.108,1.597,20.936,29.39,35.63,556.53,0.34894,1,Low Voltage
23.692,2.997,71.004,31.96,20.0,978.47,1.18339,0,Normal
22.486,2.004,45.059,25.74,40.41,753.5,0.75098,0,Normal
21.32,1.692,36.076,26.43,53.63,619.96,0.60127,0,Normal
23.644,2.132,50.417,31.01,95.0,775.36,0.84028,0,Normal
19.572,0.797,15.592,20.85,67.78,210.15,0.25987,0,Normal
20.036,1.176,23.571,26.49,25.46,334.51,0.39286,0,Normal
20.216,0.972,19.652,22.98,45.59,315.7,0.32753,0,Normal
15.252,2.16,32.95,22.77,57.04,690.02,0.54917,1,Low Voltage
24.0,3.158,75.796,15.0,62.57,1100.0,1.26327,0,Normal
23.674,2.987,70.718,53.86,34.33,1100.0,1.17863,1,Over Temperature
22.026,2.535,55.84,24.19,55.57,828.65,0.93066,0,Normal
22.275,2.26,50.344,37.14,45.08,790.24,0.83907,0,Normal
18.759,0.269,5.038,36.48,38.13,145.7,0.08396,0,Normal
20.788,1.585,32.939,20.0,62.67,498.05,0.54898,0,Normal
20.289,1.171,23.766,21.38,71.93,429.42,0.3961,0,Normal
20.409,1.23,25.1,46.92,73.14,476.16,0.41833,0,Normal
20.86,1.808,37.709,41.26,68.34,602.92,0.62848,0,Normal
21.23,1.426,30.266,28.78,49.05,517.81,0.50444,0,Normal
19.21,0.336,6.453,30.8,70.86,95.8,0.10754,0,Normal
23.641,2.527,59.741,24.58,63.56,859.41,0.99568,0,Normal
20.539,0.828,17.0,32.03,60.41,349.63,0.28334,0,Normal
23.088,2.08,48.02,23.98,46.99,716.99,0.80034,0,Normal
24.0,3.369,80.859,15.0,49.06,1100.0,1.34764,0,Normal
20.376,0.936,19.065,19.75,59.33,392.57,0.31776,0,Normal
17.476,0.137,2.388,29.15,95.0,20.0,0.0398,0,Normal
21.244,1.456,30.927,21.08,63.42,569.92,0.51546,0,Normal
23.295,2.853,66.455,28.53,47.0,958.27,1.10759,0,Normal
24.0,3.278,78.682,21.48,43.02,1100.0,1.31137,0,Normal
20.114,0.794,15.974,23.52,49.15,305.73,0.26623,0,Normal
22.973,2.574,59.134,34.97,95.0,789.08,0.98557,0,Normal
20.163,1.642,33.105,30.73,50.81,519.71,0.55175,0,Normal
22.626,1.854,41.947,28.93,74.32,620.33,0.69912,0,Normal
24.0,3.15,75.605,35.15,51.23,1100.0,1.26008,0,Normal
18.421,0.812,14.952,32.36,62.7,229.17,0.2492,0,Normal
21.666,1.797,38.932,39.13,72.25,721.05,0.64886,0,Normal
24.0,2.219,53.259,25.78,47.71,780.95,0.88766,0,Normal
23.428,2.736,64.105,25.99,46.46,954.02,1.06841,0,Normal
21.965,1.839,40.4,19.89,87.86,677.44,0.67334,0,Normal
22.258,2.142,47.679,26.0,75.72,736.25,0.79465,0,Normal
20.869,0.346,7.223,35.75,72.23,540.34,0.12039,1,Low Current
21.478,1.915,41.133,38.1,72.17,725.36,0.68555,0,Normal
21.156,1.516,32.076,35.72,66.27,553.91,0.5346,0,Normal
23.911,2.189,52.347,16.44,94.32,824.04,0.87245,0,Normal
21.21,1.182,25.069,36.58,58.79,546.51,0.41782,0,Normal
21.977,4.938,108.528,16.13,68.39,78.2,1.80881,1,Sensor Anomaly
21.353,1.765,37.681,35.29,31.88,641.81,0.62802,0,Normal
23.37,2.706,63.23,26.43,43.15,965.29,1.05384,0,Normal
21.628,1.578,34.135,33.92,36.39,635.61,0.56891,0,Normal
19.986,0.4,7.994,19.67,80.93,153.55,0.13323,0,Normal
23.611,2.955,69.778,37.2,20.0,1003.34,1.16296,0,Normal
20.473,1.12,22.939,18.75,50.76,396.39,0.38232,0,Normal
22.063,1.314,28.991,24.32,20.0,466.95,0.48319,0,Normal
21.587,1.396,30.145,22.01,43.04,483.21,0.50241,0,Normal
24.0,2.711,65.064,16.72,49.16,1034.84,1.0844,0,Normal
19.566,0.257,5.03,29.66,82.93,52.01,0.08384,0,Normal
14.659,2.777,40.71,41.64,65.14,1100.0,0.67851,1,Low Voltage
21.717,2.389,51.877,47.67,43.0,945.7,0.86462,0,Normal
22.741,1.792,40.755,29.68,77.19,712.51,0.67925,0,Normal
20.398,1.714,34.961,36.82,58.32,634.63,0.58268,0,Normal
22.556,1.963,44.281,30.62,58.68,729.96,0.73801,0,Normal
21.389,2.203,47.125,32.49,36.35,795.91,0.78542,0,Normal
22.617,2.157,48.792,26.6,40.18,830.66,0.8132,0,Normal
22.445,2.418,54.281,30.37,43.15,805.57,0.90468,0,Normal
21.317,2.018,43.026,32.76,58.84,675.08,0.7171,0,Normal
11.003,1.634,17.98,24.95,59.4,594.75,0.29966,1,Low Voltage
22.282,1.606,35.796,47.95,85.79,607.64,0.5966,1,Over Temperature
20.983,1.554,32.606,28.59,64.93,595.43,0.54343,0,Normal
23.942,2.613,62.567,34.78,20.0,967.46,1.04278,0,Normal
22.308,2.045,45.623,21.54,62.73,816.2,0.76039,0,Normal
17.896,0.05,0.895,28.64,31.9,20.0,0.01491,0,Normal
22.794,2.428,55.348,42.38,40.61,833.65,0.92247,0,Normal
21.226,1.991,42.262,37.15,43.38,704.53,0.70436,0,Normal
20.614,2.063,42.529,38.44,46.06,644.76,0.70882,0,Normal
21.487,1.452,31.201,29.17,33.25,541.21,0.52002,0,Normal
24.0,2.611,62.662,31.25,61.66,964.75,1.04437,0,Normal
23.161,2.447,56.677,36.02,32.61,915.31,0.94462,0,Normal
19.908,1.129,22.485,39.92,64.42,433.59,0.37476,0,Normal
22.934,2.051,47.046,15.34,95.0,763.97,0.7841,0,Normal
20.437,1.115,22.792,47.64,34.07,377.94,0.37987,1,Over Temperature
19.423,0.729,14.16,53.47,52.88,263.71,0.236,1,Over Temperature
19.026,1.233,23.454,27.06,20.0,474.52,0.3909,0,Normal
22.618,2.724,61.61,24.3,52.58,891.47,1.02684,0,Normal
23.029,2.927,67.407,20.22,69.57,916.88,1.12345,0,Normal
22.865,2.432,55.604,25.11,70.97,793.66,0.92673,0,Normal
23.394,2.51,58.713,19.18,59.39,853.03,0.97855,0,Normal
14.486,2.3,33.312,43.64,74.01,794.53,0.5552,1,Low Voltage
20.907,1.644,34.363,28.84,95.0,470.39,0.57271,0,Normal
21.625,2.284,49.389,28.59,88.82,770.94,0.82315,0,Normal
24.0,2.312,55.497,33.12,48.59,874.11,0.92496,0,Normal
23.789,0.605,14.382,35.74,31.88,861.2,0.2397,1,Low Current
22.751,2.821,64.181,35.62,50.69,982.9,1.06968,0,Normal
23.035,2.155,49.646,36.52,40.95,848.33,0.82743,0,Normal
22.084,2.046,45.174,24.58,66.12,748.41,0.7529,0,Normal
23.747,2.849,67.666,26.91,36.74,949.64,1.12777,0,Normal
22.358,1.446,32.322,34.38,56.69,642.57,0.5387,0,Normal
21.902,0.903,19.778,25.31,73.08,403.08,0.32963,0,Normal
22.053,1.65,36.395,28.96,56.19,604.34,0.60658,0,Normal
20.685,1.287,26.623,31.79,40.97,441.43,0.44372,0,Normal
20.29,1.028,20.857,34.5,79.15,460.95,0.34761,0,Normal
12.089,1.705,20.618,16.56,24.18,609.53,0.34363,1,Low Voltage
21.295,1.39,29.606,34.0,52.1,428.12,0.49343,0,Normal
21.292,1.585,33.755,27.36,57.25,563.77,0.56258,0,Normal
17.875,0.5,8.936,33.95,58.29,119.79,0.14894,0,Normal
20.889,1.853,38.696,34.44,61.25,709.72,0.64494,0,Normal
21.88,1.633,35.74,40.26,68.99,650.34,0.59567,0,Normal
20.364,1.308,26.643,38.47,57.36,421.22,0.44405,0,Normal
22.22,2.356,52.355,38.43,51.37,834.59,0.87259,0,Normal
23.841,2.288,54.538,39.11,50.66,912.52,0.90896,0,Normal
18.753,0.41,7.697,31.04,46.99,199.88,0.12829,0,Normal
20.419,1.496,30.544,29.23,72.18,436.44,0.50907,0,Normal
20.343,1.032,20.997,53.24,46.36,434.64,0.34995,1,Over Temperature
19.847,1.236,24.54,34.12,73.24,386.83,0.40901,0,Normal
23.413,2.377,55.662,26.84,58.34,882.25,0.9277,0,Normal
22.21,1.65,36.654,50.52,48.62,595.73,0.6109,1,Over Temperature
20.562,1.657,34.062,28.75,69.13,575.94,0.56771,0,Normal
18.925,0.05,0.946,23.02,44.91,88.92,0.01577,0,Normal
22.762,2.01,45.742,38.03,69.49,827.92,0.76237,0,Normal
19.816,0.858,17.01,29.39,61.83,303.01,0.28349,0,Normal
22.152,1.685,37.332,43.34,47.27,666.78,0.62221,0,Normal
22.585,2.239,50.577,17.62,67.52,727.67,0.84295,0,Normal
24.0,2.597,62.333,25.1,67.84,1030.98,1.03888,0,Normal
20.097,0.891,17.898,29.23,78.84,283.53,0.2983,0,Normal
17.468,0.05,0.873,36.96,75.39,20.0,0.01456,0,Normal
22.248,1.881,41.843,31.8,66.84,701.48,0.69739,0,Normal
24.0,2.86,68.637,31.17,37.7,1100.0,1.14396,0,Normal
23.986,3.15,75.557,21.11,95.0,996.9,1.25928,0,Normal
22.129,1.755,38.847,20.9,32.73,708.7,0.64745,0,Normal
21.247,1.399,29.728,31.26,75.09,512.34,0.49546,0,Normal
23.452,2.162,50.712,19.45,65.76,875.99,0.84519,0,Normal
20.534,1.344,27.602,25.28,36.87,377.41,0.46003,0,Normal
22.5,2.241,50.423,32.51,55.76,783.38,0.84039,0,Normal
21.698,2.251,48.832,22.12,56.58,791.53,0.81387,0,Normal
23.322,2.856,66.608,40.24,81.5,946.86,1.11013,0,Normal
24.0,3.048,73.163,37.57,45.16,1100.0,1.21939,0,Normal
22.904,2.19,50.149,18.0,53.28,759.88,0.83581,0,Normal
20.692,1.45,30.006,22.47,20.0,507.49,0.50009,0,Normal
21.27,1.928,41.018,15.0,89.23,642.84,0.68363,0,Normal
19.402,0.345,6.701,23.52,38.73,154.66,0.11168,0,Normal
9.895,1.219,12.06,34.36,63.88,455.48,0.201,1,Low Voltage
21.305,1.643,34.993,26.1,56.17,535.4,0.58322,0,Normal
20.642,1.444,29.802,32.23,56.24,503.26,0.4967,0,Normal
22.318,1.938,43.258,18.34,72.58,692.66,0.72097,0,Normal
19.964,0.906,18.092,34.59,88.08,419.72,0.30154,0,Normal
23.103,2.968,68.571,25.11,62.53,963.89,1.14285,0,Normal
12.393,1.69,20.943,29.09,69.79,650.06,0.34905,1,Low Voltage
21.378,1.981,42.357,28.35,63.92,647.4,0.70595,0,Normal
21.586,1.606,34.669,20.1,76.32,558.19,0.57782,0,Normal
22.55,1.721,38.802,20.93,49.67,693.45,0.64669,0,Normal
22.606,2.652,59.961,35.77,77.36,881.03,0.99934,0,Normal
19.431,1.174,22.819,31.79,77.99,407.2,0.38031,0,Normal
22.209,1.522,33.806,36.35,77.49,465.73,0.56344,0,Normal
20.863,1.534,32.008,31.27,46.12,564.96,0.53347,0,Normal
19.95,0.886,17.673,30.0,54.97,273.16,0.29454,0,Normal
22.083,0.875,19.317,16.92,62.31,420.61,0.32195,0,Normal
21.6,1.352,29.204,51.19,33.32,516.66,0.48674,1,Over Temperature
23.063,2.262,52.171,28.81,86.71,894.83,0.86952,0,Normal
21.852,1.905,41.622,42.67,57.78,723.52,0.6937,0,Normal
13.165,2.031,26.734,33.81,63.11,704.21,0.44556,1,Low Voltage
23.578,2.323,54.777,39.75,47.61,888.25,0.91295,0,Normal
21.861,1.847,40.372,33.18,34.12,611.54,0.67287,0,Normal
22.22,1.975,43.886,24.02,47.13,759.33,0.73144,0,Normal
20.877,1.886,39.37,52.33,61.95,621.1,0.65617,1,Over Temperature
21.28,2.247,47.807,30.65,70.12,724.3,0.79678,0,Normal
21.676,1.551,33.615,22.43,60.91,486.83,0.56025,0,Normal
18.172,0.1,1.822,26.31,64.24,28.11,0.03036,1,Sensor Anomaly
21.761,1.326,28.845,27.56,51.93,612.4,0.48076,0,Normal
23.333,2.973,69.372,40.24,66.93,1048.37,1.15621,0,Normal
14.809,2.562,37.937,15.0,84.69,909.34,0.63228,1,Low Voltage
23.885,2.353,56.193,37.44,70.69,920.31,0.93655,0,Normal
24.0,2.7,64.793,22.44,72.57,996.12,1.07988,0,Normal
22.824,2.164,49.382,19.4,63.29,674.82,0.82303,0,Normal
21.655,1.734,37.542,37.26,30.94,705.25,0.6257,0,Normal
20.468,1.402,28.692,34.12,39.2,477.06,0.4782,0,Normal
21.549,1.581,34.075,37.78,66.19,561.5,0.56791,0,Normal
23.207,2.205,51.177,34.6,57.8,822.42,0.85296,0,Normal
24.0,2.804,67.284,43.42,65.92,987.09,1.1214,0,Normal
21.261,1.984,42.186,32.91,88.18,610.96,0.7031,0,Normal
21.501,1.407,30.261,27.9,71.07,523.95,0.50434,0,Normal
22.517,3.016,67.912,31.4,80.66,68.83,1.13187,1,Sensor Anomaly
22.519,2.36,53.137,37.7,59.7,818.34,0.88562,0,Normal
19.151,0.855,16.371,23.54,43.47,245.72,0.27284,0,Normal
19.074,0.05,0.954,24.44,56.96,20.0,0.0159,0,Normal
20.471,1.33,27.218,26.84,43.51,495.85,0.45363,0,Normal
20.54,0.477,9.792,15.0,86.05,308.2,0.1632,0,Normal
20.881,1.271,26.54,29.97,72.23,507.72,0.44233,0,Normal
20.593,1.523,31.354,15.8,67.37,608.62,0.52257,0,Normal
21.819,1.578,34.437,29.37,80.25,523.09,0.57395,0,Normal
22.158,2.87,63.598,35.06,21.64,1056.69,1.05997,0,Normal
21.043,2.023,42.574,25.66,68.59,741.49,0.70957,0,Normal
22.38,2.005,44.882,40.74,34.41,734.13,0.74803,0,Normal
23.47,2.173,50.993,18.78,57.87,824.22,0.84989,0,Normal
19.232,0.251,4.829,37.34,52.39,331.13,0.08049,1,Low Current
23.531,2.834,66.684,33.73,69.91,940.95,1.11139,0,Normal
20.201,2.073,41.877,16.99,62.11,628.79,0.69795,0,Normal
22.947,2.388,54.793,47.98,82.21,837.73,0.91322,0,Normal
20.185,0.969,19.562,28.55,47.17,349.88,0.32604,0,Normal
19.311,0.894,17.273,22.86,70.76,214.95,0.28788,0,Normal
23.435,2.36,55.312,19.15,60.92,879.01,0.92187,0,Normal
22.816,1.95,44.503,27.46,28.56,755.39,0.74171,0,Normal
11.275,0.999,11.268,28.11,41.46,397.43,0.18779,1,Low Voltage
19.009,1.224,23.272,29.72,55.3,406.49,0.38786,0,Normal
24.0,0.634,15.214,26.92,78.02,965.12,0.25356,1,Low Current
20.532,0.848,17.417,33.43,66.35,316.96,0.29028,0,Normal
23.668,2.786,65.934,47.14,36.98,1100.0,1.09889,1,Over Temperature
11.683,1.216,14.212,15.46,55.47,397.83,0.23687,1,Low Voltage
22.733,2.037,46.311,27.95,94.32,828.75,0.77185,0,Normal
22.353,1.418,31.697,15.0,60.0,557.99,0.52828,0,Normal
13.335,2.49,33.2,31.48,52.11,818.89,0.55334,1,Low Voltage
20.708,1.612,33.378,22.14,66.85,497.65,0.5563,0,Normal
20.265,1.747,35.397,30.14,71.74,604.42,0.58996,0,Normal
21.439,1.865,39.985,38.2,49.79,661.46,0.66641,0,Normal
19.952,0.943,18.811,22.36,67.05,369.39,0.31351,0,Normal
22.915,2.221,50.883,36.43,52.08,857.43,0.84804,0,Normal
20.59,1.35,27.805,25.97,70.95,506.3,0.46341,0,Normal
20.583,1.328,27.34,41.27,61.05,585.99,0.45567,0,Normal
20.627,1.084,22.352,26.44,66.68,371.58,0.37253,0,Normal
8.677,0.065,0.564,23.12,44.33,20.0,0.00939,1,Low Voltage
21.745,1.48,32.185,33.81,43.22,596.51,0.53642,0,Normal
24.0,3.358,80.591,25.95,75.02,1100.0,1.34319,0,Normal
22.865,2.551,58.335,23.11,56.57,869.69,0.97226,0,Normal
21.768,1.928,41.961,25.66,63.13,644.61,0.69936,0,Normal
21.717,1.517,32.95,28.69,52.48,576.39,0.54917,0,Normal
20.079,1.8,36.151,38.4,74.18,656.29,0.60252,0,Normal
23.334,2.394,55.861,15.46,47.06,803.19,0.93102,0,Normal
20.029,0.916,18.349,29.16,55.56,319.37,0.30582,0,Normal
23.606,2.948,69.594,54.62,72.15,962.01,1.1599,1,Over Temperature
22.863,2.325,53.159,30.35,79.11,850.31,0.88598,0,Normal
20.981,2.245,47.106,38.17,48.57,851.09,0.7851,0,Normal
22.242,2.267,50.414,28.48,93.27,772.77,0.84023,0,Normal
23.118,1.6,36.995,27.71,63.64,655.49,0.61659,0,Normal
22.836,2.485,56.752,33.15,39.23,838.4,0.94586,0,Normal
22.562,2.034,45.885,29.7,64.64,815.71,0.76476,0,Normal
21.285,1.654,35.215,26.27,51.11,550.87,0.58692,0,Normal
20.994,1.238,25.99,32.61,65.81,489.39,0.43317,0,Normal
22.546,1.987,44.806,24.43,57.23,678.52,0.74676,0,Normal
24.0,3.199,76.776,24.72,59.34,1083.73,1.27961,0,Normal
20.108,0.876,17.61,25.3,41.59,303.05,0.2935,0,Normal
20.271,0.44,8.919,38.47,75.82,239.09,0.14866,0,Normal
23.131,1.817,42.029,15.0,37.19,696.13,0.70049,0,Normal
23.454,1.71,40.104,31.77,38.04,664.25,0.66839,0,Normal
21.625,1.602,34.652,29.24,64.61,698.54,0.57753,0,Normal
23.677,2.238,52.981,17.23,86.85,718.31,0.88302,0,Normal
20.817,1.65,34.34,31.17,51.65,587.5,0.57234,0,Normal
24.0,2.751,66.019,32.33,70.62,1067.16,1.10032,0,Normal
19.52,0.82,16.007,33.13,77.32,201.75,0.26678,0,Normal
20.401,1.062,21.661,15.0,72.66,418.02,0.36101,0,Normal
21.449,1.749,37.509,38.56,52.4,621.09,0.62515,0,Normal
19.806,0.384,7.608,23.84,38.36,189.91,0.1268,0,Normal
20.887,1.297,27.083,33.81,20.0,600.76,0.45138,0,Normal
24.0,2.792,67.007,34.19,53.27,1100.0,1.11678,0,Normal
21.019,1.762,37.026,47.36,79.21,655.85,0.6171,1,Over Temperature
23.43,2.137,50.062,33.62,37.77,714.6,0.83437,0,Normal
20.451,0.893,18.259,26.3,70.6,297.15,0.30431,0,Normal
21.052,1.382,29.095,15.0,40.9,477.42,0.48491,0,Normal
20.683,1.136,23.5,37.17,59.91,544.95,0.39167,0,Normal
21.047,1.803,37.945,23.57,70.74,561.04,0.63242,0,Normal
24.0,2.873,68.963,23.02,46.13,1008.86,1.14939,0,Normal
22.774,2.232,50.825,26.18,61.07,806.15,0.84708,0,Normal
20.764,1.144,23.755,30.91,50.53,338.79,0.39591,0,Normal
23.602,2.227,52.561,28.6,70.69,719.02,0.87601,0,Normal
22.681,2.392,54.262,32.84,62.24,789.5,0.90437,0,Normal
11.418,2.691,30.728,19.62,59.02,969.24,0.51214,1,Low Voltage
24.0,2.884,69.216,23.8,86.05,1092.55,1.1536,0,Normal
19.987,1.197,23.93,28.19,69.92,365.77,0.39883,0,Normal
19.385,0.908,17.599,42.29,45.57,422.96,0.29331,0,Normal
18.882,1.181,22.291,28.2,56.45,297.88,0.37152,0,Normal
22.685,1.613,36.593,36.6,56.63,584.47,0.60988,0,Normal
22.789,1.981,45.137,29.27,59.45,780.58,0.75228,0,Normal
22.96,2.37,54.414,25.61,95.0,926.45,0.9069,0,Normal
22.287,1.524,33.976,27.27,64.68,628.73,0.56627,0,Normal
20.467,1.588,32.499,27.82,21.35,560.44,0.54165,0,Normal
21.182,1.914,40.541,33.23,48.23,692.49,0.67568,0,Normal
19.594,0.919,18.007,38.62,23.22,416.16,0.30011,0,Normal
24.0,2.986,71.657,31.52,52.06,1100.0,1.19429,0,Normal
18.714,0.303,5.671,37.31,22.23,199.85,0.09452,0,Normal
20.57,2.079,42.766,22.25,42.31,701.73,0.71276,0,Normal
24.0,3.065,73.562,26.1,30.63,1100.0,1.22604,0,Normal
21.724,1.76,38.237,23.93,64.91,651.9,0.63728,0,Normal
20.131,1.424,28.659,31.2,58.01,596.79,0.47765,0,Normal
21.041,1.482,31.189,26.49,63.45,549.92,0.51981,0,Normal
13.025,1.581,20.592,34.11,56.12,599.49,0.34319,1,Low Voltage
24.0,2.964,71.147,22.48,32.9,1034.4,1.18578,0,Normal
19.335,0.115,2.231,29.3,67.24,30.68,0.03719,0,Normal
23.659,3.125,73.931,33.81,92.6,1079.36,1.23218,0,Normal
19.79,0.627,12.408,15.0,65.37,251.29,0.20679,0,Normal
20.491,1.231,25.215,43.85,50.33,575.34,0.42024,0,Normal
20.049,1.657,33.229,27.02,32.29,529.81,0.55381,0,Normal
23.759,2.147,51.014,15.0,41.65,814.79,0.85023,0,Normal
19.412,0.363,7.056,30.11,66.15,202.53,0.1176,0,Normal
22.769,2.161,49.198,29.23,77.32,779.41,0.81996,0,Normal
24.0,3.119,74.846,28.43,62.7,1100.0,1.24743,0,Normal
18.857,0.643,12.132,35.94,72.4,268.31,0.2022,0,Normal
21.284,1.845,39.258,34.23,70.74,703.12,0.6543,0,Normal
20.662,1.219,25.182,31.09,67.12,464.64,0.4197,0,Normal
23.25,2.386,55.468,32.15,46.15,769.25,0.92447,0,Normal
14.09,1.826,25.722,28.27,61.13,655.36,0.42871,1,Low Voltage
20.968,1.11,23.283,41.43,42.73,470.38,0.38805,0,Normal
22.899,2.051,46.968,18.65,58.31,786.6,0.78279,0,Normal
24.0,3.012,72.284,29.98,63.96,1100.0,1.20474,0,Normal
21.476,1.702,36.552,29.46,88.22,596.55,0.6092,0,Normal
22.149,2.437,53.971,34.69,34.42,851.53,0.89951,0,Normal
19.792,0.831,16.442,23.09,66.67,287.88,0.27403,0,Normal
19.564,0.932,18.229,16.79,84.66,382.2,0.30382,0,Normal
22.479,2.097,47.146,30.1,71.66,782.27,0.78577,0,Normal
24.0,3.089,74.135,30.97,72.99,1065.55,1.23558,0,Normal
22.713,1.847,41.952,39.43,68.58,749.57,0.69921,0,Normal
20.85,1.502,31.323,20.11,81.37,562.34,0.52205,0,Normal
21.546,1.894,40.808,37.08,38.43,649.8,0.68014,0,Normal
18.701,0.971,18.165,45.57,33.05,299.89,0.30274,0,Normal
22.838,2.255,51.489,26.36,57.89,819.26,0.85815,0,Normal
24.0,2.457,58.961,19.96,20.0,897.05,0.98268,0,Normal
21.569,1.225,26.423,26.15,80.15,523.41,0.44038,0,Normal
22.747,1.537,34.966,29.1,79.97,518.39,0.58276,0,Normal
22.983,2.242,51.519,32.95,50.2,724.45,0.85865,0,Normal
21.313,1.94,41.339,24.86,51.33,527.72,0.68898,0,Normal
21.891,1.798,39.365,39.89,56.7,631.48,0.65608,0,Normal
24.0,3.088,74.122,21.2,58.94,1100.0,1.23536,0,Normal
13.596,1.481,20.132,16.83,60.29,580.83,0.33554,1,Low Voltage
21.918,1.174,25.727,36.75,68.05,549.66,0.42878,0,Normal
21.768,1.364,29.689,15.0,54.89,468.69,0.49482,0,Normal
22.917,2.817,64.563,27.57,74.98,858.37,1.07605,0,Normal
21.212,1.849,39.217,48.0,66.03,599.26,0.65361,0,Normal
21.58,1.504,32.46,28.92,47.07,468.18,0.541,0,Normal
24.0,2.917,69.998,21.15,82.03,1019.97,1.16663,0,Normal
23.171,2.982,69.092,28.6,33.55,1047.49,1.15153,0,Normal
20.971,0.906,18.991,28.64,56.34,481.88,0.31652,0,Normal
18.519,0.491,9.095,30.12,75.4,127.37,0.15159,0,Normal
24.0,2.472,59.323,33.64,44.98,932.1,0.98872,0,Normal
21.553,1.163,25.072,21.73,63.57,458.3,0.41786,0,Normal
23.756,2.324,55.204,40.81,67.78,871.38,0.92007,0,Normal
17.665,0.209,3.689,30.72,42.51,98.37,0.06148,0,Normal
22.623,2.356,53.307,34.09,56.7,899.93,0.88845,0,Normal
20.655,0.873,18.041,24.6,55.18,310.87,0.30069,0,Normal
22.388,2.246,50.279,38.0,48.07,854.61,0.83798,0,Normal
20.804,1.843,38.346,27.2,95.0,654.0,0.6391,0,Normal
20.522,0.795,16.312,30.94,44.26,382.9,0.27186,0,Normal
20.896,1.468,30.677,22.47,76.09,536.03,0.51128,0,Normal
24.0,2.171,52.111,22.02,50.93,842.17,0.86851,0,Normal
22.065,1.762,38.887,33.82,38.44,679.65,0.64811,0,Normal
22.972,2.301,52.856,25.89,59.85,813.64,0.88094,0,Normal
24.0,2.8,67.21,23.02,69.68,1100.0,1.12017,0,Normal
20.398,0.446,9.099,24.5,74.57,212.01,0.15164,0,Normal
24.0,3.141,75.392,33.89,86.12,1100.0,1.25653,0,Normal
21.799,1.649,35.938,24.6,95.0,679.22,0.59897,0,Normal
19.755,1.43,28.25,28.18,62.51,398.34,0.47084,0,Normal
19.511,0.989,19.297,29.11,46.06,277.51,0.32162,0,Normal
21.133,1.606,33.948,15.58,66.15,597.05,0.56579,0,Normal
24.0,2.425,58.197,18.7,53.21,908.06,0.96996,0,Normal
20.261,1.74,35.253,31.35,74.67,614.29,0.58756,0,Normal
24.0,2.749,65.986,23.84,34.65,1073.12,1.09977,0,Normal
19.604,0.31,6.082,36.4,95.0,243.67,0.10136,0,Normal
21.85,1.699,37.114,35.77,73.41,646.62,0.61857,0,Normal
19.068,0.803,15.305,34.03,27.69,299.33,0.25508,0,Normal
22.555,2.069,46.671,41.74,45.24,751.82,0.77785,0,Normal
22.684,2.392,54.256,28.42,72.69,898.33,0.90426,0,Normal
20.964,1.7,35.646,33.54,79.17,532.19,0.5941,0,Normal
18.579,0.05,0.929,24.91,35.1,20.0,0.01548,0,Normal
22.029,1.708,37.633,46.17,70.83,705.71,0.62722,0,Normal
21.714,2.192,47.597,42.89,22.95,772.29,0.79328,0,Normal
23.315,1.915,44.644,29.08,56.39,763.2,0.74406,0,Normal
23.869,2.545,60.741,31.71,78.02,996.02,1.01235,0,Normal
20.283,0.983,19.93,38.52,48.07,350.1,0.33217,0,Normal
24.0,4.061,97.455,27.97,30.88,41.08,1.62426,1,Sensor Anomaly
24.0,2.733,65.602,24.4,60.63,983.9,1.09337,0,Normal
19.443,0.293,5.7,35.12,47.12,152.0,0.095,0,Normal
22.458,1.901,42.701,29.55,69.33,739.5,0.71169,0,Normal
21.477,1.035,22.229,30.28,42.06,508.83,0.37048,0,Normal
21.959,1.786,39.219,23.16,44.09,627.17,0.65365,0,Normal
21.838,1.893,41.346,16.98,21.62,747.35,0.68909,0,Normal
21.152,1.396,29.518,30.65,61.06,513.58,0.49197,0,Normal
20.686,1.178,24.369,35.33,55.1,460.8,0.40616,0,Normal
22.306,3.293,73.455,27.42,36.61,61.31,1.22426,1,Sensor Anomaly
19.632,0.92,18.067,39.06,61.49,345.57,0.30112,0,Normal
19.566,1.005,19.662,24.07,76.49,345.97,0.3277,0,Normal
23.585,2.234,52.68,21.62,54.12,840.22,0.878,0,Normal
18.963,0.317,6.017,28.53,62.83,328.34,0.10028,1,Low Current
23.955,1.998,47.858,28.42,62.92,836.57,0.79764,0,Normal
22.28,2.111,47.037,34.39,36.32,779.53,0.78395,0,Normal
19.208,0.618,11.88,23.58,95.0,166.77,0.198,0,Normal
20.813,1.348,28.064,38.58,49.52,460.28,0.46773,0,Normal
23.875,2.507,59.862,49.96,69.81,984.35,0.99769,1,Over Temperature
11.741,0.899,10.56,28.73,71.85,375.27,0.176,1,Low Voltage
21.378,1.247,26.655,37.75,55.49,519.97,0.44425,0,Normal
22.973,2.301,52.867,21.6,68.92,779.38,0.88112,0,Normal
22.483,2.259,50.788,36.53,62.42,869.35,0.84646,0,Normal
20.669,1.641,33.921,36.33,32.48,579.57,0.56535,0,Normal
20.411,1.379,28.142,35.04,52.02,482.7,0.46904,0,Normal
23.283,3.344,77.866,28.89,46.97,1048.26,1.29777,0,Normal
24.0,3.183,76.382,15.0,49.69,1100.0,1.27303,0,Normal
24.0,2.443,58.64,24.51,34.53,924.08,0.97733,0,Normal
22.369,1.625,36.353,24.62,78.28,673.89,0.60588,0,Normal
20.457,1.142,23.356,22.15,86.84,423.69,0.38927,0,Normal
20.245,1.139,23.059,29.86,75.6,417.48,0.38432,0,Normal
23.282,1.828,42.563,26.07,80.87,796.3,0.70938,0,Normal
23.878,2.025,48.358,23.23,51.8,767.15,0.80597,0,Normal
23.941,2.987,71.518,21.59,46.55,1042.45,1.19197,0,Normal
22.236,2.238,49.756,23.99,43.99,832.13,0.82926,0,Normal
20.162,0.805,16.221,36.85,69.59,229.14,0.27035,0,Normal
22.432,2.367,53.09,24.37,62.09,944.55,0.88483,0,Normal
19.507,1.159,22.604,25.4,56.61,370.54,0.37673,0,Normal
21.062,1.682,35.419,25.8,81.31,542.49,0.59031,0,Normal
21.069,2.169,45.699,31.37,65.29,720.06,0.76165,0,Normal
24.0,2.765,66.358,32.19,42.9,1100.0,1.10596,0,Normal
24.0,3.183,76.388,15.0,45.74,1100.0,1.27313,0,Normal
22.238,2.137,47.521,36.15,70.28,819.88,0.79201,0,Normal
22.137,1.388,30.724,39.05,76.75,598.7,0.51207,0,Normal
23.896,2.176,51.994,21.65,67.93,799.66,0.86656,0,Normal
23.382,2.364,55.267,22.19,92.14,898.54,0.92111,0,Normal
21.025,1.732,36.422,25.85,87.43,560.21,0.60703,0,Normal
24.0,3.178,76.28,23.71,65.94,1100.0,1.27133,0,Normal
22.652,1.776,40.235,30.57,42.91,714.42,0.67059,0,Normal
23.156,2.112,48.901,15.37,34.42,789.37,0.81502,0,Normal
24.0,2.287,54.888,21.17,51.03,836.46,0.9148,0,Normal
22.45,2.09,46.917,39.77,71.56,768.04,0.78195,0,Normal
23.018,2.668,61.415,22.5,90.88,884.9,1.02359,0,Normal
20.602,1.435,29.562,37.7,65.51,477.17,0.4927,0,Normal
21.527,1.378,29.666,31.49,79.04,493.68,0.49443,0,Normal
18.874,0.923,17.421,16.34,53.58,341.96,0.29034,0,Normal
22.226,1.818,40.405,33.45,69.21,773.06,0.67341,0,Normal
24.0,2.652,63.64,28.18,72.82,868.1,1.06067,0,Normal
22.29,2.096,46.716,25.81,22.37,778.18,0.77859,0,Normal
24.0,3.333,80.003,30.71,50.56,1100.0,1.33339,0,Normal
22.698,1.831,41.559,32.32,75.09,648.43,0.69265,0,Normal
22.754,2.677,60.92,33.95,62.94,837.25,1.01534,0,Normal
19.362,1.056,20.437,37.25,36.46,344.32,0.34062,0,Normal
20.877,1.243,25.953,31.86,20.0,541.61,0.43256,0,Normal
24.0,2.275,54.592,19.37,51.42,844.75,0.90987,0,Normal
24.0,2.453,58.865,25.68,56.71,887.75,0.98108,0,Normal
20.919,1.377,28.814,48.0,42.09,567.69,0.48023,0,Normal
21.127,1.672,35.325,34.07,60.58,629.95,0.58874,0,Normal
9.476,0.364,3.454,45.59,67.11,225.0,0.05757,1,Low Voltage
21.127,1.509,31.887,38.77,70.07,550.03,0.53145,0,Normal
22.383,2.539,56.837,30.69,20.0,899.31,0.94729,0,Normal
22.77,2.069,47.12,31.11,34.34,811.06,0.78533,0,Normal
23.573,2.549,60.096,28.74,52.52,790.19,1.0016,0,Normal
20.928,1.893,39.622,16.84,68.3,663.94,0.66036,0,Normal
22.387,1.667,37.325,53.9,66.81,651.98,0.62208,1,Over Temperature
21.441,0.985,21.111,37.47,66.49,465.11,0.35186,0,Normal
22.687,2.379,53.98,24.8,51.1,845.67,0.89966,0,Normal
23.621,2.081,49.154,31.88,52.1,767.87,0.81924,0,Normal
21.994,2.314,50.889,34.96,44.89,787.77,0.84815,0,Normal
21.384,1.387,29.655,22.63,71.83,502.71,0.49425,0,Normal
18.047,0.05,0.902,25.84,41.43,47.06,0.01504,0,Normal
23.606,2.993,70.665,54.74,73.3,957.2,1.17775,1,Over Temperature
20.707,1.527,31.616,23.24,61.74,515.93,0.52693,0,Normal
21.065,1.106,23.307,19.99,57.19,408.42,0.38845,0,Normal
23.717,2.401,56.956,22.7,46.18,844.17,0.94926,0,Normal
20.848,1.566,32.656,38.94,33.6,540.24,0.54426,0,Normal
22.789,2.403,54.77,22.59,46.34,946.78,0.91284,0,Normal
23.097,4.211,97.262,29.89,52.06,19.37,1.62103,1,Sensor Anomaly
23.332,2.273,53.038,25.48,20.0,841.4,0.88396,0,Normal
19.147,0.827,15.828,37.25,54.45,267.53,0.2638,0,Normal
24.0,2.582,61.972,38.18,74.64,989.34,1.03287,0,Normal
20.993,1.885,39.581,35.05,68.21,723.15,0.65969,0,Normal
19.574,1.816,35.54,31.14,49.07,546.6,0.59234,0,Normal
21.57,2.147,46.312,27.38,58.84,690.15,0.77186,0,Normal
19.522,0.05,0.976,20.66,47.99,152.65,0.01627,0,Normal
21.407,2.292,49.067,42.6,60.68,764.42,0.81779,0,Normal
19.517,1.002,19.55,23.68,85.72,361.78,0.32584,0,Normal
20.077,0.622,12.492,33.65,75.43,271.25,0.20819,0,Normal
19.381,0.434,8.42,36.42,67.37,223.74,0.14033,0,Normal
24.0,2.521,60.505,25.11,49.13,961.55,1.00842,0,Normal
21.108,1.182,24.947,36.27,71.5,473.81,0.41578,0,Normal
23.945,2.777,66.5,34.35,27.64,1079.44,1.10834,0,Normal
20.332,1.122,22.819,41.1,53.46,499.98,0.38031,0,Normal
19.581,0.294,5.75,25.71,68.51,171.94,0.09583,0,Normal
19.208,1.01,19.399,20.0,71.33,337.37,0.32331,0,Normal
22.465,2.796,62.81,25.46,70.06,996.03,1.04684,0,Normal
21.198,1.784,37.816,30.46,63.31,606.35,0.63027,0,Normal
21.52,1.369,29.461,29.41,54.48,496.48,0.49102,0,Normal
22.317,1.707,38.086,26.25,67.68,694.81,0.63476,0,Normal
23.577,2.333,55.017,15.64,40.85,790.5,0.91695,0,Normal
22.183,2.486,55.142,32.29,42.8,962.87,0.91903,0,Normal
24.0,2.993,71.834,42.81,59.11,1055.58,1.19723,0,Normal
21.572,1.311,28.289,32.25,61.12,549.26,0.47148,0,Normal
18.52,0.647,11.982,33.26,25.14,278.71,0.1997,0,Normal
21.609,1.413,30.529,33.01,66.19,534.23,0.50882,0,Normal
22.09,2.125,46.938,31.78,71.91,722.88,0.7823,0,Normal
22.168,1.079,23.926,35.52,56.61,380.15,0.39876,0,Normal
12.851,1.062,13.652,31.77,95.0,382.0,0.22754,1,Low Voltage
14.495,2.423,35.126,26.81,45.71,746.26,0.58543,1,Low Voltage
21.582,1.455,31.41,23.43,51.5,636.38,0.5235,0,Normal
20.767,1.653,34.318,27.26,50.89,659.18,0.57197,0,Normal
20.102,1.019,20.49,31.2,56.63,437.62,0.34151,0,Normal
21.662,1.316,28.513,26.79,52.08,585.49,0.47522,0,Normal
20.919,0.185,3.869,31.2,32.68,391.21,0.06448,1,Low Current
24.0,2.615,62.76,32.07,48.16,899.26,1.046,0,Normal
24.0,2.486,59.672,34.83,56.24,939.87,0.99453,0,Normal
17.798,0.305,5.435,37.98,80.11,133.07,0.09059,0,Normal
21.016,0.774,16.261,48.08,95.0,389.74,0.27102,1,Over Temperature
19.789,0.508,10.059,19.85,82.04,230.97,0.16766,0,Normal
20.31,1.224,24.863,26.58,44.04,467.99,0.41438,0,Normal
21.504,1.859,39.973,29.31,45.48,626.64,0.66621,0,Normal
19.189,0.391,7.504,16.15,55.13,244.1,0.12507,0,Normal
20.034,1.75,35.068,38.72,90.12,79.37,0.58447,1,Sensor Anomaly
19.578,1.221,23.9,30.0,55.02,368.89,0.39833,0,Normal
21.362,1.883,40.215,31.67,34.1,708.03,0.67025,0,Normal
22.013,1.455,32.039,38.56,48.98,669.42,0.53398,0,Normal
21.138,1.485,31.394,24.59,71.63,447.91,0.52323,0,Normal
21.865,2.067,45.203,33.02,70.42,699.51,0.75339,0,Normal
21.858,1.541,33.687,28.23,54.4,496.93,0.56145,0,Normal
21.194,1.287,27.268,27.71,70.3,573.94,0.45446,0,Normal
24.0,3.359,80.61,23.59,20.0,1100.0,1.34349,0,Normal
24.0,2.664,63.943,40.66,59.87,1025.33,1.06572,0,Normal
19.59,0.708,13.865,26.37,73.49,286.12,0.23109,0,Normal
23.131,2.311,53.457,33.9,43.01,882.33,0.89094,0,Normal
21.727,2.66,57.798,15.87,42.95,877.19,0.9633,0,Normal
19.676,0.87,17.128,37.26,24.4,328.49,0.28546,0,Normal
21.712,2.507,54.426,36.37,86.62,879.26,0.90709,0,Normal
23.512,3.018,70.963,29.68,45.04,1080.62,1.18271,0,Normal
19.019,0.919,17.487,27.41,62.34,335.69,0.29144,0,Normal
19.459,0.919,17.883,31.8,68.87,393.1,0.29805,0,Normal
22.725,2.865,65.116,45.02,85.22,934.95,1.08527,0,Normal
22.224,1.795,39.89,16.66,55.23,726.02,0.66483,0,Normal
23.055,2.295,52.9,34.47,48.29,804.41,0.88167,0,Normal
22.687,2.162,49.056,22.62,61.12,745.36,0.81761,0,Normal
21.129,2.322,49.057,28.86,81.11,759.39,0.81762,0,Normal
19.673,1.027,20.209,27.26,54.94,278.59,0.33682,0,Normal
23.857,2.612,62.325,26.0,40.81,943.25,1.03874,0,Normal
23.537,2.816,66.287,28.93,30.27,977.49,1.10478,0,Normal
21.57,1.968,42.44,21.06,36.02,585.77,0.70734,0,Normal
21.68,1.744,37.814,36.2,73.56,637.83,0.63023,0,Normal
20.077,0.436,8.746,16.44,52.23,221.29,0.14576,0,Normal
21.467,2.128,45.683,32.78,47.06,793.99,0.76138,0,Normal
22.647,2.028,45.924,26.71,45.11,810.18,0.76541,0,Normal
22.956,1.849,42.453,20.8,59.53,632.59,0.70756,0,Normal
24.0,2.871,68.907,30.42,53.69,964.82,1.14846,0,Normal
22.107,1.552,34.319,18.1,53.08,556.46,0.57199,0,Normal
23.117,1.956,45.226,29.28,82.29,808.09,0.75376,0,Normal
21.494,1.214,26.085,19.04,85.68,364.49,0.43476,0,Normal
23.022,1.462,33.665,32.23,29.02,643.41,0.56108,0,Normal
21.578,1.411,30.453,22.53,63.9,601.18,0.50755,0,Normal
21.579,1.962,42.338,25.84,44.02,713.09,0.70563,0,Normal
20.939,1.562,32.7,31.06,53.53,546.53,0.545,0,Normal
23.882,1.797,42.905,23.59,63.57,613.19,0.71509,0,Normal
22.099,2.442,53.976,28.59,54.17,881.29,0.8996,0,Normal
21.002,1.809,37.992,18.4,62.15,527.71,0.63321,0,Normal
18.002,0.565,10.173,33.42,70.11,200.16,0.16955,0,Normal
24.0,3.191,76.576,41.35,63.3,1100.0,1.27627,0,Normal
22.804,0.689,15.72,48.0,46.36,1036.81,0.262,1,Low Current
19.537,0.569,11.107,29.64,46.67,288.17,0.18512,0,Normal
21.456,2.296,49.273,34.52,32.09,843.12,0.82121,0,Normal
21.699,1.826,39.622,16.54,42.63,509.17,0.66036,0,Normal
22.835,1.892,43.197,39.52,93.32,723.78,0.71994,0,Normal
21.89,1.9,41.595,34.43,43.74,732.38,0.69325,0,Normal
21.396,1.665,35.634,25.61,36.52,584.37,0.5939,0,Normal
20.152,1.098,22.133,37.66,63.76,430.55,0.36889,0,Normal
20.811,1.131,23.548,27.22,56.01,456.65,0.39246,0,Normal
20.314,1.013,20.586,25.79,54.48,393.47,0.34311,0,Normal
20.857,1.413,29.466,45.02,83.36,417.09,0.49111,1,Over Temperature
22.736,1.752,39.831,21.56,67.88,631.19,0.66385,0,Normal
19.849,0.999,19.824,36.15,48.46,449.59,0.3304,0,Normal
22.914,2.095,47.996,21.61,50.36,840.97,0.79993,0,Normal
24.0,3.398,81.558,21.65,48.95,1066.43,1.35929,0,Normal
12.67,1.33,16.85,22.63,73.75,487.59,0.28084,1,Low Voltage
20.69,2.058,42.577,34.32,52.45,717.03,0.70961,0,Normal
22.906,2.074,47.506,24.68,25.72,789.91,0.79176,0,Normal
23.176,2.266,52.51,19.56,57.13,782.16,0.87517,0,Normal
21.528,2.143,46.132,24.76,30.33,671.27,0.76887,0,Normal
22.648,2.271,51.44,28.78,95.0,857.95,0.85733,0,Normal
22.285,2.295,51.137,20.73,40.62,785.03,0.85228,0,Normal
11.435,0.602,6.882,20.94,55.09,303.45,0.1147,1,Low Voltage
23.376,2.795,65.338,43.78,62.65,893.36,1.08897,0,Normal
22.615,2.572,58.157,22.98,52.8,898.44,0.96928,0,Normal
20.388,1.144,23.326,26.74,52.78,436.28,0.38877,0,Normal
21.294,1.792,38.163,26.43,65.59,660.62,0.63605,0,Normal
22.003,0.779,17.137,26.05,85.47,841.33,0.28562,1,Low Current
21.949,1.553,34.077,33.35,71.82,591.39,0.56794,0,Normal
23.073,3.271,75.464,35.64,84.61,39.81,1.25773,1,Sensor Anomaly
24.0,3.054,73.291,26.86,39.16,1100.0,1.22151,0,Normal
9.736,1.187,11.557,20.34,63.71,429.92,0.19262,1,Low Voltage
18.737,0.811,15.195,37.92,60.79,263.31,0.25325,0,Normal
22.856,1.954,44.655,28.33,64.32,735.07,0.74426,0,Normal
24.0,2.189,52.542,41.11,82.77,852.04,0.8757,0,Normal
20.379,1.662,33.873,15.0,54.03,585.36,0.56456,0,Normal
24.0,2.645,63.487,30.37,50.7,1056.91,1.05812,0,Normal
19.504,0.776,15.139,42.43,67.61,275.19,0.25232,0,Normal
22.595,2.023,45.702,26.53,25.99,844.02,0.76171,0,Normal
21.416,1.542,33.021,27.42,53.74,480.36,0.55035,0,Normal
23.842,3.175,75.7,31.07,55.58,1100.0,1.26167,0,Normal
24.0,2.913,69.909,25.09,41.43,1100.0,1.16515,0,Normal
20.201,1.335,26.961,26.82,77.03,435.34,0.44935,0,Normal
21.789,1.406,30.632,26.64,38.88,496.12,0.51053,0,Normal
22.88,2.314,52.94,24.61,55.55,890.68,0.88233,0,Normal
20.688,1.124,23.248,37.6,63.28,541.6,0.38746,0,Normal
22.305,1.822,40.64,32.23,82.36,637.28,0.67733,0,Normal
21.079,1.681,35.435,30.75,57.81,657.11,0.59059,0,Normal
18.482,0.508,9.38,34.66,74.85,112.49,0.15633,0,Normal
20.547,1.806,37.105,27.15,70.61,646.13,0.61842,0,Normal
20.015,1.156,23.139,23.58,60.22,456.88,0.38564,0,Normal
21.345,1.757,37.512,24.78,38.39,511.93,0.62521,0,Normal
23.532,3.038,71.484,29.01,32.18,1054.22,1.1914,0,Normal
19.493,0.181,3.533,21.59,59.92,298.18,0.05889,0,Normal
23.599,2.368,55.886,25.5,48.23,877.7,0.93143,0,Normal
21.016,0.246,5.162,25.39,74.55,571.89,0.08603,1,Low Current
21.534,1.411,30.393,43.87,71.43,571.67,0.50655,0,Normal
23.629,2.45,57.895,15.0,54.68,871.3,0.96492,0,Normal
22.708,2.142,48.634,27.74,37.16,745.21,0.81057,0,Normal
23.325,2.26,52.709,41.08,67.19,809.77,0.87848,0,Normal
23.629,2.754,65.082,29.85,39.68,921.09,1.08469,0,Normal
22.189,1.653,36.681,34.27,44.35,557.23,0.61135,0,Normal
21.392,1.434,30.676,29.7,40.37,478.57,0.51127,0,Normal
19.727,1.006,19.855,24.33,55.51,346.16,0.33092,0,Normal
21.669,1.422,30.815,15.0,79.06,418.89,0.51358,0,Normal
24.0,2.998,71.951,30.44,57.91,1100.0,1.19918,0,Normal
23.751,2.75,65.304,23.57,50.02,998.51,1.08839,0,Normal
19.865,0.42,8.335,23.4,30.54,271.7,0.13892,0,Normal
20.444,0.973,19.886,25.51,67.94,279.71,0.33144,0,Normal
22.623,2.13,48.197,41.21,43.95,784.92,0.80329,0,Normal
23.574,2.707,63.811,45.83,60.12,803.23,1.06352,0,Normal
11.241,2.159,24.266,30.52,51.62,803.69,0.40443,1,Low Voltage
21.819,1.634,35.658,25.75,73.09,578.61,0.5943,0,Normal
21.077,1.831,38.591,20.76,55.17,614.87,0.64319,0,Normal
22.143,1.856,41.098,32.28,56.94,741.81,0.68497,0,Normal
21.682,1.905,41.31,41.48,66.74,674.05,0.6885,0,Normal
18.603,0.086,1.6,27.27,95.0,28.6,0.02667,0,Normal
22.21,1.61,35.753,15.0,73.99,585.66,0.59589,0,Normal
12.821,1.349,17.29,33.69,56.41,411.61,0.28816,1,Low Voltage
22.006,1.763,38.79,54.45,58.06,699.06,0.6465,1,Over Temperature
14.632,3.162,46.27,17.9,48.55,1100.0,0.77116,1,Low Voltage
21.785,2.353,51.27,30.24,40.9,752.89,0.8545,0,Normal
22.381,1.43,32.007,32.16,48.05,562.21,0.53345,0,Normal
21.928,2.476,54.294,28.49,44.1,908.1,0.90489,0,Normal
23.768,2.626,62.407,23.46,69.76,785.15,1.04011,0,Normal
22.296,2.199,49.028,52.75,38.72,767.63,0.81713,1,Over Temperature
23.592,2.201,51.916,26.18,82.0,819.92,0.86527,0,Normal
24.0,3.254,78.097,18.6,71.54,1100.0,1.30161,0,Normal
20.492,0.845,17.319,15.0,58.37,333.35,0.28864,0,Normal
10.593,1.867,19.782,37.83,58.01,782.62,0.3297,1,Low Voltage
20.702,0.411,8.504,33.32,47.97,390.61,0.14173,1,Low Current
22.488,2.041,45.905,29.62,62.86,805.54,0.76509,0,Normal
21.058,1.54,32.42,25.92,77.59,392.77,0.54033,0,Normal
20.432,1.404,28.688,25.3,45.34,533.14,0.47813,0,Normal
21.489,1.981,42.57,21.47,30.4,567.37,0.70951,0,Normal
24.0,2.335,56.037,25.98,70.66,923.23,0.93395,0,Normal
24.0,2.763,66.306,15.0,63.84,907.17,1.1051,0,Normal
20.159,0.935,18.844,23.85,37.84,301.2,0.31406,0,Normal
21.671,2.009,43.533,26.82,44.8,665.38,0.72554,0,Normal
21.129,1.422,30.051,33.27,42.54,451.32,0.50085,0,Normal
19.224,0.739,14.208,28.72,44.96,297.62,0.23681,0,Normal
22.522,2.539,57.192,34.56,52.17,21.1,0.95319,1,Sensor Anomaly
20.986,1.537,32.259,38.44,53.2,563.62,0.53766,0,Normal
23.237,3.067,71.278,36.41,46.29,1100.0,1.18797,0,Normal
21.609,2.051,44.317,32.29,44.35,771.23,0.73862,0,Normal
19.514,0.785,15.326,29.08,53.88,264.27,0.25543,0,Normal
21.121,1.442,30.466,22.13,61.02,491.86,0.50777,0,Normal
24.0,2.421,58.101,34.18,52.31,935.99,0.96835,0,Normal
23.479,3.078,72.276,40.76,78.86,1100.0,1.20459,0,Normal
19.103,0.523,9.99,31.39,67.15,205.92,0.1665,0,Normal
17.565,0.211,3.708,42.42,29.36,123.62,0.0618,0,Normal
24.0,3.253,78.062,18.32,67.43,1100.0,1.30103,0,Normal
23.835,1.999,47.637,20.92,68.9,759.09,0.79396,0,Normal
19.396,1.04,20.172,34.99,50.17,406.88,0.3362,0,Normal
23.063,2.232,51.487,30.85,31.09,799.7,0.85812,0,Normal
18.065,0.302,5.461,38.2,58.15,20.0,0.09101,0,Normal
21.791,1.847,40.242,28.89,57.86,650.95,0.67071,0,Normal
22.866,2.179,49.816,22.92,37.81,741.79,0.83026,0,Normal
22.578,2.481,56.027,27.5,31.88,908.8,0.93379,0,Normal
21.524,1.021,21.983,18.27,56.42,366.11,0.36639,0,Normal
23.489,1.889,44.38,21.1,53.8,673.99,0.73967,0,Normal
20.108,1.13,22.712,35.81,50.49,390.88,0.37854,0,Normal
23.772,1.936,46.031,35.11,56.5,721.51,0.76718,0,Normal
19.953,1.348,26.902,31.54,38.15,399.3,0.44837,0,Normal
21.696,1.451,31.48,16.95,50.17,535.73,0.52467,0,Normal
21.192,0.73,15.463,26.49,67.6,371.17,0.25771,0,Normal
22.787,2.84,64.719,20.43,51.7,832.32,1.07865,0,Normal
22.069,2.388,52.709,37.24,27.9,890.37,0.87848,0,Normal
20.38,1.873,38.164,24.91,49.49,584.31,0.63607,0,Normal
23.497,2.113,49.645,21.4,38.74,660.71,0.82741,0,Normal
12.615,0.85,10.725,29.21,62.81,244.39,0.17874,1,Low Voltage
21.279,1.551,32.994,24.52,63.74,566.09,0.54989,0,Normal
20.677,1.794,37.091,39.39,28.14,635.94,0.61818,0,Normal
24.0,2.856,68.541,23.86,71.66,1100.0,1.14235,0,Normal
19.63,1.315,25.807,19.21,37.98,338.65,0.43011,0,Normal
24.0,2.859,68.619,15.0,86.07,1059.97,1.14364,0,Normal
23.69,2.541,60.197,28.78,57.12,929.12,1.00329,0,Normal
21.625,2.058,44.496,25.07,35.56,728.58,0.7416,0,Normal
24.0,5.43,130.316,19.0,37.44,51.59,2.17193,1,Sensor Anomaly
23.199,1.954,45.341,37.32,64.27,754.19,0.75568,0,Normal
22.637,2.348,53.161,33.67,50.96,758.96,0.88602,0,Normal
21.807,1.939,42.29,28.8,56.26,635.13,0.70483,0,Normal
23.767,5.63,133.808,38.55,87.03,48.79,2.23014,1,Sensor Anomaly
23.254,2.573,59.832,33.64,45.41,957.01,0.99719,0,Normal
22.29,1.525,33.982,23.24,59.08,474.81,0.56637,0,Normal
19.197,0.706,13.552,21.73,83.56,280.61,0.22587,0,Normal
21.463,1.919,41.195,34.73,62.87,593.17,0.68658,0,Normal
20.467,1.201,24.574,31.77,29.08,425.99,0.40957,0,Normal
22.37,1.978,44.242,30.19,67.1,632.21,0.73737,0,Normal
24.0,2.778,66.665,45.71,37.07,996.48,1.11109,1,Over Temperature
20.903,1.456,30.44,33.26,83.32,521.96,0.50733,0,Normal
22.064,2.01,44.358,23.71,43.19,638.01,0.7393,0,Normal
22.145,4.374,96.867,28.29,95.0,71.17,1.61445,1,Sensor Anomaly
12.618,2.713,34.236,39.13,84.41,887.56,0.5706,1,Low Voltage
17.029,0.216,3.685,24.37,43.66,20.87,0.06141,0,Normal
20.632,1.465,30.217,17.99,58.36,480.12,0.50362,0,Normal
21.946,1.904,41.795,21.63,71.57,709.16,0.69658,0,Normal
22.803,2.769,63.132,35.96,72.11,986.02,1.05219,0,Normal
21.454,1.258,26.979,30.78,65.96,512.27,0.44965,0,Normal
18.671,0.415,7.745,28.1,80.54,124.57,0.12908,0,Normal
22.78,2.384,54.297,25.44,55.79,823.52,0.90495,0,Normal
19.768,0.954,18.864,32.4,51.4,472.1,0.3144,0,Normal
19.919,0.897,17.864,23.06,51.76,316.89,0.29774,0,Normal
18.859,1.393,26.269,31.14,73.45,475.18,0.43782,0,Normal
21.504,1.663,35.763,23.88,64.57,598.33,0.59604,0,Normal
20.985,1.415,29.693,22.72,63.24,480.67,0.49488,0,Normal
18.376,0.05,0.919,24.54,72.31,32.44,0.01531,0,Normal
22.278,2.378,52.987,26.37,21.08,901.18,0.88311,0,Normal
24.0,2.99,71.768,28.66,63.58,1006.97,1.19613,0,Normal
22.124,2.311,51.133,30.65,61.93,832.43,0.85221,0,Normal
19.67,1.003,19.732,15.0,88.04,331.45,0.32887,0,Normal
22.105,1.568,34.656,23.35,30.49,593.58,0.57761,0,Normal
23.267,1.815,42.23,26.26,86.03,648.17,0.70383,0,Normal
22.579,1.825,41.21,39.54,59.36,817.66,0.68683,0,Normal
22.54,2.509,56.547,21.44,66.8,837.14,0.94246,0,Normal
20.67,1.56,32.25,30.14,88.17,444.43,0.53751,0,Normal
22.333,1.652,36.888,39.47,68.09,672.96,0.6148,0,Normal
23.233,2.026,47.074,50.19,65.21,778.04,0.78457,1,Over Temperature
24.0,3.011,72.257,31.76,62.36,1057.63,1.20428,0,Normal
22.623,2.643,59.802,23.38,49.3,847.26,0.9967,0,Normal
23.39,2.437,56.992,25.47,57.49,870.94,0.94986,0,Normal
23.166,1.669,38.664,23.38,45.12,673.47,0.6444,0,Normal
24.0,2.893,69.436,23.88,57.2,1044.93,1.15727,0,Normal
20.648,1.882,38.86,48.0,20.0,764.73,0.64767,0,Normal
20.203,1.007,20.355,34.91,65.72,408.9,0.33924,0,Normal
24.0,2.814,67.541,36.71,55.81,1042.94,1.12568,0,Normal
24.0,2.173,52.163,32.44,51.95,845.41,0.86938,0,Normal
21.829,1.349,29.44,17.76,61.96,525.95,0.49066,0,Normal
20.668,1.443,29.82,31.76,32.2,515.74,0.49701,0,Normal
21.404,2.056,44.002,36.51,92.73,733.04,0.73337,0,Normal
24.0,1.933,46.399,23.03,56.15,779.69,0.77331,0,Normal
22.473,2.014,45.264,35.76,55.37,705.24,0.75439,0,Normal
21.606,1.968,42.514,33.93,40.62,737.17,0.70856,0,Normal
24.0,3.131,75.151,41.96,58.43,1100.0,1.25251,0,Normal
23.89,2.796,66.805,26.08,82.97,950.03,1.11341,0,Normal
22.693,1.882,42.716,21.32,76.65,703.38,0.71193,0,Normal
22.815,2.663,60.754,26.47,73.38,913.57,1.01257,0,Normal
19.384,0.839,16.255,39.05,67.84,360.89,0.27091,0,Normal
11.848,2.398,28.416,16.2,51.55,761.42,0.47359,1,Low Voltage
24.0,2.982,71.577,15.0,31.9,1100.0,1.19294,0,Normal
21.179,1.701,36.028,29.63,54.38,588.95,0.60046,0,Normal
20.78,1.12,23.276,25.9,53.75,412.66,0.38793,0,Normal
21.699,2.072,44.957,29.05,76.88,23.64,0.74928,1,Sensor Anomaly
19.958,1.113,22.203,35.62,63.57,344.9,0.37006,0,Normal
20.499,1.094,22.425,25.13,87.02,430.27,0.37376,0,Normal
21.641,1.244,26.93,15.89,79.55,546.26,0.44884,0,Normal
19.125,0.18,3.434,43.31,49.78,256.44,0.05723,0,Normal
22.873,1.683,38.494,22.02,25.69,654.37,0.64156,0,Normal
23.719,0.519,12.31,21.59,82.94,902.64,0.20516,1,Low Current
19.701,1.315,25.911,36.73,82.47,395.83,0.43185,0,Normal
12.27,2.876,35.288,26.31,33.41,1075.4,0.58814,1,Low Voltage
23.531,2.141,50.384,28.56,85.17,793.02,0.83973,0,Normal
22.51,2.515,56.617,32.38,64.88,938.56,0.94362,0,Normal
21.578,1.042,22.475,36.59,60.89,465.81,0.37459,0,Normal
23.549,2.313,54.468,26.67,87.07,889.27,0.9078,0,Normal
19.898,1.119,22.273,39.64,82.2,344.26,0.37122,0,Normal
24.0,2.646,63.514,15.0,69.72,899.27,1.05857,0,Normal
21.559,1.977,42.612,34.32,66.52,698.12,0.7102,0,Normal
23.544,2.02,47.554,23.12,69.1,804.91,0.79257,0,Normal
19.321,0.898,17.353,38.61,50.8,320.83,0.28921,0,Normal
19.239,0.695,13.375,29.99,57.01,399.38,0.22291,0,Normal
22.223,2.442,54.276,24.29,41.76,817.22,0.9046,0,Normal
20.488,1.109,22.723,33.64,52.01,384.46,0.37871,0,Normal
21.76,1.907,41.506,35.25,51.4,779.7,0.69177,0,Normal
20.518,1.03,21.125,33.49,46.56,267.2,0.35208,0,Normal
24.0,2.174,52.167,21.79,60.46,887.49,0.86945,0,Normal
20.747,0.948,19.676,25.61,52.17,304.89,0.32794,0,Normal
10.37,2.34,24.26,28.97,67.04,804.64,0.40434,1,Low Voltage
23.039,2.074,47.794,28.71,28.8,825.18,0.79656,0,Normal
19.663,1.249,24.563,34.25,55.96,454.9,0.40939,0,Normal
23.825,2.016,48.027,49.19,60.37,812.97,0.80045,1,Over Temperature
22.445,1.493,33.501,31.34,52.41,722.92,0.55835,0,Normal
21.343,1.201,25.637,26.97,54.9,499.12,0.42728,0,Normal
21.434,0.921,19.745,23.13,29.47,367.6,0.32908,0,Normal
18.209,0.398,7.243,23.8,64.42,100.46,0.12071,0,Normal
22.337,2.098,46.872,27.5,69.66,747.9,0.78119,0,Normal
19.75,1.358,26.827,15.0,66.88,73.18,0.44712,1,Sensor Anomaly
21.428,1.715,36.744,24.09,76.7,676.7,0.61239,0,Normal
21.379,1.523,32.565,22.87,61.63,576.23,0.54275,0,Normal
23.193,0.554,12.843,32.73,66.62,840.16,0.21405,1,Low Current
21.206,1.367,28.98,23.36,60.81,565.43,0.48299,0,Normal
22.2,1.449,32.169,27.49,70.38,557.75,0.53614,0,Normal
21.702,2.354,51.088,39.8,29.61,854.92,0.85147,0,Normal
22.975,1.945,44.695,35.96,41.92,743.82,0.74491,0,Normal
22.636,1.978,44.766,35.32,86.56,738.52,0.7461,0,Normal
22.278,2.311,51.491,25.5,20.0,781.39,0.85819,0,Normal
18.478,0.519,9.586,32.8,55.48,220.04,0.15976,0,Normal
21.656,2.165,46.878,27.36,79.1,861.9,0.7813,0,Normal
22.307,2.393,53.369,27.63,56.32,821.49,0.88949,0,Normal
20.753,1.06,22.003,31.87,50.71,365.33,0.36672,0,Normal
21.455,1.688,36.221,24.82,60.33,581.66,0.60369,0,Normal
22.287,1.863,41.521,39.45,51.64,638.99,0.69202,0,Normal
21.168,1.789,37.877,27.88,58.56,612.34,0.63129,0,Normal
22.748,2.061,46.881,33.33,45.7,743.48,0.78135,0,Normal
23.448,5.23,122.629,39.19,77.96,56.03,2.04382,1,Sensor Anomaly
22.761,2.392,54.442,36.22,83.62,952.89,0.90736,0,Normal
19.767,0.693,13.691,19.14,55.6,282.58,0.22819,0,Normal
22.302,2.457,54.8,32.11,33.04,824.18,0.91333,0,Normal
22.804,2.845,64.872,34.96,48.57,1022.1,1.08121,0,Normal
22.166,2.227,49.365,35.24,54.69,758.31,0.82276,0,Normal
23.902,2.721,65.04,21.21,67.1,955.47,1.08401,0,Normal
24.0,3.33,79.922,24.4,39.86,1100.0,1.33204,0,Normal
24.0,2.398,57.555,35.96,44.16,936.64,0.95925,0,Normal
23.206,2.261,52.472,23.67,67.19,719.81,0.87453,0,Normal
24.0,4.646,111.51,26.9,74.9,66.93,1.85851,1,Sensor Anomaly
22.0,1.672,36.788,40.03,46.81,690.57,0.61313,0,Normal
20.988,1.942,40.762,28.67,34.0,656.69,0.67937,0,Normal
21.442,1.539,33.004,23.91,95.0,551.6,0.55007,0,Normal
24.0,2.946,70.712,22.86,72.1,1087.76,1.17853,0,Normal
14.05,0.827,11.622,31.33,53.19,420.84,0.19371,1,Low Voltage
24.0,2.864,68.726,19.67,73.64,1079.06,1.14544,0,Normal
23.551,2.332,54.918,27.27,55.76,789.96,0.91529,0,Normal
18.668,0.863,16.103,31.33,73.61,258.19,0.26838,0,Normal
21.962,2.029,44.558,38.09,60.87,752.94,0.74264,0,Normal
18.456,0.318,5.876,33.67,59.64,61.99,0.09793,0,Normal
23.788,2.484,59.091,24.0,55.96,825.14,0.98485,0,Normal
22.979,2.496,57.349,37.25,31.95,897.86,0.95581,0,Normal
20.8,1.222,25.411,26.9,92.89,484.14,0.42351,0,Normal
22.705,2.01,45.628,20.35,41.05,684.59,0.76047,0,Normal
23.742,3.155,74.9,27.8,33.52,1100.0,1.24833,0,Normal
21.824,1.515,33.058,39.07,54.17,508.39,0.55097,0,Normal
10.78,1.138,12.267,30.16,40.69,353.51,0.20445,1,Low Voltage
22.944,2.718,62.365,29.09,57.07,1064.87,1.03942,0,Normal
24.0,2.917,70.003,40.46,70.38,1100.0,1.16671,0,Normal
23.246,1.498,34.813,18.98,75.92,651.03,0.58021,0,Normal
24.0,0.585,14.047,20.0,72.67,933.21,0.23412,1,Low Current
24.0,2.865,68.76,17.69,52.5,1025.61,1.146,0,Normal
20.516,1.303,26.736,31.61,58.89,442.1,0.4456,0,Normal
20.849,1.163,24.242,30.17,65.34,514.11,0.40403,0,Normal
22.516,2.975,66.995,39.8,26.36,994.64,1.11658,0,Normal
22.876,2.839,64.937,30.7,68.27,1100.0,1.08228,0,Normal
22.954,2.397,55.014,26.17,31.77,807.61,0.91691,0,Normal
21.24,1.145,24.313,29.01,94.73,403.65,0.40521,0,Normal
24.0,3.024,72.567,29.82,50.72,1100.0,1.20945,0,Normal
21.637,1.371,29.671,17.3,54.67,501.33,0.49452,0,Normal
21.871,1.389,30.373,47.97,44.15,556.16,0.50622,0,Normal
22.514,2.298,51.729,32.64,46.66,745.85,0.86215,0,Normal
24.0,3.016,72.379,30.47,95.0,1085.16,1.20632,0,Normal
22.554,2.23,50.296,33.31,74.93,889.11,0.83827,0,Normal
23.788,3.711,88.283,33.97,30.11,39.48,1.47139,1,Sensor Anomaly
22.972,2.196,50.456,28.02,85.08,779.72,0.84093,0,Normal
21.323,2.017,43.006,24.58,79.48,662.18,0.71677,0,Normal
21.813,2.121,46.265,33.2,52.94,806.28,0.77109,0,Normal
18.83,0.05,0.941,31.7,63.52,20.0,0.01569,0,Normal
10.114,1.596,16.139,23.33,57.73,566.95,0.26898,1,Low Voltage
23.255,2.124,49.403,38.93,93.51,717.57,0.82338,0,Normal
17.885,0.663,11.856,31.05,43.67,327.72,0.1976,0,Normal
23.317,2.185,50.944,34.11,60.63,758.17,0.84907,0,Normal
21.554,1.542,33.235,38.74,50.29,592.75,0.55391,0,Normal
24.0,3.002,72.058,29.15,32.21,1100.0,1.20097,0,Normal
24.0,3.385,81.241,31.22,95.0,1090.45,1.35402,0,Normal
22.199,1.398,31.042,34.67,36.73,519.57,0.51737,0,Normal
22.168,1.84,40.797,23.93,61.96,607.77,0.67995,0,Normal
21.034,1.88,39.541,29.38,26.67,629.29,0.65902,0,Normal
19.816,1.243,24.627,29.88,50.82,523.54,0.41044,0,Normal
22.419,1.649,36.962,22.31,65.6,704.61,0.61604,0,Normal
20.12,1.336,26.882,45.22,43.15,437.68,0.44804,0,Normal
19.083,0.747,14.25,52.06,68.56,333.43,0.2375,1,Over Temperature
23.035,2.026,46.674,19.91,53.16,824.36,0.7779,0,Normal
22.226,2.452,54.508,38.2,78.88,826.27,0.90847,0,Normal
20.33,0.99,20.125,33.99,82.51,424.79,0.33541,0,Normal
23.992,2.395,57.459,21.82,47.44,900.7,0.95765,0,Normal
21.678,1.664,36.068,33.25,59.38,473.16,0.60113,0,Normal
10.64,1.677,17.837,39.27,61.3,720.89,0.29729,1,Low Voltage
22.678,2.223,50.415,28.79,69.15,879.7,0.84025,0,Normal
21.547,1.651,35.578,47.19,58.26,640.59,0.59297,0,Normal
22.91,2.16,49.476,16.93,61.42,777.33,0.82461,0,Normal
19.878,1.235,24.559,33.86,53.62,505.4,0.40931,0,Normal
21.545,1.427,30.744,37.17,60.07,594.99,0.51241,0,Normal
22.598,1.905,43.047,35.24,81.36,592.36,0.71746,0,Normal
20.604,1.277,26.317,27.57,69.63,440.96,0.43862,0,Normal
9.437,1.782,16.815,26.97,70.62,600.5,0.28024,1,Low Voltage
19.142,0.575,11.001,32.11,71.02,216.39,0.18335,0,Normal
19.983,1.466,29.297,34.71,55.23,512.48,0.48828,0,Normal
21.821,1.745,38.075,33.22,63.74,570.23,0.63458,0,Normal
21.555,1.412,30.445,36.28,38.47,578.27,0.50741,0,Normal
21.453,1.686,36.17,21.87,80.84,582.38,0.60283,0,Normal
21.504,1.89,40.653,27.41,20.0,632.71,0.67755,0,Normal
22.621,2.482,56.156,22.42,56.43,784.24,0.93594,0,Normal
11.881,2.851,33.877,26.3,78.54,894.86,0.56462,1,Low Voltage
19.99,1.301,26.014,36.11,33.45,468.07,0.43356,0,Normal
18.788,1.075,20.205,29.76,65.2,313.1,0.33675,0,Normal
11.924,0.489,5.83,47.25,45.75,358.23,0.09716,1,Low Voltage
20.678,1.706,35.274,30.35,51.36,513.58,0.5879,0,Normal
21.315,1.403,29.91,29.42,75.03,551.46,0.49849,0,Normal
20.688,1.164,24.086,29.74,61.57,434.4,0.40143,0,Normal
19.96,0.884,17.64,24.54,21.38,287.09,0.29401,0,Normal
20.222,1.427,28.855,52.88,40.42,522.29,0.48092,1,Over Temperature
14.152,1.963,27.775,36.89,75.56,700.8,0.46291,1,Low Voltage
22.368,2.556,57.168,29.8,66.08,816.61,0.9528,0,Normal
21.279,1.317,28.026,23.45,89.47,493.92,0.4671,0,Normal
20.758,1.306,27.113,22.52,88.29,534.36,0.45188,0,Normal
20.073,1.419,28.474,25.85,51.84,390.52,0.47457,0,Normal
15.23,1.878,28.601,29.52,95.0,641.2,0.47669,1,Low Voltage
18.874,1.479,27.923,37.36,58.44,412.44,0.46538,0,Normal
22.469,2.443,54.894,19.62,40.67,810.48,0.9149,0,Normal
20.183,0.181,3.644,26.76,46.59,149.96,0.06073,0,Normal
21.139,1.643,34.725,30.01,20.0,549.3,0.57875,0,Normal
22.133,1.906,42.189,16.16,86.93,734.31,0.70315,0,Normal
23.073,1.971,45.474,23.16,86.71,701.47,0.75789,0,Normal
24.0,3.07,73.677,24.24,39.72,1100.0,1.22795,0,Normal
22.283,1.808,40.288,46.33,53.9,747.94,0.67147,1,Over Temperature
20.214,0.878,17.753,30.34,59.72,368.86,0.29588,0,Normal
10.718,2.135,22.878,27.88,40.71,623.27,0.3813,1,Low Voltage
18.201,0.47,8.559,25.11,26.41,152.65,0.14265,0,Normal
21.51,1.707,36.713,32.0,54.21,627.43,0.61188,0,Normal
19.391,1.465,28.41,41.06,52.22,416.74,0.4735,0,Normal
23.058,2.407,55.512,40.47,51.01,906.31,0.9252,0,Normal
21.461,1.392,29.883,15.54,62.01,496.13,0.49805,0,Normal
13.431,1.886,25.331,33.04,83.73,617.31,0.42218,1,Low Voltage
21.553,1.244,26.815,27.75,52.54,472.04,0.44691,0,Normal
24.0,2.922,70.131,30.09,61.07,1100.0,1.16885,0,Normal
21.68,1.16,25.14,26.21,71.08,560.05,0.419,0,Normal
24.0,2.889,69.34,29.82,67.97,1100.0,1.15566,0,Normal
23.371,2.269,53.036,30.06,46.94,877.96,0.88394,0,Normal
22.376,2.227,49.823,24.95,59.73,784.98,0.83038,0,Normal
21.857,2.006,43.853,22.73,67.86,753.25,0.73089,0,Normal
22.892,2.514,57.559,25.86,37.69,760.26,0.95932,0,Normal
17.326,0.116,2.005,30.64,80.74,110.25,0.03342,0,Normal
21.039,1.834,38.581,33.19,83.77,571.91,0.64302,0,Normal
21.283,2.485,52.889,34.97,44.99,886.64,0.88148,0,Normal
20.869,1.925,40.182,25.54,61.49,636.31,0.6697,0,Normal
18.776,0.846,15.887,30.99,69.56,256.55,0.26479,0,Normal
22.311,0.149,3.323,35.74,48.18,635.33,0.05539,1,Low Current
24.0,3.022,72.522,37.16,66.67,1100.0,1.2087,0,Normal
23.517,2.735,64.327,28.59,60.94,999.13,1.07212,0,Normal
22.245,1.561,34.723,27.45,31.58,632.64,0.57872,0,Normal
23.986,2.628,63.039,30.34,66.26,916.41,1.05065,0,Normal
21.273,1.851,39.375,48.02,38.2,547.38,0.65625,1,Over Temperature
18.002,0.05,0.9,27.64,74.91,172.92,0.015,0,Normal
19.971,0.984,19.649,34.21,45.92,391.15,0.32749,0,Normal
24.0,2.782,66.774,33.49,55.1,1087.61,1.11291,0,Normal
20.524,1.613,33.106,27.11,82.7,573.28,0.55177,0,Normal
21.61,1.557,33.648,30.52,66.93,581.85,0.56081,0,Normal
21.636,1.48,32.025,23.23,38.57,566.05,0.53374,0,Normal
24.0,3.163,75.909,33.92,39.73,1100.0,1.26515,0,Normal
24.0,3.359,80.605,28.46,47.21,1100.0,1.34342,0,Normal
24.0,3.549,85.188,27.07,65.1,1100.0,1.41979,0,Normal
21.471,1.558,33.461,46.03,64.45,605.47,0.55768,1,Over Temperature
22.449,1.713,38.456,28.56,42.82,732.77,0.64094,0,Normal
19.052,0.731,13.923,25.86,36.99,225.34,0.23205,0,Normal
23.757,3.229,76.72,33.61,63.07,1063.54,1.27866,0,Normal
20.844,1.049,21.871,26.23,54.73,323.02,0.36451,0,Normal
20.455,2.234,45.693,48.42,95.0,710.7,0.76156,1,Over Temperature
20.314,0.899,18.254,39.26,58.66,342.76,0.30424,0,Normal
20.532,1.253,25.731,22.76,90.66,485.12,0.42884,0,Normal
19.856,1.177,23.361,52.23,36.93,415.57,0.38936,1,Over Temperature
21.076,1.285,27.083,24.45,29.68,479.79,0.45139,0,Normal
19.909,1.513,30.124,48.87,37.84,499.05,0.50206,1,Over Temperature
19.957,1.527,30.478,43.02,79.4,496.48,0.50796,0,Normal
22.659,2.655,60.164,26.85,89.61,883.33,1.00273,0,Normal
19.726,1.036,20.443,48.05,43.92,340.64,0.34072,1,Over Temperature
21.513,2.014,43.324,32.79,49.71,711.75,0.72207,0,Normal
24.0,2.93,70.329,22.0,36.96,991.03,1.17215,0,Normal
22.345,1.69,37.77,23.01,25.39,64.05,0.6295,1,Sensor Anomaly
19.39,1.303,25.273,20.56,70.93,448.98,0.42122,0,Normal
21.949,1.654,36.306,22.8,62.01,585.45,0.6051,0,Normal
24.0,2.824,67.786,15.0,58.19,980.32,1.12977,0,Normal
22.411,1.933,43.327,32.81,32.8,704.35,0.72212,0,Normal
20.087,1.443,28.977,43.38,87.52,501.26,0.48296,0,Normal
22.416,2.079,46.61,30.03,48.94,785.49,0.77684,0,Normal
19.672,1.168,22.969,19.09,67.61,341.36,0.38282,0,Normal
22.763,2.441,55.569,24.5,31.82,840.78,0.92615,0,Normal
21.72,2.165,47.022,25.79,54.57,764.41,0.7837,0,Normal
21.381,1.461,31.227,21.88,63.24,563.81,0.52045,0,Normal
19.189,1.292,24.789,35.02,63.89,415.2,0.41314,0,Normal
20.028,1.146,22.947,34.67,60.78,401.73,0.38245,0,Normal
22.027,2.117,46.631,20.91,66.9,799.75,0.77719,0,Normal
23.883,2.735,65.329,34.08,37.65,994.11,1.08882,0,Normal
19.987,1.404,28.071,39.69,61.55,471.55,0.46785,0,Normal
22.441,2.222,49.864,42.32,60.05,778.35,0.83107,0,Normal
18.576,0.265,4.924,48.0,62.17,65.63,0.08207,0,Normal
22.088,1.383,30.549,22.69,59.3,486.31,0.50915,0,Normal
19.503,1.918,37.414,48.0,35.08,641.3,0.62357,0,Normal
19.75,1.327,26.21,26.52,34.28,395.29,0.43683,0,Normal
11.771,1.219,14.345,24.85,20.0,387.78,0.23909,1,Low Voltage
20.943,1.178,24.681,31.29,72.72,463.02,0.41135,0,Normal
21.237,0.403,8.561,24.93,72.9,731.81,0.14269,1,Low Current
20.728,1.558,32.298,31.79,73.18,597.55,0.5383,0,Normal
18.362,0.417,7.664,19.76,63.52,23.3,0.12774,0,Normal
18.338,0.208,3.806,27.33,20.0,56.2,0.06343,0,Normal
20.82,1.701,35.41,38.0,39.52,480.08,0.59016,0,Normal
13.684,2.145,29.358,28.6,61.07,778.15,0.4893,1,Low Voltage
18.232,0.05,0.912,29.99,60.44,20.0,0.01519,0,Normal
21.013,1.399,29.401,32.33,53.99,510.08,0.49001,0,Normal
20.75,1.365,28.326,37.19,64.64,502.65,0.47209,0,Normal
24.0,2.802,67.255,17.41,58.21,1038.73,1.12092,0,Normal
19.483,1.293,25.19,33.09,60.17,542.19,0.41984,0,Normal
23.571,2.204,51.945,27.12,46.5,757.24,0.86576,0,Normal
20.465,2.106,43.092,52.42,75.68,689.55,0.71821,1,Over Temperature
17.28,0.587,10.146,36.42,50.25,53.44,0.1691,0,Normal
23.141,2.36,54.613,20.64,34.05,865.1,0.91022,0,Normal
11.952,1.935,23.122,21.91,44.12,710.31,0.38537,1,Low Voltage
20.896,2.111,44.12,15.45,51.73,792.32,0.73534,0,Normal
24.0,3.282,78.766,25.16,75.89,1100.0,1.31276,0,Normal
18.621,0.329,6.127,38.31,57.24,66.45,0.10211,0,Normal
24.0,2.908,69.782,28.16,54.65,1100.0,1.16303,0,Normal
21.063,1.445,30.439,19.62,35.52,569.51,0.50732,0,Normal
22.157,2.215,49.075,25.6,72.14,730.45,0.81792,0,Normal
21.553,1.87,40.313,18.58,46.26,637.26,0.67189,0,Normal
21.009,1.633,34.299,21.12,56.2,531.21,0.57165,0,Normal
20.052,1.201,24.073,31.72,84.64,490.45,0.40122,0,Normal
21.937,2.977,65.304,20.78,67.16,62.21,1.08839,1,Sensor Anomaly
19.361,0.462,8.942,36.79,28.69,225.19,0.14904,0,Normal
23.166,2.52,58.368,28.5,26.15,860.16,0.9728,0,Normal
21.43,1.863,39.932,29.6,56.84,533.47,0.66554,0,Normal
20.1,0.854,17.162,27.05,36.17,333.58,0.28604,0,Normal
21.402,1.856,39.725,34.41,69.67,524.0,0.66208,0,Normal
16.096,2.915,46.921,34.48,58.76,1002.0,0.78202,1,Low Voltage
19.623,1.136,22.296,31.35,60.98,500.11,0.3716,0,Normal
21.705,2.114,45.896,32.95,45.28,750.37,0.76493,0,Normal
20.447,1.398,28.58,27.52,89.34,445.33,0.47633,0,Normal
16.006,1.949,31.202,32.8,95.0,862.22,0.52003,1,Low Voltage
22.542,2.468,55.625,26.63,52.99,841.94,0.92709,0,Normal
24.0,3.273,78.541,29.02,64.35,1100.0,1.30902,0,Normal
22.939,1.749,40.118,27.08,59.75,600.84,0.66864,0,Normal
23.134,2.33,53.908,25.8,53.33,837.22,0.89847,0,Normal
22.144,1.868,41.368,24.18,43.02,677.46,0.68947,0,Normal
24.0,2.763,66.321,54.67,38.47,1012.84,1.10535,1,Over Temperature
19.057,1.02,19.437,38.17,37.56,448.73,0.32395,0,Normal
22.867,2.236,51.138,37.2,65.29,858.6,0.85229,0,Normal
22.378,1.604,35.903,20.2,48.65,595.48,0.59838,0,Normal
21.016,1.756,36.895,38.02,20.0,632.03,0.61491,0,Normal
21.151,1.787,37.79,26.77,66.01,675.69,0.62984,0,Normal
21.989,1.836,40.382,33.21,57.31,720.63,0.67303,0,Normal
21.721,1.872,40.655,22.66,82.24,617.46,0.67759,0,Normal
21.5,2.04,43.863,29.99,64.72,710.12,0.73105,0,Normal
24.0,2.932,70.362,31.2,31.38,1091.87,1.17271,0,Normal
23.38,2.709,63.327,18.61,20.0,925.93,1.05546,0,Normal
22.346,2.389,53.382,33.26,45.05,893.36,0.8897,0,Normal
13.516,1.445,19.528,38.42,46.75,522.45,0.32546,1,Low Voltage
20.972,1.294,27.131,27.78,74.98,401.01,0.45218,0,Normal
12.643,2.408,30.446,38.52,57.84,917.48,0.50744,1,Low Voltage
23.645,2.286,54.046,27.67,78.41,895.29,0.90077,0,Normal
23.515,2.904,68.29,34.95,34.15,1062.35,1.13817,0,Normal
22.177,1.121,24.866,15.0,75.37,480.89,0.41443,0,Normal
21.384,1.539,32.902,45.93,70.98,585.73,0.54836,0,Normal
19.517,0.473,9.222,39.47,21.67,190.94,0.15371,0,Normal
21.446,1.064,22.825,27.01,81.81,540.11,0.38041,0,Normal
24.0,2.735,65.642,15.2,59.68,929.04,1.09403,0,Normal
20.355,1.408,28.665,31.02,65.06,519.38,0.47775,0,Normal
22.785,2.556,58.241,47.93,42.43,829.33,0.97069,1,Over Temperature
22.345,1.692,37.799,32.11,80.95,596.66,0.62998,0,Normal
23.364,2.185,51.052,31.88,36.65,740.74,0.85087,0,Normal
19.234,1.138,21.888,22.41,72.98,328.65,0.3648,0,Normal
21.922,0.618,13.543,36.85,72.77,673.86,0.22571,1,Low Current
11.837,0.055,0.652,34.64,40.46,20.0,0.01086,1,Low Voltage
20.827,1.363,28.389,54.33,93.7,597.67,0.47314,1,Over Temperature
19.259,0.762,14.666,29.06,62.17,193.47,0.24443,0,Normal
24.0,2.764,66.331,19.09,69.77,987.68,1.10551,0,Normal
23.251,2.209,51.36,35.85,30.51,867.67,0.856,0,Normal
22.408,2.312,51.809,27.11,95.0,780.67,0.86348,0,Normal
24.0,2.646,63.504,19.27,35.96,1075.88,1.0584,0,Normal
19.717,0.977,19.265,38.46,76.45,384.3,0.32108,0,Normal
24.0,3.157,75.771,43.7,40.09,1100.0,1.26285,0,Normal
24.0,2.458,58.988,28.71,46.86,911.01,0.98314,0,Normal
19.571,1.458,28.543,44.11,72.2,583.76,0.47572,0,Normal
24.0,2.617,62.797,29.64,76.5,967.97,1.04662,0,Normal
18.931,0.589,11.15,26.34,35.12,340.24,0.18583,0,Normal
13.766,1.303,17.939,24.59,77.63,419.14,0.29898,1,Low Voltage
20.045,1.29,25.85,40.46,76.81,479.59,0.43084,0,Normal
20.195,1.359,27.453,23.54,41.12,501.89,0.45754,0,Normal
20.383,0.93,18.95,34.15,86.78,354.16,0.31583,0,Normal
24.0,2.781,66.746,25.09,31.78,992.46,1.11243,0,Normal
20.746,1.733,35.949,25.78,46.75,577.52,0.59915,0,Normal
21.335,2.052,43.773,36.21,66.62,748.7,0.72956,0,Normal
20.777,1.125,23.374,26.34,42.64,490.3,0.38957,0,Normal
17.969,0.496,8.905,26.17,62.75,140.23,0.14841,0,Normal
21.312,2.085,44.439,36.93,62.34,725.62,0.74065,0,Normal
18.389,0.35,6.445,40.18,54.63,114.57,0.10742,0,Normal
20.896,1.937,40.479,33.51,72.98,630.78,0.67465,0,Normal
19.914,0.753,15.003,24.42,53.89,266.87,0.25005,0,Normal
24.0,3.278,78.674,25.43,62.17,1100.0,1.31123,0,Normal
23.213,2.77,64.311,29.56,78.64,905.18,1.07185,0,Normal
22.013,1.99,43.803,31.25,72.23,679.61,0.73005,0,Normal
24.0,2.688,64.522,22.08,72.15,1003.84,1.07536,0,Normal
19.42,1.117,21.697,34.06,37.31,413.03,0.36162,0,Normal
23.532,2.454,57.738,29.6,67.45,802.17,0.9623,0,Normal
23.186,1.731,40.13,16.99,42.19,705.95,0.66884,0,Normal
23.004,1.964,45.181,47.47,34.93,723.93,0.75302,1,Over Temperature
24.0,2.754,66.091,25.47,56.71,1006.26,1.10152,0,Normal
23.24,2.226,51.732,28.49,41.72,855.1,0.8622,0,Normal
21.546,2.151,46.338,48.58,72.23,730.84,0.7723,1,Over Temperature
19.744,0.586,11.569,30.67,72.66,186.63,0.19282,0,Normal
21.127,0.942,19.909,23.11,23.75,381.19,0.33182,0,Normal
22.329,1.818,40.604,30.54,43.09,615.64,0.67674,0,Normal
22.05,1.86,41.02,26.54,31.72,676.14,0.68366,0,Normal
19.343,0.765,14.795,31.27,49.67,333.54,0.24659,0,Normal
24.0,2.914,69.946,33.06,66.19,1100.0,1.16577,0,Normal
24.0,3.031,72.746,37.46,53.64,1074.59,1.21243,0,Normal
14.123,2.448,34.572,28.83,47.38,818.59,0.5762,1,Low Voltage
21.333,1.745,37.233,40.47,81.4,670.17,0.62056,0,Normal
11.248,1.726,19.413,35.36,20.0,590.58,0.32354,1,Low Voltage
19.408,1.36,26.394,24.05,80.26,383.46,0.43991,0,Normal
22.233,1.599,35.555,44.47,48.2,671.69,0.59259,0,Normal
10.644,2.067,22.0,31.29,56.59,722.17,0.36667,1,Low Voltage
20.41,0.998,20.375,23.15,48.51,302.31,0.33959,0,Normal
21.268,2.016,42.881,40.57,85.77,743.57,0.71468,0,Normal
21.898,1.874,41.034,43.54,35.84,606.53,0.68391,0,Normal
18.826,0.718,13.521,28.77,58.21,115.81,0.22536,0,Normal
19.896,1.206,24.003,25.47,67.49,409.09,0.40005,0,Normal
21.619,1.447,31.292,27.79,29.0,534.19,0.52154,0,Normal
23.962,3.214,77.019,34.0,41.44,1100.0,1.28365,0,Normal
23.036,2.364,54.46,37.94,55.33,805.83,0.90766,0,Normal
19.265,0.31,5.978,32.99,42.04,276.07,0.09964,0,Normal
21.394,2.185,46.746,29.71,43.32,786.09,0.7791,0,Normal
18.251,0.523,9.54,39.49,51.7,216.75,0.15899,0,Normal
23.372,2.733,63.876,26.81,69.69,953.15,1.06461,0,Normal
21.786,1.391,30.312,36.22,51.83,518.09,0.5052,0,Normal
22.324,2.672,59.654,26.98,77.41,56.58,0.99423,1,Sensor Anomaly
24.0,2.674,64.175,32.02,40.04,1021.22,1.06958,0,Normal
20.815,0.939,19.549,28.21,35.47,289.59,0.32582,0,Normal
19.088,1.019,19.444,28.61,92.67,258.81,0.32407,0,Normal
20.754,1.207,25.052,26.36,46.16,486.59,0.41753,0,Normal
23.021,2.33,53.631,38.41,34.4,940.75,0.89384,0,Normal
18.906,0.633,11.977,23.87,26.64,224.58,0.19961,0,Normal
16.86,0.051,0.859,23.82,77.35,20.0,0.01431,0,Normal
20.661,1.636,33.793,43.85,51.86,523.68,0.56321,0,Normal
21.656,1.995,43.196,35.84,53.43,804.49,0.71994,0,Normal
24.0,4.119,98.861,15.0,55.13,75.81,1.64769,1,Sensor Anomaly
22.602,1.07,24.189,25.04,76.23,520.31,0.40314,0,Normal
21.069,1.764,37.176,16.32,54.77,534.8,0.6196,0,Normal
24.0,2.781,66.735,22.35,95.0,973.09,1.11224,0,Normal
19.643,0.276,5.422,15.0,60.41,126.47,0.09037,0,Normal
21.367,1.27,27.147,28.04,77.11,541.21,0.45245,0,Normal
22.524,1.76,39.634,21.01,72.49,703.32,0.66057,0,Normal
22.291,2.232,49.76,29.42,57.34,775.78,0.82934,0,Normal
21.066,1.237,26.052,17.62,47.43,507.25,0.43419,0,Normal
21.171,1.853,39.231,29.58,63.98,659.64,0.65385,0,Normal
18.685,0.424,7.916,26.1,67.18,20.0,0.13193,0,Normal
19.212,1.213,23.304,39.51,47.69,465.69,0.3884,0,Normal
22.995,1.957,45.005,38.88,60.99,776.98,0.75009,0,Normal
19.03,1.104,21.003,34.5,80.25,374.96,0.35005,0,Normal
22.63,1.641,37.132,26.71,95.0,666.52,0.61886,0,Normal
21.956,2.422,53.169,42.9,73.38,775.12,0.88616,0,Normal
20.634,1.82,37.556,18.13,91.53,554.09,0.62593,0,Normal
22.738,1.941,44.137,19.18,46.67,697.73,0.73562,0,Normal
20.847,0.898,18.726,28.41,70.63,380.43,0.3121,0,Normal
20.752,1.532,31.796,44.78,82.09,592.15,0.52993,0,Normal
23.365,2.236,52.251,27.58,41.87,820.86,0.87085,0,Normal
11.376,2.004,22.799,27.72,49.26,693.95,0.37998,1,Low Voltage
20.143,1.56,31.417,18.91,89.28,485.77,0.52361,0,Normal
22.916,1.777,40.731,35.62,40.45,712.78,0.67885,0,Normal
22.677,2.524,57.24,54.4,33.86,850.09,0.954,1,Over Temperature
16.914,0.321,5.429,34.52,85.5,76.02,0.09049,0,Normal
23.368,2.639,61.668,24.6,79.54,974.54,1.0278,0,Normal
20.712,1.363,28.231,24.05,65.78,555.85,0.47051,0,Normal
22.625,2.191,49.567,19.95,57.18,769.14,0.82612,0,Normal
12.817,2.549,32.671,29.59,50.11,985.23,0.54451,1,Low Voltage
19.81,0.933,18.48,21.44,63.08,265.93,0.30799,0,Normal
20.766,1.07,22.21,20.76,86.44,451.36,0.37016,0,Normal
10.907,1.69,18.432,26.03,62.29,569.21,0.3072,1,Low Voltage
20.866,1.19,24.83,25.58,95.0,430.55,0.41384,0,Normal
24.0,2.978,71.472,25.23,41.84,1100.0,1.1912,0,Normal
21.095,1.117,23.568,32.27,57.65,410.1,0.39281,0,Normal
20.581,0.186,3.82,29.55,51.28,494.45,0.06367,1,Low Current
21.31,1.76,37.501,26.98,38.47,707.23,0.62502,0,Normal
20.593,0.796,16.4,30.28,55.24,313.4,0.27333,0,Normal
21.404,1.381,29.562,22.06,65.51,539.21,0.49269,0,Normal
22.412,2.047,45.883,29.74,67.44,738.89,0.76472,0,Normal
20.771,1.424,29.578,30.05,95.0,556.8,0.49296,0,Normal
21.474,0.439,9.433,18.48,66.36,623.85,0.15721,1,Low Current
21.329,1.192,25.424,35.97,78.7,501.79,0.42373,0,Normal
20.099,0.93,18.682,22.83,59.19,225.95,0.31137,0,Normal
22.873,2.102,48.083,29.63,88.21,740.05,0.80138,0,Normal
24.0,3.062,73.49,37.15,95.0,1100.0,1.22484,0,Normal
22.067,3.601,79.474,35.48,67.56,66.79,1.32457,1,Sensor Anomaly
22.265,1.975,43.964,29.24,40.13,713.07,0.73273,0,Normal
22.904,2.281,52.235,26.46,48.12,843.96,0.87058,0,Normal
20.349,0.907,18.447,35.63,63.07,294.59,0.30745,0,Normal
16.116,3.058,49.28,33.72,66.22,1100.0,0.82133,1,Low Voltage
22.507,1.769,39.81,24.67,70.57,706.65,0.6635,0,Normal
24.0,3.133,75.19,23.44,66.28,1100.0,1.25316,0,Normal
20.457,0.821,16.804,15.0,58.13,444.75,0.28006,0,Normal
24.0,3.131,75.145,30.08,46.55,1100.0,1.25241,0,Normal
22.554,2.162,48.752,28.42,65.22,867.04,0.81254,0,Normal
23.089,2.196,50.7,36.95,91.39,804.85,0.84501,0,Normal
14.191,1.769,25.102,31.51,76.36,715.53,0.41836,1,Low Voltage
21.218,1.593,33.804,38.34,67.62,580.41,0.5634,0,Normal
24.0,2.869,68.855,24.12,76.53,986.15,1.14758,0,Normal
20.569,2.166,44.551,36.97,51.32,689.3,0.74251,0,Normal
18.279,0.05,0.914,25.3,48.85,99.22,0.01523,0,Normal
19.966,1.106,22.089,34.44,44.54,337.19,0.36815,0,Normal
12.095,1.714,20.725,18.79,55.74,597.96,0.34541,1,Low Voltage
22.137,1.964,43.486,30.65,50.4,736.8,0.72477,0,Normal
22.526,1.939,43.673,15.11,79.75,634.16,0.72788,0,Normal
23.818,2.724,64.889,27.13,49.44,991.31,1.08148,0,Normal
18.455,0.416,7.685,32.08,43.55,103.69,0.12808,0,Normal
22.309,1.753,39.106,25.35,92.97,690.2,0.65176,0,Normal
19.579,0.283,5.536,21.65,49.88,140.97,0.09226,0,Normal
22.455,2.55,57.25,34.92,60.76,862.72,0.95416,0,Normal
21.319,2.005,42.738,28.28,66.12,623.55,0.7123,0,Normal
22.122,2.141,47.36,25.57,37.54,767.49,0.78933,0,Normal
9.267,0.634,5.872,29.29,80.24,408.11,0.09786,1,Low Voltage
24.0,2.692,64.612,47.46,69.47,1008.25,1.07687,0,Normal
23.749,2.595,61.624,37.07,86.05,941.68,1.02707,0,Normal
21.785,2.194,47.799,37.14,45.77,813.39,0.79666,0,Normal
21.086,1.761,37.129,32.05,59.78,613.74,0.61881,0,Normal
23.006,2.171,49.949,30.17,58.71,812.36,0.83249,0,Normal
20.328,1.436,29.186,15.0,62.75,452.07,0.48644,0,Normal
22.848,2.284,52.176,24.25,31.82,889.56,0.8696,0,Normal
24.0,3.3,79.193,51.12,60.0,1100.0,1.31988,1,Over Temperature
23.497,2.975,69.899,15.88,32.32,949.77,1.16499,0,Normal
21.445,1.091,23.403,20.9,64.45,445.71,0.39006,0,Normal
23.633,1.97,46.557,15.13,20.0,751.2,0.77595,0,Normal
19.121,0.876,16.742,28.73,24.67,287.92,0.27903,0,Normal
21.995,0.653,14.361,34.73,72.73,810.27,0.23936,1,Low Current
22.17,2.046,45.367,36.75,48.16,776.17,0.75611,0,Normal
17.824,0.549,9.783,31.9,40.22,126.45,0.16305,0,Normal
20.102,1.046,21.02,22.26,80.88,324.7,0.35033,0,Normal
21.518,1.977,42.548,15.48,63.9,570.72,0.70914,0,Normal
21.854,1.635,35.723,16.7,73.7,565.76,0.59538,0,Normal
20.968,0.768,16.108,20.12,55.01,311.35,0.26846,0,Normal
23.181,2.141,49.637,22.78,95.0,758.91,0.82729,0,Normal
22.593,1.981,44.764,27.88,47.12,720.41,0.74607,0,Normal
20.275,1.651,33.471,21.9,89.4,595.6,0.55785,0,Normal
20.781,1.211,25.175,31.37,56.9,438.38,0.41959,0,Normal
24.0,2.465,59.161,27.37,28.22,943.64,0.98602,0,Normal
22.391,3.112,69.68,29.07,66.69,1100.0,1.16133,0,Normal
21.271,1.161,24.704,36.98,63.67,514.6,0.41174,0,Normal
20.867,1.22,25.449,20.74,39.08,478.59,0.42415,0,Normal
21.957,2.161,47.445,31.93,41.4,787.54,0.79074,0,Normal
21.762,1.124,24.451,28.9,57.56,549.75,0.40752,0,Normal
22.821,1.845,42.101,26.67,64.3,610.97,0.70169,0,Normal
11.622,1.994,23.17,35.2,20.0,857.1,0.38617,1,Low Voltage
18.179,0.439,7.974,35.15,76.96,115.38,0.13291,0,Normal
23.52,2.632,61.906,22.37,49.1,1019.12,1.03177,0,Normal
22.055,1.796,39.621,27.72,34.03,670.35,0.66034,0,Normal
21.671,1.577,34.184,30.97,74.94,534.78,0.56973,0,Normal
21.427,2.14,45.858,27.09,57.57,625.01,0.76431,0,Normal
21.431,1.79,38.357,33.1,79.89,639.48,0.63928,0,Normal
20.818,0.102,2.118,30.97,65.88,165.26,0.03529,0,Normal
24.0,3.088,74.116,41.83,57.97,1068.58,1.23527,0,Normal
22.942,1.829,41.968,18.29,55.25,661.57,0.69947,0,Normal
21.543,2.17,46.742,28.14,66.69,774.04,0.77904,0,Normal
23.063,2.676,61.704,22.64,50.56,916.43,1.0284,0,Normal
20.031,0.606,12.144,33.23,42.65,364.07,0.2024,0,Normal
22.178,2.216,49.155,17.68,68.98,782.57,0.81926,0,Normal
22.41,1.521,34.084,31.42,55.4,575.06,0.56806,0,Normal
24.0,2.705,64.928,24.59,58.6,887.1,1.08213,0,Normal
17.981,0.283,5.096,23.86,77.61,54.38,0.08493,0,Normal
23.135,0.189,4.369,18.87,55.95,622.25,0.07281,1,Low Current
20.866,1.573,32.825,25.74,58.27,481.21,0.54708,0,Normal
24.0,2.202,52.855,36.59,47.21,771.03,0.88091,0,Normal
22.695,1.897,43.064,28.82,65.75,781.61,0.71773,0,Normal
20.905,1.259,26.326,33.39,64.3,451.86,0.43876,0,Normal
21.292,1.418,30.199,40.65,74.21,450.59,0.50331,0,Normal
22.462,1.5,33.682,30.85,47.58,619.01,0.56137,0,Normal
20.749,1.365,28.319,50.25,49.76,398.94,0.47199,1,Over Temperature
23.034,2.181,50.232,32.27,72.26,885.76,0.83721,0,Normal
21.635,1.388,30.022,25.19,62.54,546.62,0.50037,0,Normal
17.537,0.05,0.877,25.47,41.69,20.0,0.01461,0,Normal
21.543,1.789,38.544,18.36,81.52,545.05,0.6424,0,Normal
19.117,0.902,17.235,35.48,27.43,359.21,0.28725,0,Normal
17.88,0.331,5.913,26.3,72.12,193.24,0.09856,0,Normal
19.725,0.923,18.211,30.27,35.23,303.52,0.30352,0,Normal
23.049,2.034,46.883,21.75,91.94,680.63,0.78138,0,Normal
24.0,2.952,70.837,32.05,30.2,1022.02,1.18062,0,Normal
22.402,2.021,45.271,45.46,78.74,737.69,0.75451,1,Over Temperature
22.029,1.384,30.493,28.01,56.53,480.18,0.50822,0,Normal
22.014,2.027,44.628,35.14,51.4,777.65,0.7438,0,Normal
19.548,1.741,34.026,34.54,61.34,521.45,0.5671,0,Normal
19.109,1.474,28.168,28.85,69.37,455.51,0.46947,0,Normal
19.343,1.121,21.692,16.62,41.72,326.78,0.36153,0,Normal
18.954,0.574,10.881,48.0,43.32,159.49,0.18135,0,Normal
20.395,1.571,32.041,41.22,69.69,540.82,0.53401,0,Normal
22.262,1.694,37.701,34.06,27.27,694.25,0.62834,0,Normal
22.922,1.862,42.671,23.73,47.48,622.95,0.71118,0,Normal
20.351,1.507,30.674,28.2,95.0,533.53,0.51124,0,Normal
20.641,1.306,26.95,25.2,40.58,385.19,0.44916,0,Normal
22.978,2.398,55.1,37.85,78.66,820.31,0.91833,0,Normal
18.939,0.88,16.657,30.84,47.45,281.2,0.27762,0,Normal
16.151,2.131,34.413,23.51,67.16,867.29,0.57355,1,Low Voltage
19.997,1.017,20.34,25.7,69.78,369.38,0.339,0,Normal
20.071,1.108,22.235,36.85,78.32,439.32,0.37058,0,Normal
20.534,0.7,14.378,40.2,54.4,239.3,0.23963,0,Normal
21.056,1.321,27.808,39.7,93.8,509.61,0.46346,0,Normal
23.954,2.499,59.859,34.3,47.39,923.09,0.99764,0,Normal
23.659,2.299,54.402,27.23,62.22,794.38,0.9067,0,Normal
23.338,2.548,59.469,15.0,62.41,923.96,0.99115,0,Normal
23.5,2.231,52.427,31.08,37.8,796.2,0.87378,0,Normal
19.595,0.676,13.237,28.99,52.85,340.97,0.22061,0,Normal
20.839,1.399,29.157,29.98,60.91,557.38,0.48594,0,Normal
20.289,1.318,26.751,29.38,50.22,431.54,0.44585,0,Normal
23.832,2.664,63.499,19.72,95.0,1022.56,1.05831,0,Normal
20.267,1.095,22.203,32.9,42.9,314.9,0.37005,0,Normal
23.378,2.664,62.283,33.43,79.23,900.24,1.03805,0,Normal
22.837,2.439,55.69,33.78,73.42,900.03,0.92817,0,Normal
24.0,3.571,85.696,35.63,57.75,1100.0,1.42827,0,Normal
10.719,1.704,18.265,33.23,42.43,535.29,0.30442,1,Low Voltage
22.839,2.204,50.327,26.13,44.17,849.45,0.83878,0,Normal
10.818,3.198,34.597,28.5,48.68,1100.0,0.57662,1,Low Voltage
21.071,1.338,28.2,29.64,25.86,477.06,0.47,0,Normal
19.475,0.884,17.209,29.75,39.94,66.74,0.28682,1,Sensor Anomaly
18.213,0.148,2.692,35.99,31.32,123.6,0.04486,0,Normal
23.478,2.527,59.34,33.51,82.23,849.56,0.989,0,Normal
18.117,0.226,4.102,43.54,69.13,122.72,0.06837,0,Normal
20.33,0.46,9.346,44.45,72.15,545.75,0.15576,1,Low Current
21.493,0.322,6.928,29.56,68.6,772.45,0.11547,1,Low Current
23.149,1.86,43.057,15.0,61.01,701.85,0.71762,0,Normal
22.307,2.09,46.617,37.66,84.29,769.12,0.77696,0,Normal
22.416,2.063,46.255,25.22,47.01,712.24,0.77091,0,Normal
24.0,2.364,56.725,23.39,59.92,1008.08,0.94542,0,Normal
19.936,1.074,21.42,26.21,71.45,383.35,0.35701,0,Normal
19.779,1.153,22.81,25.87,34.22,460.44,0.38016,0,Normal
20.444,1.452,29.675,33.29,95.0,433.66,0.49459,0,Normal
23.683,3.026,71.67,18.08,58.51,882.45,1.1945,0,Normal
23.317,2.475,57.703,21.46,60.56,902.11,0.96171,0,Normal
23.53,1.843,43.362,47.32,80.62,776.34,0.72271,1,Over Temperature
21.939,2.734,59.991,33.36,74.47,981.38,0.99984,0,Normal
20.493,0.848,17.378,33.49,58.69,320.15,0.28964,0,Normal
13.863,3.442,47.715,23.49,60.34,1100.0,0.79525,1,Low Voltage
24.0,3.327,79.85,22.15,30.93,1076.51,1.33083,0,Normal
20.789,2.551,53.031,25.45,47.98,855.97,0.88385,0,Normal
24.0,2.948,70.756,30.68,67.31,1100.0,1.17926,0,Normal
18.038,0.632,11.399,39.4,65.99,186.15,0.18999,0,Normal
20.914,1.478,30.903,15.0,79.98,503.15,0.51505,0,Normal
20.484,1.282,26.268,27.45,55.83,444.12,0.4378,0,Normal
23.53,2.124,49.984,19.67,33.03,852.01,0.83307,0,Normal
20.773,1.199,24.909,17.43,77.02,355.96,0.41515,0,Normal
23.528,2.394,56.334,51.88,83.85,862.1,0.9389,1,Over Temperature
24.0,2.842,68.218,51.3,74.17,1033.75,1.13697,1,Over Temperature
23.066,2.232,51.476,32.15,55.05,844.66,0.85794,0,Normal
22.407,1.868,41.847,35.45,76.8,729.45,0.69745,0,Normal
19.461,1.102,21.438,25.64,95.0,373.4,0.3573,0,Normal
19.927,0.84,16.73,25.97,60.07,412.88,0.27883,0,Normal
24.0,2.861,68.658,44.3,34.39,999.89,1.1443,0,Normal
23.739,2.233,53.008,27.27,47.45,868.22,0.88346,0,Normal
22.112,1.394,30.831,34.15,69.26,639.07,0.51386,0,Normal
20.737,1.811,37.559,29.04,29.11,532.99,0.62599,0,Normal
19.357,0.08,1.557,16.06,61.05,82.77,0.02594,0,Normal
19.538,0.865,16.904,15.0,64.85,350.16,0.28173,0,Normal
24.0,3.284,78.827,24.95,85.63,1100.0,1.31378,0,Normal
19.281,1.136,21.903,36.39,81.58,291.47,0.36505,0,Normal
23.159,1.665,38.549,34.52,73.56,703.05,0.64248,0,Normal
22.268,2.397,53.376,49.61,20.0,932.08,0.88959,1,Over Temperature
21.099,0.681,14.366,22.09,74.58,298.62,0.23944,0,Normal
21.575,2.088,45.047,40.31,70.7,701.72,0.75078,0,Normal
23.279,2.861,66.599,22.25,62.61,912.62,1.10999,0,Normal
21.92,1.62,35.517,30.49,26.86,653.5,0.59195,0,Normal
24.0,3.317,79.596,28.93,44.02,1100.0,1.3266,0,Normal
18.977,0.382,7.25,27.78,37.0,182.79,0.12083,0,Normal
22.828,2.657,60.663,38.37,21.73,946.44,1.01105,0,Normal
9.784,1.458,14.265,24.06,57.95,601.62,0.23775,1,Low Voltage
23.674,2.423,57.363,19.55,43.64,866.14,0.95605,0,Normal
21.907,2.133,46.717,29.14,95.0,773.57,0.77862,0,Normal
20.101,1.186,23.844,26.2,54.96,444.72,0.3974,0,Normal
20.749,2.0,41.494,48.0,81.29,714.12,0.69157,0,Normal
18.208,0.177,3.23,33.74,29.76,129.79,0.05383,0,Normal
23.803,2.13,50.7,26.13,48.46,818.91,0.845,0,Normal
21.894,2.143,46.918,21.61,59.74,733.48,0.78197,0,Normal
22.69,2.594,58.861,15.84,41.65,828.82,0.98102,0,Normal
23.893,2.658,63.509,21.82,50.4,946.27,1.05848,0,Normal
22.138,2.184,48.342,29.8,54.08,752.93,0.8057,0,Normal
23.359,2.032,47.463,38.99,53.79,691.47,0.79105,0,Normal
20.01,1.259,25.185,36.85,91.39,403.3,0.41976,0,Normal
20.798,1.079,22.449,30.6,64.81,450.58,0.37415,0,Normal
24.0,2.603,62.481,26.74,66.63,982.29,1.04135,0,Normal
24.0,2.796,67.101,30.88,67.71,1052.17,1.11835,0,Normal
21.654,1.98,42.866,25.37,69.03,583.33,0.71443,0,Normal
21.464,1.903,40.844,41.03,56.51,662.88,0.68073,0,Normal
21.73,1.19,25.853,27.68,52.23,396.71,0.43088,0,Normal
23.716,2.791,66.2,28.4,61.0,978.37,1.10333,0,Normal
22.959,2.139,49.11,15.0,78.82,836.32,0.8185,0,Normal
24.0,3.417,82.001,27.63,78.27,1100.0,1.36669,0,Normal
18.969,1.201,22.781,34.86,53.67,404.07,0.37968,0,Normal
21.927,1.662,36.437,21.53,71.82,544.16,0.60728,0,Normal
20.677,1.687,34.89,23.74,54.5,714.8,0.5815,0,Normal
22.743,2.434,55.354,34.55,58.61,831.02,0.92257,0,Normal
21.553,1.602,34.538,18.66,49.48,589.61,0.57563,0,Normal
21.716,0.878,19.068,36.4,54.73,405.57,0.31781,0,Normal
22.092,2.338,51.657,25.27,82.14,896.79,0.86096,0,Normal
22.449,2.153,48.335,26.28,59.66,851.92,0.80558,0,Normal
20.362,0.877,17.864,21.13,60.44,393.44,0.29773,0,Normal
23.873,2.865,68.391,31.65,31.95,1029.52,1.13985,0,Normal
22.951,2.581,59.229,46.22,52.43,977.66,0.98715,0,Normal
21.832,1.958,42.749,34.47,53.66,687.6,0.71248,0,Normal
21.203,2.19,46.432,22.95,43.08,672.29,0.77387,0,Normal
22.782,2.191,49.908,36.95,58.39,805.14,0.8318,0,Normal
18.783,0.737,13.848,26.78,50.27,408.72,0.2308,0,Normal
21.592,1.762,38.052,38.62,59.44,658.41,0.6342,0,Normal
17.623,0.345,6.087,52.14,60.19,47.33,0.10145,1,Over Temperature
24.0,2.529,60.703,15.0,40.8,895.41,1.01171,0,Normal
20.581,0.874,17.983,21.97,50.82,212.78,0.29972,0,Normal
23.929,3.032,72.564,35.61,59.39,1070.96,1.20939,0,Normal
22.192,1.218,27.04,30.06,79.32,557.57,0.45067,0,Normal
21.402,1.682,35.991,21.83,62.62,590.73,0.59985,0,Normal
20.18,1.382,27.892,24.56,46.09,474.23,0.46487,0,Normal
22.872,1.811,41.421,15.66,65.18,569.35,0.69034,0,Normal
11.815,3.245,38.337,28.38,88.74,1047.19,0.63895,1,Low Voltage
17.636,0.218,3.84,44.47,74.5,20.0,0.06401,0,Normal
24.0,2.86,68.632,34.63,67.86,1007.55,1.14386,0,Normal
22.177,2.146,47.597,44.33,71.06,744.65,0.79328,0,Normal
19.569,0.83,16.245,35.18,83.92,312.03,0.27075,0,Normal
18.885,0.697,13.167,36.19,77.36,348.91,0.21946,0,Normal
23.965,3.005,72.019,42.82,68.2,1100.0,1.20031,0,Normal
20.582,1.134,23.334,31.64,77.24,385.26,0.3889,0,Normal
19.809,0.695,13.776,27.69,38.53,327.06,0.2296,0,Normal
24.0,2.905,69.715,36.23,30.96,968.45,1.16191,0,Normal
22.383,2.222,49.736,39.18,60.83,744.79,0.82893,0,Normal
19.694,0.837,16.478,25.64,59.24,387.38,0.27463,0,Normal
21.367,2.239,47.836,23.95,48.21,710.65,0.79727,0,Normal
19.942,0.953,19.0,29.97,72.87,362.79,0.31666,0,Normal
23.137,2.503,57.921,34.82,24.47,958.23,0.96535,0,Normal
23.679,2.808,66.496,34.59,48.37,947.18,1.10827,0,Normal
22.44,2.248,50.444,19.03,49.27,798.96,0.84074,0,Normal
21.642,2.391,51.737,42.38,28.55,751.27,0.86228,0,Normal
24.0,2.929,70.29,24.51,84.91,1100.0,1.17149,0,Normal
21.95,1.502,32.973,27.14,33.53,649.91,0.54955,0,Normal
8.841,0.846,7.48,22.68,47.41,319.08,0.12467,1,Low Voltage
22.095,2.24,49.49,47.89,74.34,775.85,0.82484,0,Normal
24.0,2.887,69.283,30.69,69.63,1100.0,1.15472,0,Normal
20.45,0.788,16.115,23.04,38.05,365.87,0.26858,0,Normal
21.457,1.555,33.358,47.61,70.28,548.79,0.55596,1,Over Temperature
21.838,1.853,40.463,34.38,63.22,766.6,0.67438,0,Normal
22.461,1.826,41.008,27.69,95.0,634.91,0.68347,0,Normal
21.625,0.973,21.041,34.88,65.27,374.95,0.35069,0,Normal
23.275,2.796,65.071,23.22,55.46,964.12,1.08452,0,Normal
23.759,2.828,67.199,47.78,42.58,1100.0,1.11999,1,Over Temperature
22.602,2.237,50.562,15.0,44.6,704.92,0.84271,0,Normal
21.126,1.087,22.965,19.73,43.14,396.86,0.38274,0,Normal
12.571,0.728,9.15,41.65,82.68,216.29,0.15251,1,Low Voltage
21.209,2.148,45.558,40.49,58.32,722.23,0.75929,0,Normal
23.567,2.459,57.954,29.46,68.17,959.09,0.96591,0,Normal
22.726,2.3,52.267,40.64,85.26,783.05,0.87112,0,Normal
21.539,1.554,33.466,27.88,20.0,649.33,0.55777,0,Normal
21.278,1.107,23.548,54.82,81.02,485.0,0.39247,1,Over Temperature
11.999,1.311,15.729,29.4,59.0,344.19,0.26215,1,Low Voltage
23.392,2.663,62.293,28.13,65.83,883.73,1.03822,0,Normal
23.353,2.9,67.728,27.49,43.09,905.86,1.12881,0,Normal
19.584,0.531,10.39,37.0,44.41,217.2,0.17317,0,Normal
14.541,3.062,44.519,30.05,66.8,1095.15,0.74198,1,Low Voltage
21.971,2.334,51.29,33.99,95.0,810.74,0.85483,0,Normal
23.784,2.866,68.165,36.22,76.06,1041.89,1.13609,0,Normal
19.133,0.626,11.972,31.72,80.78,274.2,0.19954,0,Normal
19.113,1.275,24.362,22.21,54.54,15.36,0.40604,1,Sensor Anomaly
23.068,1.756,40.5,19.53,47.2,608.29,0.67499,0,Normal
24.0,2.005,48.13,30.04,43.95,790.78,0.80216,0,Normal
24.0,2.87,68.88,27.8,49.21,1100.0,1.14799,0,Normal
23.035,2.428,55.929,29.61,21.05,847.7,0.93215,0,Normal
21.264,1.603,34.088,28.89,44.95,582.05,0.56813,0,Normal
20.399,1.15,23.467,47.09,47.91,362.62,0.39111,0,Normal
24.0,2.73,65.52,19.69,54.84,994.4,1.09201,0,Normal
19.283,0.975,18.799,15.07,60.37,379.88,0.31332,0,Normal
24.0,3.127,75.048,31.33,64.52,1100.0,1.2508,0,Normal
20.473,1.448,29.637,26.37,57.73,570.37,0.49396,0,Normal
24.0,2.92,70.079,31.21,47.53,1095.36,1.16799,0,Normal
23.147,2.212,51.21,33.09,22.66,840.1,0.8535,0,Normal
20.769,1.641,34.092,37.99,47.64,611.64,0.56819,0,Normal
21.022,1.746,36.699,18.45,40.5,504.57,0.61165,0,Normal
21.122,1.305,27.558,25.1,66.39,554.55,0.4593,0,Normal
22.812,2.366,53.981,32.0,74.37,769.93,0.89969,0,Normal
22.524,1.987,44.751,34.39,74.89,671.6,0.74585,0,Normal
19.615,1.597,31.328,44.35,71.63,483.73,0.52214,0,Normal
22.642,2.228,50.438,35.69,55.6,603.62,0.84063,0,Normal
23.066,2.129,49.11,28.6,48.6,672.0,0.81849,0,Normal
17.767,0.318,5.653,22.77,44.55,53.95,0.09422,0,Normal
22.719,1.943,44.139,25.05,30.87,778.29,0.73565,0,Normal
21.455,0.839,17.993,24.85,75.85,375.68,0.29988,0,Normal
20.611,0.969,19.968,33.59,54.86,327.07,0.3328,0,Normal
18.685,0.187,3.497,30.8,35.57,177.54,0.05828,0,Normal
19.588,0.528,10.335,19.73,43.12,147.71,0.17225,0,Normal
21.697,0.372,8.071,25.95,42.39,270.47,0.13451,0,Normal
20.529,1.452,29.814,35.14,58.77,451.47,0.4969,0,Normal
23.996,2.992,71.801,31.46,77.21,1100.0,1.19668,0,Normal
20.938,1.414,29.599,32.98,51.74,502.75,0.49331,0,Normal
22.204,1.805,40.079,31.68,20.0,699.77,0.66798,0,Normal
21.821,1.743,38.034,40.39,54.59,762.13,0.6339,0,Normal
22.288,2.129,47.444,30.65,55.19,686.7,0.79074,0,Normal
20.859,1.996,41.641,26.3,53.95,628.32,0.69402,0,Normal
19.486,0.823,16.034,22.59,46.71,315.32,0.26723,0,Normal
24.0,3.051,73.228,30.75,61.91,1056.26,1.22047,0,Normal
23.622,3.056,72.184,15.0,59.19,1100.0,1.20306,0,Normal
19.638,0.551,10.814,27.71,57.55,178.86,0.18024,0,Normal
18.707,1.15,21.512,27.56,65.43,363.27,0.35853,0,Normal
20.357,1.714,34.889,19.45,50.26,571.65,0.58148,0,Normal
19.993,0.31,6.194,22.5,49.24,379.93,0.10324,1,Low Current
22.709,2.278,51.73,34.67,82.84,791.67,0.86216,0,Normal
21.464,1.244,26.692,30.61,68.07,446.08,0.44486,0,Normal
24.0,2.921,70.108,29.71,72.89,1100.0,1.16847,0,Normal
23.574,2.642,62.28,31.14,80.07,983.35,1.03799,0,Normal
22.547,2.119,47.768,29.65,67.47,709.52,0.79613,0,Normal
22.698,2.305,52.315,37.7,74.71,937.56,0.87192,0,Normal
23.734,2.866,68.032,29.86,29.57,959.65,1.13387,0,Normal
20.268,1.34,27.161,18.79,61.67,492.09,0.45269,0,Normal
20.201,1.005,20.312,40.41,54.71,421.46,0.33853,0,Normal
21.776,1.665,36.254,31.59,88.2,671.88,0.60423,0,Normal
22.788,2.617,59.644,50.03,74.7,891.26,0.99407,1,Over Temperature
22.368,1.94,43.399,20.23,46.65,688.94,0.72332,0,Normal
19.192,0.864,16.576,31.77,64.71,208.44,0.27627,0,Normal
21.295,0.958,20.391,28.18,61.02,425.21,0.33984,0,Normal
20.276,1.618,32.812,40.02,66.18,629.29,0.54687,0,Normal
21.68,1.74,37.722,26.58,39.66,628.81,0.62869,0,Normal
24.0,2.953,70.878,23.14,64.48,1100.0,1.18131,0,Normal
19.924,0.723,14.409,35.27,53.89,261.92,0.24014,0,Normal
14.733,2.239,32.988,35.48,63.08,791.56,0.5498,1,Low Voltage
24.0,3.051,73.235,30.18,44.96,1066.95,1.22058,0,Normal
23.889,3.311,79.091,33.73,47.47,1100.0,1.31818,0,Normal
21.747,1.26,27.399,28.74,79.13,536.77,0.45665,0,Normal
21.514,2.247,48.35,30.64,39.07,787.6,0.80584,0,Normal
14.392,2.109,30.352,37.15,40.4,809.53,0.50586,1,Low Voltage
21.126,2.026,42.798,33.38,57.07,704.73,0.7133,0,Normal
21.64,1.813,39.229,27.82,44.11,622.32,0.65382,0,Normal
22.768,1.94,44.182,38.47,42.07,772.07,0.73636,0,Normal
10.766,0.05,0.538,15.0,59.89,20.0,0.00897,1,Low Voltage
23.513,5.008,117.751,43.36,30.91,64.49,1.96251,1,Sensor Anomaly
22.402,1.946,43.595,17.06,39.86,685.33,0.72658,0,Normal
20.439,1.607,32.845,24.61,94.97,587.71,0.54742,0,Normal
24.0,3.181,76.351,28.71,66.27,1100.0,1.27251,0,Normal
21.457,1.417,30.4,27.97,44.56,461.02,0.50666,0,Normal
21.366,1.384,29.565,36.04,65.53,537.14,0.49276,0,Normal
24.0,2.942,70.617,21.6,68.21,1100.0,1.17694,0,Normal
19.4,0.93,18.048,30.83,75.9,417.02,0.3008,0,Normal
20.687,1.395,28.855,24.95,55.71,495.97,0.48092,0,Normal
9.421,1.433,13.501,31.07,75.58,608.83,0.22501,1,Low Voltage
24.0,2.484,59.612,28.55,21.31,885.41,0.99354,0,Normal
22.58,2.188,49.409,29.65,38.99,708.18,0.82348,0,Normal
21.718,0.743,16.131,49.81,60.95,288.06,0.26885,1,Over Temperature
20.668,1.305,26.979,25.43,63.93,500.99,0.44965,0,Normal
20.222,1.691,34.202,31.01,41.59,479.94,0.57004,0,Normal
11.213,2.003,22.461,35.61,62.67,628.38,0.37436,1,Low Voltage
23.585,2.017,47.567,24.81,46.77,769.24,0.79279,0,Normal
22.398,2.18,48.819,22.92,53.01,767.1,0.81366,0,Normal
18.796,0.481,9.049,33.29,76.45,152.72,0.15082,0,Normal
13.017,2.676,34.831,28.77,74.36,947.9,0.58051,1,Low Voltage
22.107,2.315,51.176,34.81,40.05,720.72,0.85293,0,Normal
23.828,2.931,69.848,22.66,38.97,1037.67,1.16414,0,Normal
22.762,2.238,50.951,16.54,50.6,774.38,0.84918,0,Normal
23.617,2.806,66.278,25.27,57.52,958.37,1.10463,0,Normal
22.713,2.404,54.611,23.64,46.16,780.63,0.91018,0,Normal
24.0,3.029,72.701,47.47,76.73,1026.94,1.21168,1,Over Temperature
24.0,2.328,55.868,24.54,64.25,796.23,0.93113,0,Normal
20.918,1.439,30.093,34.19,65.31,622.58,0.50155,0,Normal
24.0,2.983,71.591,26.98,35.2,1100.0,1.19319,0,Normal
10.294,2.645,27.233,30.05,79.01,898.93,0.45388,1,Low Voltage
22.867,2.298,52.538,30.1,20.0,810.65,0.87563,0,Normal
19.245,0.961,18.504,51.91,73.01,292.63,0.30839,1,Over Temperature
19.808,1.145,22.68,28.83,74.82,289.27,0.378,0,Normal
22.975,1.814,41.685,32.57,50.22,731.96,0.69474,0,Normal
20.416,2.143,43.76,23.43,80.91,690.75,0.72934,0,Normal
20.868,1.251,26.113,38.8,56.86,478.05,0.43522,0,Normal
21.756,2.092,45.516,27.34,59.12,689.48,0.7586,0,Normal
24.0,3.082,73.965,19.82,64.11,1094.82,1.23275,0,Normal
22.308,2.729,60.882,30.32,95.0,844.71,1.01471,0,Normal
20.869,0.952,19.859,23.04,82.2,330.52,0.33098,0,Normal
22.136,1.595,35.301,33.66,70.62,618.78,0.58836,0,Normal
20.459,1.23,25.16,44.47,41.57,424.61,0.41933,0,Normal
21.842,1.578,34.461,23.49,60.58,541.44,0.57435,0,Normal
20.525,1.686,34.613,31.33,43.36,534.19,0.57689,0,Normal
20.871,2.926,61.073,16.71,72.8,55.09,1.01789,1,Sensor Anomaly
20.139,1.272,25.626,32.18,60.53,298.56,0.4271,0,Normal
21.203,0.294,6.241,22.8,37.76,614.26,0.10401,1,Low Current
13.709,1.363,18.689,24.63,59.46,493.03,0.31149,1,Low Voltage
17.986,0.05,0.899,21.29,42.71,20.0,0.01499,0,Normal
24.0,3.053,73.278,34.13,60.72,1100.0,1.22131,0,Normal
24.0,2.671,64.101,36.05,42.54,954.86,1.06835,0,Normal
20.669,1.566,32.37,29.16,58.49,544.64,0.5395,0,Normal
22.031,1.852,40.812,22.95,71.51,655.27,0.68021,0,Normal
20.291,0.191,3.875,40.13,57.05,321.94,0.06459,1,Low Current
24.0,2.927,70.25,23.75,50.96,1100.0,1.17084,0,Normal
24.0,3.059,73.408,15.0,61.66,1100.0,1.22347,0,Normal
21.621,3.76,81.287,32.21,70.55,58.57,1.35478,1,Sensor Anomaly
23.55,2.881,67.855,21.27,38.07,936.59,1.13092,0,Normal
22.935,1.912,43.84,35.92,62.69,699.08,0.73067,0,Normal
19.426,0.601,11.674,26.33,81.72,275.72,0.19457,0,Normal
21.057,1.464,30.829,33.23,68.33,534.69,0.51381,0,Normal
21.478,2.26,48.541,38.81,59.04,686.94,0.80902,0,Normal
21.742,1.653,35.945,20.54,69.52,522.73,0.59908,0,Normal
21.641,1.748,37.819,25.04,66.14,588.78,0.63032,0,Normal
20.957,1.913,40.081,28.47,71.56,624.41,0.66802,0,Normal
20.717,1.995,41.33,39.76,21.57,627.35,0.68883,0,Normal
20.604,1.655,34.103,48.83,30.04,664.63,0.56838,1,Over Temperature
19.54,0.918,17.941,24.84,76.09,353.03,0.29902,0,Normal
21.068,1.149,24.203,32.35,30.9,449.24,0.40338,0,Normal
10.461,0.919,9.61,24.96,65.23,290.32,0.16016,1,Low Voltage
23.896,2.596,62.028,30.07,51.66,923.79,1.0338,0,Normal
12.039,0.307,3.697,18.14,40.07,60.42,0.06161,1,Low Voltage
23.262,2.553,59.399,44.5,64.29,973.01,0.98998,0,Normal
16.667,3.178,52.959,19.57,61.62,1038.18,0.88266,1,Low Voltage
21.549,1.566,33.756,26.75,95.0,565.39,0.5626,0,Normal
19.289,0.181,3.486,28.77,46.75,20.0,0.05809,0,Normal
20.789,1.712,35.588,42.39,83.92,548.83,0.59313,0,Normal
22.864,1.984,45.372,19.73,64.34,632.03,0.75619,0,Normal
20.367,1.065,21.692,42.89,46.1,367.03,0.36154,0,Normal
21.317,1.544,32.909,34.3,72.39,505.74,0.54848,0,Normal
22.89,3.302,75.578,31.92,68.18,1078.45,1.25963,0,Normal
23.74,2.444,58.018,22.11,58.65,836.18,0.96697,0,Normal
20.058,0.951,19.068,33.0,62.79,391.12,0.3178,0,Normal
18.932,0.673,12.748,23.94,47.25,202.67,0.21246,0,Normal
19.991,1.527,30.521,37.87,43.14,558.44,0.50868,0,Normal
21.607,1.237,26.727,22.2,71.67,590.23,0.44545,0,Normal
22.677,2.282,51.738,28.21,53.97,788.94,0.86231,0,Normal
20.086,1.421,28.543,25.11,56.56,500.11,0.47572,0,Normal
11.461,2.439,27.952,22.09,63.04,793.22,0.46586,1,Low Voltage
24.0,2.903,69.661,34.19,62.78,1100.0,1.16101,0,Normal
23.687,2.16,51.157,32.75,32.27,878.34,0.85261,0,Normal
21.641,1.779,38.506,37.46,81.15,636.54,0.64177,0,Normal
22.609,1.766,39.931,16.54,60.18,598.72,0.66551,0,Normal
20.954,1.531,32.077,36.45,54.35,550.13,0.53461,0,Normal
23.307,0.907,21.14,46.54,65.76,980.58,0.35234,1,Low Current
13.964,1.134,15.837,25.84,62.26,474.35,0.26395,1,Low Voltage
20.452,1.782,36.454,42.27,71.81,662.66,0.60756,0,Normal
23.23,1.791,41.615,27.16,67.68,664.34,0.69358,0,Normal
21.989,1.632,35.879,19.39,70.92,509.5,0.59799,0,Normal
18.573,0.81,15.048,26.86,82.32,265.71,0.25079,0,Normal
22.268,1.988,44.267,36.34,73.91,740.43,0.73779,0,Normal
21.774,2.087,45.452,23.13,55.11,632.92,0.75754,0,Normal
13.225,2.164,28.626,24.8,37.79,790.07,0.47709,1,Low Voltage
20.513,1.485,30.461,33.15,88.02,500.59,0.50768,0,Normal
24.0,2.73,65.528,29.02,53.72,991.83,1.09213,0,Normal
20.797,1.412,29.376,33.09,49.48,404.5,0.4896,0,Normal
24.0,3.069,73.667,30.66,26.74,1100.0,1.22779,0,Normal
18.696,0.466,8.709,32.36,64.09,160.66,0.14515,0,Normal
22.496,2.133,47.973,25.97,60.68,771.74,0.79956,0,Normal
23.214,2.21,51.294,30.62,30.73,783.12,0.8549,0,Normal
20.95,1.417,29.679,22.51,66.16,427.24,0.49466,0,Normal
22.338,2.263,50.55,38.02,49.03,768.83,0.84251,0,Normal
12.063,2.83,34.14,24.56,95.0,1008.27,0.56899,1,Low Voltage
11.241,0.387,4.348,36.9,47.75,29.29,0.07246,1,Low Voltage
22.358,2.363,52.841,27.36,50.17,790.77,0.88068,0,Normal
18.56,0.05,0.928,30.41,42.25,20.0,0.01547,0,Normal
19.511,0.814,15.874,25.54,81.0,379.61,0.26457,0,Normal
24.0,3.02,72.472,21.89,51.29,1100.0,1.20787,0,Normal
21.556,1.455,31.365,16.79,44.95,487.1,0.52276,0,Normal
19.22,1.012,19.445,21.61,70.73,321.31,0.32409,0,Normal
20.423,1.905,38.909,26.73,33.15,594.58,0.64848,0,Normal
24.0,2.858,68.584,30.48,69.25,1100.0,1.14306,0,Normal
17.358,0.299,5.182,36.07,90.07,137.13,0.08637,0,Normal
19.203,0.782,15.026,25.88,68.2,355.63,0.25043,0,Normal
14.206,2.763,39.248,22.83,69.48,1069.28,0.65413,1,Low Voltage
24.0,2.995,71.884,18.9,73.66,1100.0,1.19807,0,Normal
22.442,1.786,40.075,32.36,88.77,621.04,0.66791,0,Normal
11.176,0.97,10.841,38.68,79.78,303.07,0.18068,1,Low Voltage
24.0,2.85,68.397,37.86,65.91,1100.0,1.13995,0,Normal
24.0,2.883,69.194,33.97,74.27,1096.44,1.15323,0,Normal
22.01,2.002,44.064,33.47,42.05,840.11,0.7344,0,Normal
20.86,1.193,24.896,40.88,71.97,422.53,0.41494,0,Normal
22.017,1.633,35.951,31.32,39.9,636.27,0.59918,0,Normal
20.291,1.972,40.013,33.52,51.39,605.1,0.66689,0,Normal
22.386,2.148,48.077,26.75,20.0,742.64,0.80128,0,Normal
24.0,2.951,70.831,19.47,65.23,1056.28,1.18051,0,Normal
22.984,2.397,55.093,24.21,46.41,896.24,0.91822,0,Normal
18.956,0.701,13.279,28.94,78.0,348.33,0.22132,0,Normal
24.0,2.634,63.209,29.43,65.02,1035.42,1.05348,0,Normal
23.537,1.899,44.704,42.48,78.23,737.68,0.74507,0,Normal
22.669,2.217,50.251,29.57,38.5,842.38,0.83751,0,Normal
24.0,2.735,65.648,37.25,76.69,1060.63,1.09414,0,Normal
19.482,1.015,19.775,47.61,95.0,338.76,0.32958,1,Over Temperature
21.945,1.88,41.248,26.82,71.75,639.97,0.68747,0,Normal
21.68,1.332,28.876,19.7,72.23,501.19,0.48127,0,Normal
19.29,0.94,18.136,23.8,61.05,211.0,0.30227,0,Normal
22.082,1.753,38.716,32.69,48.56,747.08,0.64526,0,Normal
24.0,3.072,73.722,29.05,71.7,1100.0,1.2287,0,Normal
19.868,0.332,6.597,35.6,30.89,134.78,0.10995,0,Normal
21.924,1.681,36.863,30.27,50.48,640.96,0.61439,0,Normal
22.577,2.191,49.471,26.53,26.12,829.35,0.82452,0,Normal
21.498,1.861,39.997,44.04,45.33,684.46,0.66662,0,Normal
23.39,1.682,39.343,28.34,69.56,618.32,0.65572,0,Normal
19.508,0.716,13.973,37.14,67.1,286.22,0.23289,0,Normal
21.845,1.765,38.56,26.19,58.92,715.18,0.64267,0,Normal
19.603,0.919,18.014,33.97,61.07,438.11,0.30023,0,Normal
16.68,0.05,0.834,35.5,24.05,36.82,0.0139,0,Normal
24.0,2.662,63.879,30.46,51.29,984.49,1.06464,0,Normal
24.0,2.574,61.787,15.0,45.74,918.35,1.02979,0,Normal
21.606,3.838,82.922,29.13,46.14,36.88,1.38204,1,Sensor Anomaly
21.959,1.868,41.013,37.61,68.79,714.14,0.68355,0,Normal
22.693,2.593,58.851,32.69,42.51,950.81,0.98084,0,Normal
22.192,0.542,12.024,32.12,47.12,712.82,0.2004,1,Low Current
23.957,2.834,67.885,16.94,20.43,903.12,1.13142,0,Normal
21.052,1.445,30.426,46.09,52.71,566.7,0.5071,1,Over Temperature
24.0,2.752,66.058,31.88,38.42,1017.36,1.10097,0,Normal
21.681,1.92,41.625,31.87,59.43,739.82,0.69375,0,Normal
22.112,1.802,39.842,37.5,40.88,704.33,0.66404,0,Normal
20.285,0.825,16.736,27.99,59.88,294.38,0.27893,0,Normal
22.157,2.006,44.438,52.49,55.4,730.35,0.74063,1,Over Temperature
20.268,1.078,21.845,29.11,88.1,417.05,0.36408,0,Normal
19.9,1.274,25.359,22.09,66.95,471.28,0.42265,0,Normal
21.73,1.069,23.227,15.0,24.89,421.69,0.38712,0,Normal
19.814,1.046,20.726,32.02,35.23,351.45,0.34544,0,Normal
24.0,3.426,82.22,30.22,58.99,1100.0,1.37033,0,Normal
24.0,2.708,64.985,24.67,41.26,1022.77,1.08308,0,Normal
24.0,3.185,76.435,17.67,20.0,1100.0,1.27392,0,Normal
19.497,0.858,16.738,33.41,82.29,307.59,0.27896,0,Normal
22.9,1.99,45.576,27.14,70.96,669.95,0.75961,0,Normal
18.747,0.922,17.281,32.9,67.38,287.82,0.28801,0,Normal
21.795,1.279,27.874,42.05,47.07,455.21,0.46457,0,Normal
20.086,1.11,22.286,15.0,65.7,392.92,0.37143,0,Normal
23.179,2.717,62.987,24.1,45.32,997.08,1.04979,0,Normal
21.264,1.366,29.044,27.53,61.69,539.06,0.48407,0,Normal
24.0,2.584,62.007,39.18,41.43,949.15,1.03345,0,Normal
21.764,2.088,45.444,17.55,85.29,819.15,0.75739,0,Normal
24.0,2.892,69.408,42.55,29.74,1100.0,1.15681,0,Normal
19.624,0.854,16.768,29.95,80.18,235.76,0.27946,0,Normal
23.956,2.811,67.339,28.33,58.7,1002.59,1.12232,0,Normal
24.0,2.869,68.852,27.61,49.19,971.0,1.14753,0,Normal
19.738,1.32,26.053,25.95,61.01,377.45,0.43422,0,Normal
22.889,2.533,57.985,36.34,71.2,932.0,0.96642,0,Normal
22.448,2.132,47.853,21.52,82.6,744.12,0.79755,0,Normal
20.566,1.572,32.321,31.42,63.64,586.31,0.53868,0,Normal
20.452,1.025,20.972,26.31,41.97,419.3,0.34954,0,Normal
20.453,1.087,22.237,23.67,59.0,448.65,0.37061,0,Normal
23.718,3.13,74.231,47.1,90.7,1100.0,1.23718,0,Normal
21.952,1.839,40.373,31.93,82.26,650.19,0.67289,0,Normal
21.732,2.735,59.444,33.29,74.36,869.0,0.99074,0,Normal
20.112,1.353,27.219,54.63,72.32,428.55,0.45365,1,Over Temperature
22.361,1.088,24.323,19.05,70.59,431.64,0.40539,0,Normal
22.551,2.754,62.115,41.27,78.86,952.96,1.03525,0,Normal
20.783,0.718,14.931,15.0,49.78,272.12,0.24885,0,Normal
21.275,1.717,36.521,23.62,33.61,533.74,0.60869,0,Normal
21.515,1.757,37.802,25.79,59.24,659.53,0.63003,0,Normal
20.961,1.695,35.524,33.07,43.28,681.18,0.59207,0,Normal
21.559,1.522,32.821,30.53,39.01,599.85,0.54702,0,Normal
23.512,1.987,46.723,27.83,45.03,760.83,0.77872,0,Normal
22.694,2.198,49.882,28.92,95.0,844.0,0.83137,0,Normal
23.149,2.303,53.314,22.15,60.45,855.7,0.88857,0,Normal
21.113,1.212,25.579,18.52,64.51,373.97,0.42631,0,Normal
21.434,1.899,40.698,34.09,36.0,570.44,0.6783,0,Normal
22.585,2.481,56.026,33.86,24.81,984.53,0.93376,0,Normal
23.095,2.692,62.166,40.09,43.26,900.5,1.0361,0,Normal
20.69,0.659,13.643,23.47,83.89,265.6,0.22739,0,Normal
22.243,2.13,47.386,33.85,64.02,748.41,0.78977,0,Normal
16.607,0.05,0.83,27.01,68.77,96.1,0.01384,0,Normal
21.942,1.917,42.058,37.33,71.29,663.14,0.70097,0,Normal
24.0,2.668,64.02,36.15,47.36,1100.0,1.06701,0,Normal
10.472,1.125,11.776,30.48,82.98,384.59,0.19626,1,Low Voltage
19.282,1.209,23.319,26.62,46.61,416.39,0.38865,0,Normal
23.598,2.414,56.976,35.73,83.31,863.93,0.94961,0,Normal
18.582,0.47,8.74,33.53,65.96,218.02,0.14567,0,Normal
20.222,1.424,28.804,49.32,25.8,472.83,0.48006,1,Over Temperature
23.009,2.376,54.674,19.71,44.54,817.0,0.91124,0,Normal
20.334,1.281,26.048,26.98,25.87,472.4,0.43413,0,Normal
21.208,1.72,36.481,39.61,78.94,583.93,0.60801,0,Normal
22.708,2.343,53.201,37.03,57.55,858.37,0.88669,0,Normal
21.863,2.258,49.364,21.21,20.0,768.03,0.82273,0,Normal
22.095,2.019,44.614,20.83,64.76,724.71,0.74357,0,Normal
21.317,1.563,33.319,37.92,48.33,555.05,0.55531,0,Normal
22.65,2.226,50.42,21.05,31.29,753.62,0.84034,0,Normal
9.872,1.632,16.11,32.57,88.2,615.35,0.2685,1,Low Voltage
24.0,1.958,46.988,24.69,59.93,778.19,0.78314,0,Normal
21.194,1.447,30.672,40.32,52.72,510.86,0.51121,0,Normal
22.225,1.894,42.104,23.61,50.81,598.88,0.70173,0,Normal
12.726,1.079,13.73,37.0,30.76,372.81,0.22884,1,Low Voltage
21.863,1.836,40.131,30.29,34.52,640.2,0.66885,0,Normal
20.092,1.166,23.434,30.77,81.13,422.92,0.39056,0,Normal
20.817,1.094,22.765,15.21,49.47,338.07,0.37941,0,Normal
15.555,2.02,31.415,15.0,58.4,722.43,0.52359,1,Low Voltage
22.352,1.898,42.418,27.46,21.2,709.57,0.70697,0,Normal
23.184,2.612,60.553,30.73,34.27,869.2,1.00922,0,Normal
21.26,1.395,29.66,21.12,68.98,529.28,0.49433,0,Normal
24.0,2.312,55.479,21.38,64.8,764.25,0.92466,0,Normal
22.16,2.424,53.719,32.93,89.56,804.22,0.89532,0,Normal
21.976,2.245,49.333,49.22,82.17,774.54,0.82222,1,Over Temperature
20.923,0.942,19.719,28.04,53.85,418.82,0.32866,0,Normal
21.498,1.914,41.157,34.46,66.51,691.82,0.68596,0,Normal
22.413,2.082,46.675,20.78,52.3,751.96,0.77791,0,Normal
21.114,3.723,78.611,26.51,94.99,72.05,1.31019,1,Sensor Anomaly
18.35,0.206,3.773,40.54,78.68,65.79,0.06288,0,Normal
22.411,2.071,46.417,29.48,61.05,694.94,0.77362,0,Normal
24.0,2.975,71.397,29.88,61.61,1100.0,1.18996,0,Normal
21.292,1.46,31.095,45.14,84.01,549.19,0.51825,0,Normal
19.521,1.217,23.75,19.2,68.43,446.14,0.39584,0,Normal
21.793,2.292,49.947,34.58,86.06,754.54,0.83244,0,Normal
21.915,1.97,43.175,40.65,20.0,737.47,0.71959,0,Normal
23.04,2.526,58.194,26.73,66.3,983.97,0.9699,0,Normal
18.312,0.538,9.854,35.02,48.72,297.8,0.16423,0,Normal
22.985,2.469,56.75,22.13,89.61,854.79,0.94584,0,Normal
23.398,2.149,50.276,24.19,85.84,815.32,0.83793,0,Normal
22.391,1.812,40.568,31.69,58.59,610.2,0.67613,0,Normal
21.846,1.816,39.671,34.59,85.64,744.83,0.66118,0,Normal
23.847,2.483,59.221,36.85,90.1,938.25,0.98701,0,Normal
23.436,2.208,51.75,39.99,59.34,894.25,0.8625,0,Normal
20.745,0.997,20.687,46.07,95.0,329.95,0.34478,1,Over Temperature
22.724,2.534,57.586,37.36,57.44,879.64,0.95976,0,Normal
20.492,1.826,37.418,26.6,54.14,631.89,0.62364,0,Normal
21.814,1.653,36.05,35.31,73.59,670.4,0.60083,0,Normal
21.177,1.728,36.59,30.45,51.63,670.5,0.60983,0,Normal
20.963,1.726,36.187,32.12,59.54,607.93,0.60311,0,Normal
23.517,2.422,56.952,31.96,83.37,983.68,0.9492,0,Normal
21.703,1.73,37.546,17.77,58.35,626.56,0.62577,0,Normal
20.215,1.221,24.678,21.13,27.49,336.53,0.4113,0,Normal
9.942,1.468,14.599,29.72,64.61,539.81,0.24332,1,Low Voltage
22.138,1.715,37.97,17.19,45.47,700.03,0.63283,0,Normal
23.997,2.633,63.192,34.82,73.57,994.18,1.0532,0,Normal
22.671,2.145,48.619,35.1,70.53,818.87,0.81032,0,Normal
20.969,1.528,32.031,31.29,84.49,411.85,0.53385,0,Normal
24.0,3.398,81.542,21.15,74.34,1100.0,1.35904,0,Normal
21.948,2.118,46.477,38.66,77.62,724.14,0.77462,0,Normal
23.324,2.681,62.53,43.26,45.96,1007.11,1.04216,0,Normal
21.406,1.904,40.764,30.03,72.47,607.52,0.6794,0,Normal
22.058,2.009,44.309,32.57,93.43,799.34,0.73848,0,Normal
22.557,2.652,59.817,30.41,45.6,885.05,0.99696,0,Normal
24.0,2.91,69.84,32.71,90.4,991.09,1.164,0,Normal
22.839,2.609,59.591,28.16,48.11,946.06,0.99318,0,Normal
23.048,2.695,62.108,28.76,42.66,894.22,1.03514,0,Normal
21.823,1.468,32.038,35.34,63.33,561.78,0.53396,0,Normal
20.182,1.102,22.241,45.42,70.89,489.91,0.37068,0,Normal
23.184,2.275,52.741,19.2,74.41,743.13,0.87902,0,Normal
11.67,2.524,29.452,28.27,40.69,911.28,0.49087,1,Low Voltage
20.897,1.764,36.866,20.74,65.82,587.64,0.61444,0,Normal
22.195,2.923,64.864,40.14,45.66,948.25,1.08107,0,Normal
24.0,2.829,67.904,24.89,31.2,1056.73,1.13174,0,Normal
19.717,1.086,21.411,18.9,41.28,393.43,0.35684,0,Normal
20.805,1.432,29.785,33.47,44.48,415.66,0.49642,0,Normal
12.475,1.789,22.314,41.21,67.39,610.69,0.3719,1,Low Voltage
23.123,1.908,44.129,33.65,78.74,736.13,0.73549,0,Normal
22.428,1.225,27.482,30.43,31.48,503.12,0.45803,0,Normal
22.82,2.755,62.877,31.86,64.34,1028.62,1.04796,0,Normal
21.506,1.975,42.466,38.9,36.82,768.74,0.70777,0,Normal
22.56,1.9,42.854,22.88,69.32,661.05,0.71424,0,Normal
19.766,0.705,13.936,28.22,46.79,247.95,0.23226,0,Normal
20.212,0.838,16.932,50.64,39.08,281.57,0.28219,1,Over Temperature
22.075,1.902,41.981,20.82,72.39,728.68,0.69968,0,Normal
19.666,0.135,2.653,26.7,47.44,52.87,0.04422,0,Normal
23.39,2.198,51.406,36.75,52.31,933.54,0.85677,0,Normal
20.583,1.702,35.029,32.97,20.0,605.72,0.58382,0,Normal
24.0,3.252,78.054,33.51,75.04,1100.0,1.3009,0,Normal
23.632,2.8,66.177,30.03,72.78,1100.0,1.10295,0,Normal
22.517,1.745,39.303,32.66,58.1,599.19,0.65505,0,Normal
21.299,1.631,34.735,23.4,30.5,620.23,0.57892,0,Normal
23.871,2.738,65.356,26.83,79.77,928.76,1.08927,0,Normal
24.0,3.084,74.013,30.34,46.01,1100.0,1.23355,0,Normal
18.569,0.604,11.213,30.94,49.84,191.35,0.18688,0,Normal
17.406,0.427,7.436,31.24,95.0,149.81,0.12394,0,Normal
21.198,1.565,33.182,28.03,45.33,475.83,0.55304,0,Normal
23.754,2.335,55.461,26.36,71.36,813.17,0.92435,0,Normal
21.519,2.006,43.174,48.0,68.12,789.12,0.71956,0,Normal
22.357,2.635,58.915,35.35,65.02,949.54,0.98191,0,Normal
20.275,0.804,16.3,31.89,63.08,314.08,0.27166,0,Normal
16.908,0.085,1.438,54.29,64.77,20.0,0.02396,1,Over Temperature
24.0,2.414,57.935,25.84,62.89,890.24,0.96559,0,Normal
19.798,1.043,20.659,28.08,57.07,418.11,0.34431,0,Normal
8.342,0.271,2.262,31.05,85.2,84.82,0.03771,1,Low Voltage
22.547,1.97,44.425,15.84,34.37,690.62,0.74042,0,Normal
22.68,2.659,60.306,18.01,76.39,872.09,1.0051,0,Normal
21.211,1.651,35.016,24.54,72.8,615.82,0.5836,0,Normal
21.242,1.093,23.208,30.45,70.57,521.8,0.38681,0,Normal
19.874,1.624,32.268,27.33,78.11,605.38,0.5378,0,Normal
15.199,1.204,18.296,39.35,56.33,546.24,0.30494,1,Low Voltage
19.825,0.845,16.757,18.62,24.36,272.55,0.27929,0,Normal
19.826,0.961,19.048,23.74,56.7,449.89,0.31747,0,Normal
21.698,2.002,43.435,39.64,40.16,795.96,0.72392,0,Normal
23.012,1.992,45.832,29.92,44.83,740.07,0.76387,0,Normal
22.348,2.2,49.162,35.19,35.64,697.06,0.81937,0,Normal
20.74,0.818,16.966,43.36,49.41,371.36,0.28277,0,Normal
21.139,1.682,35.557,24.14,47.26,599.18,0.59262,0,Normal
18.368,0.217,3.986,28.3,20.0,40.42,0.06643,0,Normal
22.446,2.221,49.851,27.09,70.6,699.97,0.83084,0,Normal
24.0,3.123,74.95,15.32,95.0,1050.08,1.24917,0,Normal
20.167,0.859,17.331,26.83,68.91,237.24,0.28884,0,Normal
20.159,1.495,30.147,35.17,54.35,485.94,0.50246,0,Normal
22.178,1.836,40.722,32.78,57.01,742.15,0.6787,0,Normal
23.369,2.832,66.181,33.33,50.42,1000.8,1.10301,0,Normal
21.076,1.618,34.108,26.37,59.62,524.5,0.56846,0,Normal
21.241,1.106,23.497,24.41,57.33,456.17,0.39162,0,Normal
17.112,0.167,2.852,37.88,42.86,98.7,0.04753,0,Normal
22.837,1.755,40.081,25.52,88.29,678.96,0.66801,0,Normal
23.651,0.885,20.925,31.06,31.23,1100.0,0.34876,1,Low Current
22.022,2.009,44.248,30.14,70.93,727.66,0.73747,0,Normal
22.378,1.706,38.183,39.23,56.18,643.76,0.63638,0,Normal
22.401,1.808,40.506,35.8,92.21,740.18,0.6751,0,Normal
22.246,1.813,40.33,19.93,64.14,646.89,0.67217,0,Normal
19.816,1.088,21.561,20.69,51.52,422.36,0.35935,0,Normal
22.351,2.479,55.419,33.05,53.54,880.52,0.92364,0,Normal
22.849,1.781,40.686,28.55,58.72,713.21,0.67811,0,Normal
21.497,1.864,40.061,54.55,37.43,654.93,0.66769,1,Over Temperature
19.637,0.959,18.827,36.11,44.2,376.9,0.31378,0,Normal
24.0,4.78,114.709,30.31,25.87,30.63,1.91182,1,Sensor Anomaly
22.173,2.087,46.272,29.37,41.39,836.12,0.77119,0,Normal
20.923,1.155,24.166,34.46,59.69,495.18,0.40276,0,Normal
23.579,2.563,60.43,26.37,63.4,930.51,1.00717,0,Normal
20.688,1.42,29.367,39.98,22.37,510.68,0.48946,0,Normal
20.261,1.258,25.493,54.52,55.53,431.04,0.42489,1,Over Temperature
20.003,1.264,25.283,33.6,68.14,437.28,0.42138,0,Normal
17.819,0.286,5.094,39.04,55.07,154.1,0.0849,0,Normal
23.171,2.399,55.581,19.36,46.59,782.03,0.92635,0,Normal
18.316,0.304,5.566,26.6,50.58,137.28,0.09276,0,Normal
20.214,0.923,18.648,37.0,48.27,306.04,0.3108,0,Normal
17.953,0.16,2.867,37.1,46.54,68.84,0.04778,0,Normal
20.944,1.813,37.968,27.8,61.13,625.9,0.63279,0,Normal
21.51,1.666,35.845,23.86,95.0,607.91,0.59742,0,Normal
20.796,1.61,33.475,35.69,44.61,558.53,0.55791,0,Normal
20.548,0.983,20.195,37.28,52.27,358.08,0.33658,0,Normal
19.776,1.053,20.826,20.85,57.07,321.77,0.3471,0,Normal
22.597,2.051,46.352,20.57,45.63,780.02,0.77254,0,Normal
21.824,1.058,23.093,30.58,77.77,495.85,0.38489,0,Normal
22.577,1.867,42.146,33.41,20.0,738.58,0.70243,0,Normal
21.529,1.315,28.314,26.91,48.44,402.13,0.4719,0,Normal
22.867,1.908,43.638,33.76,72.73,700.7,0.7273,0,Normal
23.493,2.862,67.248,24.03,52.71,1014.92,1.12079,0,Normal
23.828,2.124,50.612,15.0,43.22,814.13,0.84354,0,Normal
22.249,1.506,33.51,26.03,65.93,534.52,0.55851,0,Normal
23.294,1.824,42.49,29.44,74.31,722.02,0.70816,0,Normal
22.136,1.469,32.509,27.07,61.79,582.61,0.54181,0,Normal
22.693,1.765,40.053,20.89,43.58,652.21,0.66756,0,Normal
21.359,1.665,35.568,16.29,66.21,558.83,0.59281,0,Normal
21.028,1.789,37.629,25.4,50.76,603.99,0.62714,0,Normal
21.753,2.06,44.808,35.28,71.41,709.39,0.74679,0,Normal
18.746,0.735,13.785,37.79,84.7,371.86,0.22975,0,Normal
20.825,1.003,20.897,37.31,20.0,365.55,0.34829,0,Normal
19.412,0.698,13.546,23.29,60.0,261.21,0.22577,0,Normal
20.217,0.293,5.925,20.92,26.76,201.92,0.09875,0,Normal
18.806,0.859,16.151,32.48,95.0,309.16,0.26918,0,Normal
22.715,1.875,42.597,33.45,49.57,694.65,0.70995,0,Normal
19.884,1.201,23.874,31.8,71.43,400.02,0.39791,0,Normal
22.114,2.271,50.212,15.0,57.36,793.81,0.83687,0,Normal
23.149,1.754,40.605,22.93,43.54,659.72,0.67675,0,Normal
19.273,0.442,8.514,28.79,41.4,98.82,0.1419,0,Normal
22.963,0.252,5.796,32.41,86.54,833.39,0.0966,1,Low Current
23.052,2.41,55.545,34.37,75.21,877.02,0.92575,0,Normal
20.413,0.716,14.607,30.01,92.98,371.72,0.24346,0,Normal
22.584,1.965,44.375,47.04,59.0,767.65,0.73959,1,Over Temperature
19.792,1.235,24.444,29.59,63.18,410.18,0.4074,0,Normal
21.556,1.642,35.398,33.8,53.19,677.35,0.58997,0,Normal
20.993,0.565,11.854,31.19,52.83,295.94,0.19757,0,Normal
20.647,0.84,17.347,29.46,39.25,147.93,0.28912,0,Normal
22.298,1.27,28.326,27.12,59.51,542.81,0.4721,0,Normal
21.913,2.008,44.007,29.57,43.79,615.36,0.73345,0,Normal
20.811,1.46,30.394,32.39,65.95,538.65,0.50657,0,Normal
19.205,0.789,15.161,30.87,61.06,318.47,0.25268,0,Normal
20.549,0.252,5.186,31.67,63.18,538.03,0.08643,1,Low Current
21.63,2.231,48.255,38.4,88.15,725.4,0.80424,0,Normal
23.184,1.563,36.233,30.86,57.32,637.43,0.60388,0,Normal
23.485,1.873,43.983,24.46,71.62,701.1,0.73305,0,Normal
21.042,1.427,30.033,35.19,94.93,462.37,0.50055,0,Normal
23.335,2.813,65.649,19.44,81.52,978.08,1.09415,0,Normal
20.638,1.101,22.724,21.43,78.76,320.67,0.37873,0,Normal
22.393,2.274,50.922,31.35,52.48,786.52,0.8487,0,Normal
22.188,3.041,67.468,32.61,62.13,980.93,1.12446,0,Normal
23.027,2.245,51.689,20.28,34.27,784.65,0.86148,0,Normal
20.937,1.698,35.549,26.32,66.98,593.29,0.59248,0,Normal
20.453,1.464,29.948,24.76,62.94,502.08,0.49913,0,Normal
23.451,0.882,20.681,25.59,58.42,940.1,0.34469,1,Low Current
18.895,0.846,15.982,35.61,76.49,251.57,0.26637,0,Normal
20.023,1.088,21.782,33.95,36.26,378.37,0.36303,0,Normal
21.078,1.641,34.598,28.87,87.43,538.68,0.57663,0,Normal
22.662,2.96,67.069,25.18,74.23,996.54,1.11782,0,Normal
23.738,2.212,52.513,19.55,56.73,756.33,0.87522,0,Normal
19.237,1.129,21.722,38.94,55.32,378.95,0.36203,0,Normal
20.508,1.376,28.211,33.14,66.65,563.11,0.47019,0,Normal
20.662,1.241,25.645,54.04,85.38,477.99,0.42742,1,Over Temperature
20.406,1.398,28.532,34.04,59.83,451.26,0.47553,0,Normal
13.873,2.83,39.261,28.51,60.59,924.09,0.65434,1,Low Voltage
19.734,0.393,7.757,26.99,58.33,265.91,0.12928,0,Normal
24.0,2.945,70.686,32.05,90.08,1100.0,1.17809,0,Normal
23.513,2.478,58.266,23.81,51.36,881.9,0.9711,0,Normal
23.855,2.511,59.889,26.59,57.47,955.44,0.99815,0,Normal
21.218,1.298,27.549,29.85,84.34,520.38,0.45915,0,Normal
20.283,1.787,36.238,50.6,60.65,608.02,0.60396,1,Over Temperature
19.1,0.972,18.565,33.68,78.47,248.72,0.30942,0,Normal
21.405,1.007,21.551,42.08,41.6,503.09,0.35919,0,Normal
24.0,2.181,52.334,23.72,54.3,788.22,0.87223,0,Normal
23.426,2.952,69.155,17.34,84.72,1012.9,1.15258,0,Normal
20.586,1.107,22.783,15.0,45.83,340.0,0.37971,0,Normal
20.813,1.584,32.969,27.95,55.28,547.66,0.54949,0,Normal
23.095,2.02,46.654,24.36,62.62,607.64,0.77757,0,Normal
18.471,0.725,13.391,30.46,40.2,259.18,0.22318,0,Normal
23.208,2.503,58.086,29.93,50.55,815.58,0.96811,0,Normal
19.879,1.15,22.853,17.78,60.03,447.28,0.38089,0,Normal
21.566,1.699,36.642,16.3,58.84,595.29,0.61069,0,Normal
20.965,1.234,25.871,31.07,81.05,523.45,0.43119,0,Normal
21.199,1.354,28.712,29.95,85.75,428.99,0.47853,0,Normal
21.109,1.79,37.785,26.02,42.59,648.03,0.62975,0,Normal
22.192,1.734,38.485,17.4,60.0,589.63,0.64142,0,Normal
21.106,1.455,30.716,32.3,70.14,545.88,0.51193,0,Normal
20.545,1.33,27.33,37.9,85.29,446.03,0.4555,0,Normal
22.959,2.124,48.755,30.95,70.93,739.47,0.81259,0,Normal
23.751,0.455,10.813,23.07,63.24,1100.0,0.18022,1,Low Current
22.595,1.749,39.508,29.31,70.0,689.17,0.65847,0,Normal
23.314,2.618,61.029,19.44,70.13,928.91,1.01715,0,Normal
20.046,0.836,16.765,52.26,41.3,260.74,0.27941,1,Over Temperature
22.285,2.266,50.49,52.57,61.47,694.17,0.84151,1,Over Temperature
20.119,1.026,20.648,16.62,84.26,342.74,0.34413,0,Normal
18.958,0.842,15.955,26.9,54.27,236.46,0.26591,0,Normal
21.053,0.937,19.717,32.24,60.33,442.98,0.32862,0,Normal
24.0,3.11,74.637,26.67,53.63,983.73,1.24395,0,Normal
23.071,2.666,61.505,27.07,20.0,916.0,1.02509,0,Normal
21.629,2.015,43.591,20.43,58.37,718.04,0.72652,0,Normal
19.612,0.581,11.401,32.97,63.43,220.84,0.19002,0,Normal
20.57,1.468,30.2,24.46,48.78,595.04,0.50333,0,Normal
21.743,1.94,42.172,15.0,37.22,734.48,0.70286,0,Normal
21.416,2.297,49.201,26.4,42.15,699.15,0.82001,0,Normal
18.24,0.19,3.472,35.87,71.76,133.74,0.05786,0,Normal
19.437,0.938,18.238,48.04,93.51,400.71,0.30396,1,Over Temperature
20.031,1.6,32.059,41.17,82.88,632.06,0.53431,0,Normal
21.831,2.001,43.689,32.0,33.8,800.16,0.72816,0,Normal
18.501,0.1,1.851,31.37,73.38,35.08,0.03085,0,Normal
20.66,1.881,38.862,28.1,46.06,604.61,0.6477,0,Normal
21.814,1.812,39.528,28.52,47.52,690.05,0.6588,0,Normal
24.0,3.797,91.135,27.16,49.68,32.36,1.51891,1,Sensor Anomaly
22.982,2.409,55.366,26.88,70.71,844.0,0.92277,0,Normal
22.926,2.24,51.361,32.72,75.27,813.12,0.85602,0,Normal
19.958,1.378,27.5,22.45,56.24,426.02,0.45833,0,Normal
20.297,0.244,4.953,21.47,56.54,115.76,0.08255,0,Normal
20.957,1.474,30.886,21.14,66.36,539.95,0.51477,0,Normal
22.965,2.507,57.568,43.32,68.22,930.46,0.95947,0,Normal
24.0,2.895,69.475,32.71,79.17,1040.17,1.15792,0,Normal
14.876,2.285,33.984,31.13,34.88,848.95,0.5664,1,Low Voltage
22.74,2.068,47.021,21.6,58.36,770.22,0.78368,0,Normal
22.132,1.758,38.907,33.36,38.78,756.3,0.64846,0,Normal
20.694,1.276,26.397,28.18,57.08,494.29,0.43996,0,Normal
21.803,1.833,39.957,30.5,53.93,613.58,0.66595,0,Normal
24.0,3.246,77.908,22.16,57.16,1100.0,1.29846,0,Normal
19.738,0.988,19.5,30.12,43.6,386.08,0.325,0,Normal
24.0,3.309,79.419,26.03,31.23,1100.0,1.32365,0,Normal
20.967,1.566,32.824,23.64,20.3,559.83,0.54707,0,Normal
11.588,2.579,29.886,34.14,55.64,1021.12,0.4981,1,Low Voltage
18.592,0.427,7.937,18.24,50.24,256.09,0.13229,0,Normal
22.894,2.471,56.58,32.95,45.83,814.05,0.943,0,Normal
10.207,1.159,11.828,33.79,81.81,443.7,0.19714,1,Low Voltage
20.186,0.494,9.976,22.84,42.53,253.73,0.16626,0,Normal
20.643,1.59,32.82,23.26,83.5,711.19,0.547,0,Normal
23.363,2.531,59.124,27.44,87.23,932.65,0.98541,0,Normal
19.56,1.22,23.864,47.21,22.88,413.42,0.39773,1,Over Temperature
13.249,0.516,6.841,27.93,59.66,230.28,0.11402,1,Low Voltage
21.277,1.54,32.766,32.03,50.81,624.28,0.54611,0,Normal
21.759,0.505,10.991,41.34,20.0,625.52,0.18319,1,Low Current
22.797,2.472,56.357,25.45,32.0,803.53,0.93928,0,Normal
22.368,0.579,12.958,16.99,71.95,915.89,0.21596,1,Low Current
20.879,1.632,34.072,34.78,94.35,633.36,0.56786,0,Normal
24.0,3.225,77.4,40.78,74.25,1100.0,1.29001,0,Normal
22.171,2.065,45.773,31.75,63.83,712.79,0.76289,0,Normal
20.424,1.589,32.455,21.39,57.62,553.0,0.54092,0,Normal
18.039,0.437,7.886,28.13,88.29,198.76,0.13144,0,Normal
21.594,1.629,35.173,21.17,95.0,576.46,0.58621,0,Normal
20.14,1.44,28.994,33.5,47.44,555.81,0.48323,0,Normal
22.482,2.439,54.839,19.54,22.0,918.89,0.91398,0,Normal
22.318,1.982,44.233,26.9,20.23,779.5,0.73722,0,Normal
19.653,1.041,20.45,21.97,81.79,319.78,0.34083,0,Normal
21.452,1.93,41.4,29.89,57.15,698.23,0.68999,0,Normal
22.5,0.519,11.666,26.44,61.3,838.03,0.19444,1,Low Current
24.0,3.022,72.518,30.24,25.77,1077.85,1.20863,0,Normal
22.783,2.579,58.768,29.16,44.44,898.5,0.97947,0,Normal
23.3,2.381,55.483,22.09,52.68,863.04,0.92471,0,Normal
21.525,1.757,37.817,33.39,61.74,666.82,0.63029,0,Normal
22.578,1.966,44.389,28.66,50.83,758.73,0.73982,0,Normal
24.0,2.557,61.377,22.08,39.33,999.86,1.02294,0,Normal
19.756,0.55,10.871,44.69,43.88,276.82,0.18118,0,Normal
22.031,1.463,32.237,32.34,79.75,552.16,0.53729,0,Normal
21.116,0.92,19.435,27.93,62.41,433.68,0.32392,0,Normal
22.356,1.824,40.784,38.91,69.02,756.16,0.67974,0,Normal
23.241,2.902,67.434,41.89,41.82,994.46,1.12391,0,Normal
20.551,1.386,28.489,27.98,20.0,482.85,0.47482,0,Normal
17.345,0.05,0.867,31.43,48.58,20.0,0.01445,0,Normal
21.284,1.912,40.699,22.08,42.4,534.58,0.67832,0,Normal
23.849,2.228,53.139,27.97,64.28,905.77,0.88565,0,Normal
22.23,2.408,53.538,27.61,95.0,800.54,0.8923,0,Normal
22.461,2.119,47.584,30.29,70.51,769.89,0.79307,0,Normal
20.797,1.727,35.908,31.33,95.0,571.6,0.59847,0,Normal
19.7,0.827,16.295,32.92,68.24,291.87,0.27158,0,Normal
22.24,0.401,8.926,30.66,46.66,794.28,0.14877,1,Low Current
20.093,1.191,23.929,20.52,64.26,416.4,0.39882,0,Normal
24.0,3.152,75.654,22.43,90.05,1100.0,1.26091,0,Normal
23.206,1.872,43.445,25.18,90.93,809.74,0.72409,0,Normal
20.806,1.711,35.59,27.02,47.64,487.42,0.59317,0,Normal
20.289,1.374,27.874,36.36,62.56,478.81,0.46457,0,Normal
22.03,1.879,41.394,20.86,32.27,623.98,0.6899,0,Normal
21.17,1.419,30.035,26.5,72.84,582.94,0.50059,0,Normal
15.643,2.777,43.437,35.67,85.96,962.71,0.72395,1,Low Voltage
21.484,2.157,46.333,26.9,58.72,702.2,0.77222,0,Normal
20.359,1.279,26.03,32.22,45.99,445.14,0.43384,0,Normal
23.541,3.064,72.138,28.02,64.48,1100.0,1.2023,0,Normal
21.595,1.682,36.315,30.8,65.51,663.81,0.60526,0,Normal
21.956,2.375,52.148,27.4,59.46,865.28,0.86913,0,Normal
21.184,1.234,26.131,33.67,61.22,479.7,0.43551,0,Normal
23.217,2.229,51.754,18.18,54.87,751.67,0.86257,0,Normal
22.935,1.906,43.724,26.46,75.93,737.11,0.72874,0,Normal
18.594,0.437,8.127,31.08,71.25,120.9,0.13544,0,Normal
23.791,2.893,68.832,32.74,40.3,1100.0,1.1472,0,Normal
23.147,2.723,63.035,39.45,39.81,1011.38,1.05058,0,Normal
22.272,1.617,36.006,26.26,53.42,538.79,0.6001,0,Normal
20.694,0.809,16.732,39.36,71.26,341.36,0.27887,0,Normal
22.585,2.212,49.947,24.39,60.67,747.32,0.83245,0,Normal
21.352,1.95,41.633,38.3,46.42,674.28,0.69389,0,Normal
23.213,2.019,46.877,34.72,62.71,749.59,0.78128,0,Normal
21.796,2.186,47.654,22.61,52.05,703.64,0.79423,0,Normal
22.757,0.498,11.331,31.15,73.85,791.75,0.18886,1,Low Current
24.0,3.137,75.287,28.64,64.0,1055.25,1.25478,0,Normal
22.059,2.56,56.467,33.38,52.32,809.07,0.94111,0,Normal
20.656,2.067,42.69,27.44,62.17,29.76,0.7115,1,Sensor Anomaly
24.0,2.996,71.912,26.85,81.67,1031.52,1.19853,0,Normal
24.0,0.518,12.421,38.58,47.75,1100.0,0.20702,1,Low Current
23.822,2.879,68.579,28.31,65.25,1100.0,1.14298,0,Normal
19.261,0.89,17.146,34.78,56.73,335.42,0.28577,0,Normal
22.45,1.758,39.464,27.42,65.69,718.01,0.65773,0,Normal
17.014,0.05,0.851,40.67,46.22,67.01,0.01418,0,Normal
22.94,2.363,54.198,24.25,59.99,804.88,0.9033,0,Normal
21.365,1.298,27.74,24.7,77.94,496.5,0.46234,0,Normal
24.0,3.14,75.363,39.67,41.13,1100.0,1.25604,0,Normal
19.598,1.9,37.238,25.89,34.07,45.6,0.62063,1,Sensor Anomaly
19.603,0.818,16.027,40.21,34.75,177.03,0.26712,0,Normal
22.039,1.523,33.557,35.24,36.93,518.05,0.55928,0,Normal
18.795,0.471,8.845,27.92,68.72,96.86,0.14742,0,Normal
22.653,2.513,56.917,16.31,32.69,860.31,0.94862,0,Normal
18.104,0.256,4.632,28.86,52.64,71.78,0.0772,0,Normal
21.797,2.039,44.442,29.71,69.13,657.97,0.7407,0,Normal
18.294,0.308,5.633,37.17,65.5,68.21,0.09388,0,Normal
20.999,0.462,9.709,40.12,51.06,560.32,0.16182,1,Low Current
24.0,3.121,74.897,24.21,61.44,1100.0,1.24828,0,Normal
22.202,2.169,48.164,34.61,59.93,750.98,0.80273,0,Normal
20.401,1.006,20.526,34.36,53.96,408.22,0.3421,0,Normal
11.973,1.636,19.589,36.51,54.2,641.26,0.32648,1,Low Voltage
21.506,2.07,44.52,32.49,95.0,655.04,0.742,0,Normal
22.531,2.558,57.626,15.4,72.57,782.34,0.96044,0,Normal
20.873,0.578,12.063,27.91,95.0,267.28,0.20105,0,Normal
24.0,0.288,6.92,20.91,49.05,815.92,0.11533,1,Low Current
18.444,0.261,4.822,27.58,56.47,20.0,0.08037,0,Normal
21.498,1.401,30.11,35.86,34.02,473.63,0.50184,0,Normal
21.485,1.546,33.21,31.14,43.43,513.28,0.5535,0,Normal
22.79,2.436,55.518,37.04,92.23,827.33,0.92531,0,Normal
20.724,0.508,10.52,31.39,48.6,656.34,0.17533,1,Low Current
19.482,0.174,3.396,19.91,92.55,256.44,0.0566,1,Low Current
20.261,1.109,22.467,15.0,35.62,374.2,0.37444,0,Normal
21.315,1.806,38.5,30.04,39.04,705.63,0.64167,0,Normal
20.664,1.808,37.364,27.5,51.86,627.86,0.62273,0,Normal
21.343,1.595,34.033,22.16,56.85,487.85,0.56721,0,Normal
21.517,1.4,30.124,17.1,74.62,515.37,0.50206,0,Normal
22.281,2.397,53.414,23.86,66.11,844.93,0.89024,0,Normal
20.442,1.446,29.554,27.64,50.51,505.05,0.49257,0,Normal
22.348,1.677,37.477,48.56,55.6,625.33,0.62462,1,Over Temperature
23.853,3.177,75.786,30.32,52.26,1100.0,1.2631,0,Normal
19.246,0.565,10.88,40.26,41.54,251.37,0.18134,0,Normal
18.737,0.61,11.426,21.75,42.02,131.48,0.19044,0,Normal
23.317,2.51,58.523,35.17,76.5,869.41,0.97539,0,Normal
20.052,1.111,22.277,29.33,25.09,459.98,0.37129,0,Normal
21.207,1.855,39.344,33.86,87.11,560.89,0.65574,0,Normal
20.682,1.236,25.566,25.94,51.83,431.28,0.42609,0,Normal
21.337,1.458,31.116,36.5,44.09,577.26,0.5186,0,Normal
24.0,3.244,77.859,31.07,71.32,1097.59,1.29764,0,Normal
23.508,2.541,59.726,24.24,84.73,874.6,0.99543,0,Normal
24.0,2.162,51.897,28.92,78.12,891.42,0.86495,0,Normal
21.256,0.613,13.021,48.23,67.03,253.46,0.21701,1,Over Temperature
19.333,0.958,18.512,32.42,77.56,327.68,0.30853,0,Normal
16.604,0.05,0.83,20.74,27.1,20.0,0.01384,0,Normal
20.862,1.194,24.91,28.79,48.61,423.37,0.41516,0,Normal
23.468,2.572,60.37,31.77,41.6,917.88,1.00617,0,Normal
23.405,1.998,46.767,29.23,80.04,794.75,0.77945,0,Normal
21.392,1.662,35.55,38.43,51.1,587.98,0.59251,0,Normal
21.668,1.778,38.534,34.42,73.22,643.76,0.64224,0,Normal
21.434,1.058,22.675,28.95,67.65,457.11,0.37792,0,Normal
22.994,2.13,48.97,30.52,42.48,707.33,0.81617,0,Normal
22.064,2.549,56.247,31.07,47.43,864.45,0.93745,0,Normal
18.443,0.495,9.135,31.82,81.29,197.55,0.15226,0,Normal
22.549,2.046,46.141,16.22,44.04,733.9,0.76901,0,Normal
23.488,2.675,62.82,26.89,60.25,911.08,1.047,0,Normal
21.204,1.473,31.229,18.61,43.91,533.77,0.52048,0,Normal
23.057,1.976,45.556,37.95,52.35,846.2,0.75927,0,Normal
24.0,3.151,75.627,28.57,57.17,1100.0,1.26045,0,Normal
22.864,1.585,36.238,27.65,43.91,620.78,0.60397,0,Normal
22.709,2.025,45.994,35.28,40.71,760.13,0.76657,0,Normal
19.89,1.491,29.652,31.96,63.15,443.34,0.4942,0,Normal
22.199,1.949,43.276,21.1,42.79,700.75,0.72126,0,Normal
22.533,2.17,48.89,54.28,43.41,778.88,0.81483,1,Over Temperature
22.546,2.06,46.436,26.65,41.1,704.56,0.77394,0,Normal
20.664,1.124,23.228,16.79,56.6,364.49,0.38714,0,Normal
23.703,1.819,43.111,24.17,74.99,707.78,0.71851,0,Normal
23.966,2.943,70.541,27.72,85.12,1059.41,1.17568,0,Normal
22.843,2.168,49.52,28.2,44.93,775.62,0.82533,0,Normal
24.0,2.648,63.547,18.62,95.0,919.36,1.05911,0,Normal
20.791,1.657,34.443,37.06,39.92,583.64,0.57406,0,Normal
23.179,2.862,66.334,28.29,77.5,859.97,1.10557,0,Normal
21.601,1.814,39.19,29.26,45.01,728.19,0.65317,0,Normal
20.19,1.24,25.034,31.8,42.32,383.74,0.41723,0,Normal
21.927,2.287,50.156,23.48,44.59,739.19,0.83594,0,Normal
20.787,1.12,23.28,32.19,57.06,372.32,0.38801,0,Normal
20.904,1.204,25.167,26.43,68.44,472.79,0.41945,0,Normal
21.62,2.275,49.181,22.72,70.06,703.01,0.81969,0,Normal
22.787,1.634,37.23,33.01,41.01,733.23,0.6205,0,Normal
19.667,0.745,14.66,39.44,40.19,317.01,0.24434,0,Normal
24.0,2.821,67.709,34.07,41.5,945.12,1.12848,0,Normal
21.796,3.441,75.007,35.46,56.0,74.26,1.25011,1,Sensor Anomaly
20.965,1.554,32.584,25.36,54.22,452.68,0.54307,0,Normal
20.038,0.532,10.663,17.82,40.9,53.68,0.17771,1,Sensor Anomaly
20.999,1.469,30.854,39.43,62.85,609.43,0.51423,0,Normal
19.81,1.334,26.429,43.38,95.0,525.14,0.44049,0,Normal
21.691,1.941,42.112,39.8,48.92,681.68,0.70187,0,Normal
22.108,1.492,32.976,26.65,50.2,548.33,0.5496,0,Normal
19.418,0.159,3.095,20.92,68.07,87.91,0.05158,0,Normal
21.034,1.779,37.421,21.54,47.94,541.26,0.62369,0,Normal
20.683,1.871,38.704,17.21,70.04,564.43,0.64506,0,Normal
22.582,2.231,50.377,28.25,45.07,827.43,0.83962,0,Normal
20.018,0.936,18.732,40.24,90.98,454.5,0.3122,0,Normal
24.0,2.678,64.266,28.01,64.21,1100.0,1.0711,0,Normal
18.462,0.361,6.672,31.12,46.84,114.74,0.1112,0,Normal
23.235,2.908,67.562,38.63,47.4,1017.13,1.12603,0,Normal
22.267,1.653,36.798,26.17,48.75,587.19,0.6133,0,Normal
22.986,2.413,55.463,43.25,82.71,890.68,0.92438,0,Normal
21.89,1.687,36.93,50.44,35.16,672.34,0.61551,1,Over Temperature
22.53,2.819,63.506,28.08,45.98,969.08,1.05844,0,Normal
19.553,1.818,35.557,24.96,47.89,541.54,0.59262,0,Normal
18.826,0.547,10.295,33.88,57.72,342.39,0.17159,0,Normal
23.911,2.913,69.648,26.57,53.12,1047.74,1.1608,0,Normal
22.215,1.567,34.811,20.9,31.16,618.23,0.58019,0,Normal
20.308,1.687,34.253,37.97,50.8,712.04,0.57088,0,Normal
24.0,2.532,60.775,37.52,56.21,995.73,1.01292,0,Normal
20.158,1.072,21.601,30.09,46.69,361.05,0.36002,0,Normal
23.974,2.376,56.97,20.16,70.36,816.74,0.9495,0,Normal
20.404,1.63,33.253,20.39,74.55,484.83,0.55422,0,Normal
21.912,1.706,37.376,54.22,56.59,612.99,0.62293,1,Over Temperature
22.069,1.559,34.4,25.5,62.15,670.24,0.57333,0,Normal
19.912,0.599,11.935,26.61,20.0,229.94,0.19892,0,Normal
20.149,0.94,18.932,36.15,50.42,431.93,0.31554,0,Normal
24.0,2.623,62.942,34.13,76.09,1028.3,1.04903,0,Normal
23.819,2.568,61.163,38.65,50.38,898.13,1.01938,0,Normal
21.412,1.814,38.834,47.56,44.73,632.46,0.64724,1,Over Temperature
22.438,2.112,47.379,26.6,95.0,718.07,0.78965,0,Normal
19.851,1.503,29.832,34.31,90.74,567.61,0.4972,0,Normal
24.0,2.995,71.88,32.14,66.42,1029.84,1.198,0,Normal
22.564,1.552,35.014,39.73,78.5,593.9,0.58356,0,Normal
21.245,2.182,46.354,31.94,20.0,714.92,0.77257,0,Normal
23.338,2.711,63.28,41.94,43.82,970.89,1.05466,0,Normal
21.016,1.159,24.361,32.78,49.54,432.34,0.40601,0,Normal
24.0,3.028,72.674,36.44,53.75,1086.46,1.21123,0,Normal
13.366,0.615,8.224,26.74,49.18,221.47,0.13706,1,Low Voltage
24.0,3.348,80.361,29.1,20.0,1100.0,1.33934,0,Normal
20.715,1.548,32.071,35.38,64.95,545.65,0.53452,0,Normal
21.049,1.592,33.512,40.29,67.79,582.04,0.55853,0,Normal
18.526,0.291,5.385,34.1,86.83,120.8,0.08976,0,Normal
20.223,1.608,32.514,28.42,43.81,522.66,0.54189,0,Normal
19.766,1.112,21.973,38.64,42.34,358.85,0.36621,0,Normal
22.227,1.314,29.217,15.0,20.0,479.86,0.48695,0,Normal
21.525,1.52,32.71,53.12,52.72,611.55,0.54516,1,Over Temperature
22.424,2.375,53.25,33.77,74.22,918.18,0.8875,0,Normal
22.04,1.937,42.701,29.1,46.99,708.13,0.71169,0,Normal
21.711,2.279,49.469,33.24,95.0,736.15,0.82448,0,Normal
19.011,0.91,17.294,29.45,53.38,343.25,0.28823,0,Normal
20.318,1.009,20.501,33.0,60.65,403.39,0.34168,0,Normal
24.0,2.771,66.502,23.3,33.46,1100.0,1.10837,0,Normal
10.836,1.501,16.266,32.99,63.17,444.14,0.27111,1,Low Voltage
14.608,3.132,45.748,35.96,22.37,1100.0,0.76247,1,Low Voltage
12.671,1.742,22.074,37.54,70.49,581.94,0.3679,1,Low Voltage
20.232,1.945,39.361,43.09,71.04,650.64,0.65602,0,Normal
24.0,2.607,62.562,30.71,82.47,949.7,1.0427,0,Normal
22.537,2.807,63.271,30.92,39.64,1006.13,1.05451,0,Normal
21.197,2.018,42.783,18.34,60.89,618.97,0.71305,0,Normal
9.162,1.547,14.176,25.28,68.15,541.29,0.23627,1,Low Voltage
12.67,1.875,23.755,27.65,65.96,634.34,0.39592,1,Low Voltage
22.484,2.206,49.602,36.35,42.42,744.63,0.82671,0,Normal
23.483,2.636,61.891,24.72,20.0,899.57,1.03151,0,Normal
23.342,1.774,41.41,34.57,64.25,651.18,0.69017,0,Normal
23.601,2.285,53.935,28.99,55.26,823.29,0.89892,0,Normal
23.879,3.207,76.586,27.76,47.8,1100.0,1.27643,0,Normal
21.559,2.24,48.301,30.74,71.75,756.77,0.80501,0,Normal
24.0,2.271,54.497,26.26,57.19,737.26,0.90828,0,Normal
20.067,0.727,14.597,26.0,34.25,224.7,0.24329,0,Normal
18.731,0.164,3.073,17.07,23.23,20.0,0.05122,0,Normal
22.548,2.037,45.93,27.26,37.68,758.75,0.76549,0,Normal
21.916,1.639,35.929,25.64,95.0,623.45,0.59881,0,Normal
13.224,1.556,20.577,25.39,71.01,505.86,0.34295,1,Low Voltage
22.246,1.887,41.972,31.92,61.4,718.19,0.69953,0,Normal
21.633,1.746,37.772,33.61,54.73,633.09,0.62953,0,Normal
23.021,2.93,67.442,30.63,53.55,965.78,1.12404,0,Normal
21.394,2.076,44.416,35.97,79.01,674.11,0.74027,0,Normal
21.505,1.274,27.395,33.03,49.17,440.86,0.45658,0,Normal
23.427,2.535,59.399,26.93,68.38,927.25,0.98999,0,Normal
22.966,1.626,37.335,25.76,51.73,589.2,0.62226,0,Normal
21.411,2.368,50.708,31.19,92.92,797.43,0.84513,0,Normal
20.532,1.422,29.192,33.02,71.36,516.33,0.48653,0,Normal
19.381,1.183,22.926,38.78,80.42,468.05,0.3821,0,Normal
20.886,2.07,43.233,37.34,47.48,673.57,0.72055,0,Normal
21.337,1.862,39.732,25.21,77.05,653.59,0.66221,0,Normal
22.845,2.081,47.55,28.29,52.37,784.35,0.7925,0,Normal
21.418,1.675,35.867,33.7,59.98,574.78,0.59778,0,Normal
18.053,0.549,9.903,36.48,87.43,135.82,0.16505,0,Normal
9.47,1.276,12.082,35.57,39.23,528.82,0.20137,1,Low Voltage
24.0,2.393,57.438,28.55,61.66,872.27,0.9573,0,Normal
21.32,1.554,33.127,20.22,65.88,566.73,0.55212,0,Normal
20.779,1.716,35.648,22.01,67.36,581.01,0.59414,0,Normal
23.602,2.684,63.35,30.91,49.89,926.19,1.05583,0,Normal
20.687,1.15,23.799,31.4,95.0,450.65,0.39666,0,Normal
19.174,0.345,6.618,21.31,34.69,218.02,0.11029,0,Normal
21.626,1.869,40.416,29.31,84.26,605.02,0.6736,0,Normal
20.068,1.221,24.495,33.42,79.87,514.43,0.40825,0,Normal
20.91,1.118,23.372,20.94,92.22,379.45,0.38954,0,Normal
20.614,0.274,5.638,36.73,29.41,600.89,0.09397,1,Low Current
15.547,2.23,34.671,26.36,42.36,787.62,0.57785,1,Low Voltage
22.018,2.075,45.691,37.8,84.85,647.4,0.76152,0,Normal
23.252,2.607,60.612,25.27,24.21,735.95,1.01019,0,Normal
24.0,2.801,67.217,21.81,29.08,1100.0,1.12028,0,Normal
22.043,1.726,38.056,25.79,49.21,553.99,0.63427,0,Normal
22.057,2.0,44.113,28.33,61.46,727.94,0.73521,0,Normal
19.934,1.607,32.027,26.28,86.66,507.42,0.53378,0,Normal
21.399,1.324,28.342,27.49,54.67,413.02,0.47237,0,Normal
21.718,1.602,34.798,31.34,47.05,486.23,0.57997,0,Normal
20.555,1.49,30.625,27.8,63.61,515.95,0.51041,0,Normal
23.06,1.931,44.519,28.54,66.45,750.65,0.74199,0,Normal
24.0,3.284,78.811,17.04,65.94,1100.0,1.31351,0,Normal
21.579,1.267,27.344,31.74,54.8,449.51,0.45573,0,Normal
20.755,0.454,9.422,28.38,22.81,533.34,0.15704,1,Low Current
22.797,1.644,37.484,40.27,41.48,632.33,0.62473,0,Normal
23.18,2.32,53.769,22.42,83.56,760.82,0.89616,0,Normal
23.817,2.342,55.77,16.34,61.37,723.79,0.9295,0,Normal
23.524,2.576,60.605,33.33,52.19,1009.55,1.01009,0,Normal
18.243,0.021,0.388,31.43,78.13,20.0,0.00646,1,Low Current
17.518,0.05,0.876,21.94,37.66,20.0,0.0146,0,Normal
21.825,1.182,25.787,52.34,53.94,511.15,0.42979,1,Over Temperature
24.0,2.648,63.541,39.76,60.48,957.24,1.05901,0,Normal
20.6,0.43,8.862,38.9,50.06,211.62,0.14771,0,Normal
18.707,0.05,0.935,15.0,59.81,20.0,0.01559,0,Normal
23.347,2.124,49.597,25.79,54.62,809.93,0.82662,0,Normal
21.589,1.779,38.402,40.65,32.81,718.22,0.64004,0,Normal
20.431,0.848,17.323,25.67,61.27,344.74,0.28872,0,Normal
19.964,0.808,16.127,25.57,34.09,374.05,0.26878,0,Normal
10.197,0.985,10.048,27.02,60.98,378.47,0.16747,1,Low Voltage
22.304,1.789,39.908,21.15,82.73,680.95,0.66513,0,Normal
20.8,1.412,29.377,17.07,52.94,474.63,0.48962,0,Normal
22.49,2.277,51.199,36.37,36.91,788.34,0.85332,0,Normal
18.08,0.104,1.873,16.1,55.71,20.0,0.03121,0,Normal
20.051,1.096,21.976,30.73,43.02,410.08,0.36626,0,Normal
20.507,0.876,17.955,35.21,68.7,334.7,0.29926,0,Normal
21.746,1.483,32.256,18.84,55.34,578.22,0.5376,0,Normal
21.301,1.257,26.775,22.53,88.78,499.35,0.44626,0,Normal
21.908,2.526,55.347,37.49,78.93,873.4,0.92245,0,Normal
18.879,0.05,0.944,32.73,55.24,129.39,0.01573,0,Normal
22.356,1.842,41.18,24.68,70.88,662.74,0.68633,0,Normal
22.249,2.157,48.001,37.42,50.92,806.33,0.80001,0,Normal
24.0,3.13,75.128,37.45,58.61,1100.0,1.25214,0,Normal
19.341,1.173,22.688,30.88,51.49,515.11,0.37814,0,Normal
23.052,2.084,48.035,22.7,71.8,740.85,0.80058,0,Normal
19.341,0.467,9.029,26.11,83.79,144.92,0.15048,0,Normal
18.349,0.05,0.917,53.03,72.38,20.0,0.01529,1,Over Temperature
23.376,2.279,53.272,27.68,74.59,886.54,0.88786,0,Normal
22.012,1.77,38.968,35.57,74.61,648.44,0.64947,0,Normal
24.0,2.864,68.739,18.29,67.92,979.98,1.14564,0,Normal
19.246,0.171,3.287,18.54,37.49,265.45,0.05478,1,Low Current
22.851,2.311,52.807,30.27,88.62,795.57,0.88011,0,Normal
24.0,2.883,69.195,25.56,90.48,1100.0,1.15325,0,Normal
21.849,1.864,40.734,24.61,53.79,767.52,0.6789,0,Normal
23.076,2.078,47.944,16.62,51.33,727.44,0.79906,0,Normal
21.416,1.594,34.139,29.14,69.02,652.4,0.56898,0,Normal
18.122,0.429,7.783,28.63,67.91,210.15,0.12971,0,Normal
23.586,3.014,71.075,33.57,54.36,1029.56,1.18459,0,Normal
20.202,1.366,27.599,29.48,35.5,478.96,0.45998,0,Normal
23.391,2.103,49.192,28.07,63.5,791.26,0.81986,0,Normal
19.075,0.458,8.737,37.24,67.93,212.35,0.14561,0,Normal
21.016,1.014,21.311,19.81,71.06,319.75,0.35518,0,Normal
23.65,2.949,69.745,32.75,64.29,1051.82,1.16242,0,Normal
22.121,1.347,29.796,17.3,53.12,552.76,0.4966,0,Normal
24.0,2.617,62.809,23.13,75.89,1056.92,1.04682,0,Normal
22.13,2.109,46.677,20.51,59.19,628.1,0.77796,0,Normal
19.172,0.151,2.887,34.47,49.63,134.27,0.04811,0,Normal
23.796,2.601,61.892,28.54,54.75,899.78,1.03153,0,Normal
19.816,1.621,32.131,28.91,26.57,484.83,0.53552,0,Normal
23.578,2.408,56.766,21.25,54.72,845.63,0.94611,0,Normal
22.109,1.726,38.17,26.9,70.39,657.06,0.63617,0,Normal
19.159,0.355,6.797,23.66,64.12,217.93,0.11328,0,Normal
21.39,1.67,35.723,31.68,85.37,696.0,0.59538,0,Normal
24.0,3.161,75.873,46.5,53.27,1100.0,1.26455,1,Over Temperature
21.715,2.424,52.629,38.31,66.77,788.04,0.87714,0,Normal
23.49,1.724,40.504,17.27,72.27,633.9,0.67507,0,Normal
23.828,2.57,61.228,23.35,95.0,951.1,1.02046,0,Normal
21.004,2.064,43.349,40.74,60.61,708.99,0.72248,0,Normal
21.868,1.858,40.631,25.95,39.2,708.67,0.67718,0,Normal
20.001,1.021,20.423,19.8,73.26,344.34,0.34039,0,Normal
23.843,1.994,47.549,30.53,91.58,715.48,0.79248,0,Normal
23.004,2.555,58.784,25.67,52.19,939.92,0.97973,0,Normal
20.46,1.165,23.836,23.15,73.14,415.9,0.39726,0,Normal
24.0,3.27,78.488,21.33,80.12,1048.86,1.30814,0,Normal
21.52,1.797,38.664,48.0,76.31,624.32,0.6444,0,Normal
19.987,1.317,26.32,27.24,60.26,401.42,0.43867,0,Normal
23.016,2.474,56.936,15.52,45.43,929.34,0.94893,0,Normal
20.92,1.758,36.774,39.46,56.54,569.7,0.6129,0,Normal
22.759,2.5,56.91,33.28,66.25,862.66,0.9485,0,Normal
21.029,1.325,27.855,50.86,74.35,568.31,0.46426,1,Over Temperature
21.486,1.877,40.328,22.47,64.01,633.25,0.67214,0,Normal
23.341,2.086,48.682,33.71,51.16,788.2,0.81136,0,Normal
22.108,1.763,38.973,27.27,68.0,731.45,0.64955,0,Normal
17.991,0.282,5.082,15.52,73.48,91.25,0.08471,0,Normal
19.28,1.015,19.563,41.51,64.83,336.05,0.32605,0,Normal
23.475,2.572,60.385,25.96,42.95,910.23,1.00642,0,Normal
20.381,1.66,33.822,39.47,54.73,613.0,0.5637,0,Normal
21.835,2.313,50.499,37.95,75.06,56.18,0.84165,1,Sensor Anomaly
20.3,1.202,24.406,21.99,33.11,269.6,0.40677,0,Normal
20.806,0.744,15.485,36.23,20.32,347.67,0.25808,0,Normal
18.792,0.392,7.371,24.44,85.15,83.9,0.12285,0,Normal
20.491,1.767,36.208,50.91,67.21,621.64,0.60347,1,Over Temperature
21.944,1.195,26.221,52.67,68.92,482.44,0.43702,1,Over Temperature
19.502,1.043,20.334,31.78,38.62,379.36,0.33891,0,Normal
21.219,1.514,32.122,25.76,71.28,630.93,0.53537,0,Normal
22.575,1.992,44.976,26.85,62.95,751.91,0.7496,0,Normal
24.0,3.016,72.386,37.0,29.48,1100.0,1.20644,0,Normal
19.979,0.351,7.012,29.75,83.64,226.67,0.11686,0,Normal
24.0,2.828,67.869,23.1,60.86,974.63,1.13116,0,Normal
23.094,2.375,54.845,33.91,50.87,922.47,0.91409,0,Normal
20.227,0.938,18.975,30.38,51.2,431.85,0.31626,0,Normal
22.734,1.815,41.251,15.0,21.73,706.91,0.68752,0,Normal
20.865,1.838,38.341,32.0,68.68,521.86,0.63901,0,Normal
22.666,1.59,36.031,31.74,62.71,701.99,0.60051,0,Normal
24.0,3.063,73.512,29.14,54.51,1072.56,1.2252,0,Normal
23.075,2.124,49.018,35.24,81.01,819.57,0.81696,0,Normal
21.004,2.158,45.328,24.29,33.09,792.41,0.75547,0,Normal
21.108,1.577,33.291,31.36,47.26,529.51,0.55486,0,Normal
10.695,0.763,8.163,18.03,42.7,234.46,0.13605,1,Low Voltage
21.496,2.72,58.466,31.85,52.98,42.99,0.97443,1,Sensor Anomaly
22.957,2.448,56.205,42.67,59.21,987.85,0.93675,0,Normal
18.481,0.737,13.629,22.04,65.74,222.39,0.22715,0,Normal
20.485,1.094,22.414,23.68,51.75,354.57,0.37357,0,Normal
21.887,3.703,81.056,24.03,42.21,72.13,1.35093,1,Sensor Anomaly
20.525,1.12,22.986,29.91,88.35,374.3,0.38309,0,Normal
20.185,1.125,22.7,21.56,95.0,428.09,0.37833,0,Normal
22.006,1.324,29.125,31.95,60.58,531.39,0.48542,0,Normal
20.058,0.739,14.821,34.93,44.38,267.63,0.24702,0,Normal
20.278,1.137,23.065,32.74,84.56,377.25,0.38442,0,Normal
23.142,2.457,56.859,16.62,31.96,846.96,0.94765,0,Normal
20.026,0.874,17.495,35.97,51.97,283.94,0.29158,0,Normal
19.226,0.421,8.102,35.56,45.47,202.6,0.13503,0,Normal
20.763,1.591,33.04,34.81,37.13,473.59,0.55067,0,Normal
23.694,2.308,54.698,31.61,52.96,854.95,0.91164,0,Normal
22.429,1.63,36.568,30.54,42.44,594.86,0.60946,0,Normal
19.962,1.194,23.833,36.23,58.23,519.92,0.39721,0,Normal
20.803,1.771,36.848,42.46,58.49,662.42,0.61413,0,Normal
18.488,0.549,10.149,22.33,46.82,161.2,0.16916,0,Normal
21.391,2.307,49.345,36.55,51.33,788.52,0.82242,0,Normal
22.415,2.391,53.594,28.4,53.84,757.36,0.89324,0,Normal
21.555,1.586,34.182,28.09,72.58,535.39,0.5697,0,Normal
23.744,2.685,63.75,18.24,55.33,931.66,1.06251,0,Normal
19.582,0.853,16.701,27.01,72.84,334.3,0.27835,0,Normal
24.0,2.597,62.334,22.02,68.54,965.81,1.0389,0,Normal
22.239,2.114,47.004,25.75,68.29,693.26,0.7834,0,Normal
21.667,1.736,37.612,21.31,82.98,555.77,0.62687,0,Normal
22.653,1.608,36.432,25.86,37.85,644.44,0.60719,0,Normal
21.605,1.863,40.25,26.16,49.48,619.97,0.67084,0,Normal
24.0,2.874,68.983,29.68,89.74,991.68,1.14972,0,Normal
19.96,0.786,15.691,17.7,53.37,348.53,0.26151,0,Normal
22.17,1.331,29.502,18.88,20.0,436.49,0.4917,0,Normal
22.795,2.418,55.113,31.53,54.35,940.16,0.91856,0,Normal
21.301,0.919,19.577,23.42,60.43,483.25,0.32628,0,Normal
22.675,2.454,55.634,36.52,20.0,902.15,0.92724,0,Normal
24.0,3.101,74.415,30.58,82.01,1100.0,1.24026,0,Normal
20.684,1.466,30.316,33.25,45.15,537.5,0.50526,0,Normal
22.901,2.821,64.611,38.87,63.91,840.78,1.07685,0,Normal
19.461,0.981,19.094,26.83,53.93,326.97,0.31824,0,Normal
23.825,0.723,17.215,24.98,34.81,861.33,0.28692,1,Low Current
21.523,2.024,43.558,35.1,38.73,705.84,0.72596,0,Normal
23.684,2.087,49.418,32.57,41.17,782.45,0.82363,0,Normal
20.051,1.476,29.593,27.69,77.54,469.24,0.49321,0,Normal
17.824,0.572,10.196,38.74,55.34,184.9,0.16993,0,Normal
23.349,2.263,52.836,27.51,48.61,790.91,0.88061,0,Normal
17.914,0.089,1.588,29.23,41.18,72.25,0.02647,0,Normal
21.258,1.28,27.207,29.15,79.53,561.14,0.45345,0,Normal
23.319,2.477,57.771,22.46,84.36,913.53,0.96285,0,Normal
21.19,2.008,42.547,29.54,79.33,703.73,0.70912,0,Normal
24.0,2.936,70.471,38.78,66.86,1100.0,1.17452,0,Normal
24.0,2.648,63.557,32.11,63.22,937.03,1.05928,0,Normal
21.398,1.257,26.903,29.22,36.11,466.91,0.44838,0,Normal
22.036,1.911,42.112,27.87,53.58,657.65,0.70186,0,Normal
22.441,1.59,35.685,31.32,45.69,636.74,0.59474,0,Normal
18.269,0.606,11.076,34.25,25.14,206.99,0.18459,0,Normal
19.886,0.954,18.97,33.26,77.03,386.69,0.31616,0,Normal
21.193,1.1,23.312,26.68,45.48,492.99,0.38854,0,Normal
18.231,0.192,3.496,31.27,79.53,79.86,0.05827,0,Normal
21.623,2.113,45.695,32.36,73.87,663.3,0.76159,0,Normal
20.717,1.37,28.375,21.95,68.02,580.26,0.47291,0,Normal
17.503,0.526,9.207,30.18,69.03,181.59,0.15344,0,Normal
23.402,2.313,54.117,15.0,46.92,763.18,0.90194,0,Normal
23.088,2.769,63.93,32.38,91.44,850.44,1.06549,0,Normal
22.697,1.883,42.749,33.62,58.78,713.57,0.71248,0,Normal
20.819,1.43,29.781,34.23,63.43,559.26,0.49635,0,Normal
22.364,2.069,46.281,26.23,46.32,815.6,0.77135,0,Normal
22.893,2.537,58.076,31.16,41.24,840.46,0.96794,0,Normal
22.665,1.862,42.196,38.97,66.59,736.07,0.70326,0,Normal
20.005,1.082,21.652,38.9,61.92,419.11,0.36087,0,Normal
22.831,1.692,38.64,28.8,43.79,727.45,0.64401,0,Normal
23.08,2.896,66.834,29.98,32.11,984.73,1.1139,0,Normal
20.49,1.537,31.49,36.78,35.14,482.94,0.52484,0,Normal
24.0,3.262,78.295,18.49,79.53,1100.0,1.30492,0,Normal
12.074,1.115,13.466,26.74,46.96,502.82,0.22443,1,Low Voltage
21.766,0.438,9.54,38.35,51.9,659.07,0.159,1,Low Current
21.722,0.971,21.085,35.83,84.11,461.7,0.35142,0,Normal
21.167,1.986,42.033,31.58,37.8,712.52,0.70056,0,Normal
19.228,0.495,9.527,18.46,44.91,162.18,0.15878,0,Normal
21.017,1.44,30.267,28.65,44.16,497.11,0.50445,0,Normal
20.503,1.06,21.737,24.87,87.13,344.21,0.36228,0,Normal
14.599,1.906,27.831,31.32,93.88,687.89,0.46386,1,Low Voltage
24.0,2.253,54.07,23.33,71.53,928.45,0.90116,0,Normal
23.074,2.434,56.159,21.82,72.1,830.88,0.93599,0,Normal
17.609,0.074,1.31,53.23,47.55,20.0,0.02184,1,Over Temperature
24.0,2.86,68.629,37.55,93.05,1100.0,1.14381,0,Normal
22.147,1.765,39.096,47.32,62.82,732.68,0.6516,1,Over Temperature
22.416,1.479,33.157,30.1,73.36,432.58,0.55262,0,Normal
22.799,2.153,49.092,28.98,56.1,694.0,0.8182,0,Normal
22.318,2.095,46.764,21.53,53.18,699.33,0.7794,0,Normal
20.822,1.185,24.67,20.19,87.93,463.28,0.41117,0,Normal
22.974,1.531,35.176,21.96,67.72,705.42,0.58626,0,Normal
21.605,0.45,9.715,23.94,84.12,479.91,0.16192,1,Low Current
19.018,1.554,29.558,31.57,62.6,536.78,0.49263,0,Normal
21.236,1.218,25.856,23.43,42.73,457.84,0.43093,0,Normal
19.107,0.882,16.858,41.23,47.5,248.85,0.28097,0,Normal
20.947,2.055,43.037,36.19,59.85,690.83,0.71728,0,Normal
23.258,2.278,52.971,34.66,46.72,813.88,0.88286,0,Normal
24.0,2.219,53.266,28.16,38.07,794.17,0.88777,0,Normal
23.302,2.418,56.346,39.6,79.63,879.58,0.9391,0,Normal
23.153,2.189,50.682,27.47,48.19,740.82,0.8447,0,Normal
22.173,1.24,27.496,28.78,60.49,500.84,0.45827,0,Normal
22.6,2.536,57.306,30.19,63.33,885.11,0.95509,0,Normal
18.096,0.58,10.494,33.91,47.41,269.9,0.1749,0,Normal
20.635,1.34,27.658,33.46,84.11,397.81,0.46096,0,Normal
20.09,1.159,23.28,25.67,37.89,380.02,0.388,0,Normal
22.746,2.542,57.816,25.27,62.71,952.42,0.96359,0,Normal
23.217,2.541,58.997,33.48,62.43,913.98,0.98329,0,Normal
23.003,2.019,46.434,34.01,57.02,786.45,0.7739,0,Normal
23.565,2.926,68.956,26.25,34.66,950.14,1.14927,0,Normal
20.05,1.435,28.768,17.89,73.67,403.8,0.47946,0,Normal
22.265,2.211,49.22,27.55,71.38,747.61,0.82034,0,Normal
21.467,1.98,42.514,33.36,45.84,614.95,0.70857,0,Normal
21.556,2.449,52.797,41.64,70.73,887.13,0.87995,0,Normal
21.716,1.878,40.793,20.61,64.75,617.74,0.67989,0,Normal
20.287,1.736,35.225,26.01,34.95,542.22,0.58708,0,Normal
23.238,2.239,52.024,26.27,42.63,801.45,0.86707,0,Normal
21.942,2.469,54.174,38.49,78.49,895.33,0.90291,0,Normal
21.392,1.457,31.164,28.76,63.57,462.86,0.51939,0,Normal
21.57,1.895,40.869,52.4,47.84,632.9,0.68115,1,Over Temperature
19.544,0.842,16.465,32.91,42.55,353.64,0.27441,0,Normal
18.297,0.05,0.915,26.17,48.72,20.0,0.01525,0,Normal
21.745,1.959,42.601,20.43,50.0,706.13,0.71001,0,Normal
23.174,1.928,44.673,22.75,42.77,820.49,0.74455,0,Normal
21.424,1.798,38.522,41.14,26.65,723.38,0.64203,0,Normal
18.068,0.131,2.371,31.69,78.52,104.12,0.03952,0,Normal
21.475,1.432,30.743,29.75,75.47,551.76,0.51239,0,Normal
17.32,0.228,3.953,27.25,35.08,28.86,0.06588,0,Normal
23.165,3.054,70.755,31.05,60.45,1033.52,1.17924,0,Normal
20.1,1.051,21.134,46.72,41.76,345.9,0.35224,1,Over Temperature
23.839,2.893,68.958,31.05,53.29,1001.51,1.14931,0,Normal
23.487,2.661,62.504,29.8,51.79,914.84,1.04173,0,Normal
20.364,0.648,13.189,35.08,50.3,397.83,0.21982,0,Normal
19.933,0.928,18.496,29.16,94.05,332.82,0.30827,0,Normal
22.985,1.78,40.92,22.15,50.07,748.1,0.682,0,Normal
20.557,1.25,25.7,24.71,43.45,413.59,0.42834,0,Normal
20.913,1.552,32.451,15.15,44.27,678.7,0.54085,0,Normal
19.411,1.37,26.586,43.19,76.79,514.81,0.4431,0,Normal
20.006,0.516,10.319,35.04,28.26,151.28,0.17198,0,Normal
18.198,0.05,0.91,23.19,44.27,25.47,0.01517,0,Normal
22.895,2.165,49.563,27.03,84.04,713.47,0.82605,0,Normal
9.866,1.472,14.522,24.54,62.39,492.76,0.24204,1,Low Voltage
20.56,1.424,29.281,39.8,61.45,495.13,0.48802,0,Normal
22.9,2.512,57.531,19.06,95.0,844.84,0.95886,0,Normal
24.0,2.656,63.734,29.8,62.43,978.56,1.06224,0,Normal
21.538,1.626,35.018,28.24,45.25,573.69,0.58364,0,Normal
20.709,1.532,31.725,34.79,52.92,554.63,0.52875,0,Normal
21.502,2.199,47.284,28.27,37.56,790.04,0.78806,0,Normal
21.21,0.645,13.672,16.69,80.61,270.06,0.22787,0,Normal
22.105,1.765,39.005,27.24,68.34,712.48,0.65009,0,Normal
23.418,2.202,51.556,22.19,78.24,804.53,0.85926,0,Normal
23.528,2.267,53.33,29.56,79.83,840.46,0.88884,0,Normal
17.971,0.163,2.923,39.04,50.54,107.71,0.04871,0,Normal
21.296,1.391,29.633,47.15,40.99,436.82,0.49388,1,Over Temperature
20.042,0.923,18.502,23.4,57.07,404.09,0.30836,0,Normal
21.371,1.867,39.902,25.13,42.29,677.97,0.66503,0,Normal
23.49,2.402,56.433,26.33,60.97,784.61,0.94055,0,Normal
24.0,3.116,74.78,34.18,78.38,1069.08,1.24634,0,Normal
21.362,1.645,35.138,27.79,54.97,511.41,0.58563,0,Normal
21.179,1.309,27.718,31.91,60.7,510.68,0.46196,0,Normal
24.0,2.864,68.738,24.62,56.31,971.91,1.14563,0,Normal
21.168,1.844,39.033,30.61,72.45,733.04,0.65055,0,Normal
23.384,2.724,63.705,34.44,45.98,1004.94,1.06175,0,Normal
22.186,2.017,44.752,23.87,20.0,730.84,0.74586,0,Normal
19.137,0.796,15.237,34.47,66.48,326.01,0.25395,0,Normal
19.851,0.705,13.988,29.37,75.78,276.72,0.23313,0,Normal
19.841,0.505,10.011,36.32,66.03,215.58,0.16685,0,Normal
23.889,2.153,51.436,27.59,46.48,835.37,0.85727,0,Normal
23.493,2.878,67.623,31.67,37.57,982.81,1.12706,0,Normal
24.0,3.03,72.72,28.72,66.9,1100.0,1.212,0,Normal
23.545,2.505,58.978,28.33,60.55,886.07,0.98296,0,Normal
24.0,2.737,65.696,30.81,55.74,975.59,1.09493,0,Normal
20.117,1.359,27.344,32.76,90.8,487.6,0.45573,0,Normal
21.35,0.937,19.996,20.25,40.96,326.2,0.33327,0,Normal
23.626,2.379,56.209,39.04,89.95,888.02,0.93682,0,Normal
23.494,2.432,57.133,47.68,58.57,766.95,0.95222,1,Over Temperature
22.943,2.043,46.882,48.96,24.96,680.08,0.78137,1,Over Temperature
22.841,4.024,91.906,28.34,54.77,62.5,1.53176,1,Sensor Anomaly
21.552,1.971,42.489,31.89,75.27,740.49,0.70815,0,Normal
23.584,2.741,64.652,40.03,51.43,1009.47,1.07753,0,Normal
23.145,0.634,14.672,15.99,31.45,1012.6,0.24454,1,Low Current
23.094,2.515,58.084,25.45,55.04,802.38,0.96807,0,Normal
23.452,2.273,53.312,15.0,42.57,886.82,0.88854,0,Normal
22.63,2.328,52.675,29.22,66.85,793.94,0.87792,0,Normal
21.82,1.648,35.968,30.9,71.92,520.87,0.59946,0,Normal
22.473,2.091,46.985,40.14,38.99,861.84,0.78308,0,Normal
19.26,0.689,13.267,29.84,45.3,259.54,0.22111,0,Normal
23.403,2.41,56.396,36.31,71.62,945.09,0.93993,0,Normal
18.403,0.95,17.488,33.09,42.54,315.53,0.29146,0,Normal
22.17,1.977,43.822,25.95,38.52,730.02,0.73037,0,Normal
18.887,1.144,21.609,19.14,36.78,413.36,0.36015,0,Normal
22.272,2.16,48.103,30.93,64.34,804.95,0.80172,0,Normal
22.603,1.94,43.858,18.56,63.56,640.5,0.73096,0,Normal
19.207,0.6,11.52,38.07,45.69,203.47,0.192,0,Normal
22.119,2.182,48.267,27.87,58.09,767.8,0.80444,0,Normal
13.364,1.37,18.314,37.37,85.49,488.18,0.30524,1,Low Voltage
22.612,2.611,59.05,25.64,40.47,896.72,0.98417,0,Normal
21.754,1.758,38.239,30.88,22.87,650.37,0.63731,0,Normal
24.0,2.419,58.048,30.47,66.19,760.72,0.96747,0,Normal
21.491,0.841,18.076,28.68,56.01,381.88,0.30127,0,Normal
20.922,1.045,21.871,25.97,45.22,484.99,0.36451,0,Normal
21.073,1.12,23.603,31.75,69.74,521.58,0.39339,0,Normal
22.716,2.127,48.307,22.52,73.11,889.88,0.80512,0,Normal
24.0,3.222,77.323,20.53,20.0,1100.0,1.28872,0,Normal
20.483,1.265,25.919,37.7,46.25,424.55,0.43198,0,Normal
23.114,2.845,65.768,34.09,95.0,951.52,1.09613,0,Normal
18.776,0.05,0.939,29.46,68.5,42.49,0.01565,0,Normal
20.601,0.997,20.543,40.66,70.17,315.63,0.34239,0,Normal
20.469,1.075,22.007,27.13,79.11,381.54,0.36678,0,Normal
19.368,0.775,15.0,38.26,58.31,271.3,0.25001,0,Normal
17.932,0.687,12.311,30.23,72.34,206.6,0.20519,0,Normal
23.196,2.018,46.807,21.83,70.93,765.64,0.78012,0,Normal
20.316,2.076,42.175,41.94,67.7,590.06,0.70291,0,Normal
21.971,2.322,51.028,35.93,52.2,756.23,0.85046,0,Normal
23.653,2.254,53.324,28.15,61.1,843.33,0.88874,0,Normal
22.84,1.804,41.209,34.09,47.41,724.37,0.68681,0,Normal
22.649,4.436,100.483,26.17,58.23,16.38,1.67471,1,Sensor Anomaly
21.252,1.772,37.665,34.8,36.97,630.53,0.62775,0,Normal
19.666,0.222,4.37,15.0,43.77,317.64,0.07283,1,Low Current
22.917,2.451,56.18,21.86,52.92,946.19,0.93633,0,Normal
20.195,1.387,28.018,35.85,41.01,485.05,0.46697,0,Normal
19.143,0.808,15.46,27.25,48.91,388.03,0.25766,0,Normal
21.943,1.745,38.297,30.45,55.05,600.18,0.63829,0,Normal
13.337,1.094,14.591,19.57,65.24,394.41,0.24318,1,Low Voltage
21.168,0.408,8.643,41.94,75.09,533.12,0.14405,1,Low Current
21.502,1.773,38.118,37.33,49.65,746.34,0.6353,0,Normal
21.584,2.332,50.326,27.6,82.03,747.54,0.83877,0,Normal
20.4,0.807,16.472,26.17,74.89,398.61,0.27453,0,Normal
20.845,1.175,24.484,36.21,67.07,513.44,0.40807,0,Normal
23.155,2.289,53.002,42.88,60.77,950.81,0.88336,0,Normal
22.264,2.219,49.402,35.68,63.74,788.99,0.82336,0,Normal
24.0,2.78,66.72,44.2,79.37,1100.0,1.11201,0,Normal
24.0,2.513,60.303,53.19,80.02,980.44,1.00505,1,Over Temperature
24.0,2.761,66.257,23.26,82.03,970.4,1.10428,0,Normal
20.565,0.818,16.821,20.68,58.74,261.4,0.28036,0,Normal
24.0,2.4,57.607,32.09,67.99,863.88,0.96012,0,Normal
20.928,1.735,36.314,30.23,82.18,635.13,0.60524,0,Normal
21.316,1.711,36.475,27.94,46.77,495.73,0.60791,0,Normal
21.638,1.95,42.188,34.66,52.27,697.04,0.70313,0,Normal
22.008,2.658,58.488,37.63,58.29,914.66,0.97479,0,Normal
23.956,2.261,54.153,18.32,74.19,790.23,0.90255,0,Normal
20.223,0.19,3.851,24.82,74.47,404.03,0.06419,1,Low Current
13.96,2.466,34.424,34.74,53.84,857.89,0.57373,1,Low Voltage
20.521,1.201,24.638,25.73,30.85,471.48,0.41063,0,Normal
21.746,1.978,43.02,23.41,62.43,710.67,0.71699,0,Normal
20.627,1.611,33.224,36.13,41.47,565.06,0.55373,0,Normal
21.503,1.311,28.198,19.97,31.18,588.72,0.46997,0,Normal
24.0,2.124,50.98,26.89,35.25,864.55,0.84967,0,Normal
19.529,1.159,22.628,31.3,63.87,358.75,0.37713,0,Normal
24.0,2.961,71.054,24.98,82.5,1100.0,1.18424,0,Normal
19.198,0.276,5.294,34.48,58.7,140.1,0.08823,0,Normal
21.173,1.381,29.247,25.02,61.8,482.65,0.48745,0,Normal
22.699,1.997,45.329,38.86,79.29,753.66,0.75548,0,Normal
22.813,2.343,53.442,54.78,30.2,813.61,0.89071,1,Over Temperature
22.414,1.709,38.312,33.7,67.36,621.87,0.63854,0,Normal
21.97,1.786,39.243,34.22,57.79,633.93,0.65404,0,Normal
21.434,2.017,43.229,50.01,68.19,764.95,0.72048,1,Over Temperature
21.969,1.698,37.31,15.0,49.3,585.3,0.62183,0,Normal
24.0,3.083,73.984,51.27,43.28,1040.09,1.23307,1,Over Temperature
22.995,2.359,54.248,29.51,60.53,885.02,0.90413,0,Normal
23.257,2.639,61.386,32.89,87.69,894.39,1.0231,0,Normal
19.787,1.049,20.765,27.41,73.5,379.48,0.34608,0,Normal
20.778,1.887,39.215,25.99,48.86,627.77,0.65358,0,Normal
19.858,1.565,31.072,43.06,33.86,565.87,0.51787,0,Normal
19.292,1.035,19.974,18.69,27.72,368.43,0.33291,0,Normal
22.745,2.137,48.595,34.14,81.69,750.85,0.80991,0,Normal
19.254,1.617,31.134,24.98,40.81,499.46,0.51889,0,Normal
22.493,5.117,115.087,26.65,52.14,37.11,1.91812,1,Sensor Anomaly
19.522,1.064,20.78,26.78,81.78,350.35,0.34634,0,Normal
24.0,3.021,72.508,23.38,28.95,1100.0,1.20847,0,Normal
18.895,1.387,26.2,33.0,84.86,399.03,0.43667,0,Normal
22.208,2.066,45.885,38.73,53.43,711.4,0.76475,0,Normal
22.157,2.428,53.799,32.29,37.33,871.72,0.89666,0,Normal
21.616,1.341,28.983,29.72,53.55,490.22,0.48305,0,Normal
22.97,2.675,61.448,22.09,44.99,888.69,1.02414,0,Normal
19.578,0.737,14.437,32.62,65.93,305.83,0.24061,0,Normal
23.865,2.553,60.922,44.09,46.33,1056.59,1.01537,0,Normal
22.061,1.84,40.603,47.52,23.59,653.96,0.67672,1,Over Temperature
20.89,1.564,32.668,26.37,54.03,483.0,0.54447,0,Normal
21.097,1.872,39.487,25.07,33.58,566.23,0.65811,0,Normal
11.462,2.433,27.884,25.57,61.68,876.5,0.46474,1,Low Voltage
21.494,1.39,29.879,15.0,36.63,486.35,0.49798,0,Normal
19.935,1.313,26.182,31.84,49.22,440.18,0.43636,0,Normal
21.874,1.603,35.075,23.08,61.29,587.97,0.58458,0,Normal
20.939,1.0,20.939,17.73,54.18,320.45,0.34898,0,Normal
24.0,3.022,72.523,34.27,62.51,1100.0,1.20872,0,Normal
21.69,1.565,33.954,21.43,70.25,491.41,0.56589,0,Normal
23.377,2.596,60.688,26.63,37.16,882.85,1.01147,0,Normal
21.24,2.088,44.341,39.27,56.84,708.65,0.73901,0,Normal
19.826,1.02,20.23,19.14,20.0,374.33,0.33717,0,Normal
22.282,2.18,48.582,18.27,62.45,648.33,0.8097,0,Normal
23.73,2.5,59.331,30.89,52.59,869.52,0.98885,0,Normal
23.233,1.687,39.187,37.05,40.3,597.29,0.65311,0,Normal
24.0,2.647,63.539,17.98,63.68,984.07,1.05898,0,Normal
22.625,2.576,58.293,31.85,79.11,936.02,0.97156,0,Normal
22.705,2.53,57.45,33.07,49.43,907.3,0.9575,0,Normal
22.973,0.278,6.383,15.0,40.99,521.3,0.10638,1,Low Current
19.696,0.907,17.86,34.59,60.97,347.64,0.29767,0,Normal
20.649,1.289,26.611,35.14,33.96,478.2,0.44352,0,Normal
21.512,1.979,42.562,26.82,46.11,704.95,0.70937,0,Normal
23.593,1.888,44.534,37.77,80.0,802.82,0.74223,0,Normal
18.303,0.091,1.666,36.96,59.12,41.96,0.02777,0,Normal
21.226,1.733,36.782,29.72,24.17,647.73,0.61304,0,Normal
21.449,1.938,41.562,25.84,25.65,694.26,0.6927,0,Normal
21.719,1.796,38.997,22.19,60.92,572.29,0.64994,0,Normal
24.0,6.002,144.058,28.74,73.52,13.0,2.40096,1,Sensor Anomaly
22.991,2.247,51.662,32.99,28.88,768.1,0.86103,0,Normal
24.0,2.618,62.822,26.73,66.09,1016.85,1.04704,0,Normal
21.602,1.613,34.85,15.0,81.95,589.53,0.58083,0,Normal
22.772,2.613,59.501,37.88,91.98,912.49,0.99169,0,Normal
24.0,3.142,75.417,30.33,63.96,1100.0,1.25694,0,Normal
23.685,3.02,71.536,26.34,67.12,1017.27,1.19226,0,Normal
19.724,0.932,18.379,35.0,20.0,344.2,0.30631,0,Normal
21.119,1.52,32.1,39.67,95.0,578.97,0.53501,0,Normal
12.447,1.888,23.5,15.0,47.64,553.35,0.39167,1,Low Voltage
22.987,2.191,50.362,32.04,41.2,786.99,0.83937,0,Normal
22.943,2.196,50.39,19.01,53.41,842.18,0.83984,0,Normal
19.714,1.415,27.891,32.49,85.21,415.11,0.46485,0,Normal
21.645,1.59,34.419,29.9,95.0,668.99,0.57365,0,Normal
18.465,0.05,0.923,33.45,60.26,84.42,0.01539,0,Normal
24.0,3.087,74.082,25.51,75.97,1053.74,1.2347,0,Normal
21.563,1.602,34.535,15.89,58.78,506.54,0.57558,0,Normal
22.602,1.936,43.755,25.85,39.32,665.64,0.72926,0,Normal
22.122,1.327,29.347,31.85,84.58,563.3,0.48912,0,Normal
23.747,2.663,63.23,53.37,46.8,970.89,1.05383,1,Over Temperature
17.476,0.05,0.874,20.8,85.64,20.0,0.01456,0,Normal
21.404,1.68,35.957,36.19,81.37,645.35,0.59929,0,Normal
21.033,1.993,41.91,24.46,69.05,620.37,0.69849,0,Normal
22.162,1.262,27.96,31.54,90.92,522.98,0.46599,0,Normal
24.0,3.135,75.238,25.43,95.0,1100.0,1.25396,0,Normal
20.733,1.33,27.582,30.28,54.85,401.55,0.4597,0,Normal
23.541,2.456,57.829,35.24,43.44,866.1,0.96382,0,Normal
22.789,2.337,53.261,20.41,24.44,749.75,0.88769,0,Normal
24.0,2.914,69.929,24.24,95.0,1003.23,1.16548,0,Normal
19.529,1.364,26.635,30.29,50.09,463.19,0.44392,0,Normal
20.097,1.273,25.573,45.81,78.43,444.77,0.42622,0,Normal
23.176,2.798,64.844,22.96,44.66,956.9,1.08074,0,Normal
22.354,2.025,45.268,43.28,85.69,769.09,0.75446,0,Normal
18.812,0.358,6.734,43.03,45.4,217.42,0.11223,0,Normal
22.274,1.562,34.791,28.32,36.55,498.99,0.57984,0,Normal
23.143,2.326,53.829,26.91,54.25,758.19,0.89715,0,Normal
15.694,2.525,39.632,24.16,48.43,884.57,0.66054,1,Low Voltage
20.484,1.182,24.211,28.52,68.73,459.82,0.40352,0,Normal
19.439,0.05,0.972,19.15,57.07,20.0,0.0162,0,Normal
22.671,2.234,50.649,28.47,69.3,796.5,0.84415,0,Normal
19.72,0.602,11.866,53.52,52.76,308.31,0.19776,1,Over Temperature
18.547,0.05,0.927,24.72,46.03,85.15,0.01546,0,Normal
17.779,0.109,1.941,27.31,47.5,63.45,0.03235,1,Sensor Anomaly
23.491,2.35,55.2,17.09,94.81,877.91,0.91999,0,Normal
20.577,1.964,40.412,31.62,62.05,686.01,0.67354,0,Normal
20.291,1.6,32.466,30.85,22.29,586.82,0.5411,0,Normal
24.0,2.78,66.73,29.45,48.64,1038.93,1.11216,0,Normal
24.0,2.004,48.099,27.48,59.74,828.45,0.80166,0,Normal
11.823,2.917,34.492,26.95,91.22,1100.0,0.57487,1,Low Voltage
18.868,0.573,10.811,32.51,76.52,260.03,0.18019,0,Normal
20.737,1.562,32.394,28.8,41.41,640.33,0.5399,0,Normal
19.578,0.488,9.557,31.2,95.0,197.32,0.15928,0,Normal
20.98,1.42,29.794,30.5,57.44,585.77,0.49657,0,Normal
21.636,1.567,33.897,36.86,80.43,580.39,0.56495,0,Normal
23.007,2.324,53.474,33.74,37.21,825.45,0.89124,0,Normal
22.178,1.692,37.527,53.69,20.0,662.76,0.62545,1,Over Temperature
15.787,2.335,36.857,39.63,32.65,824.55,0.61428,1,Low Voltage
23.177,2.102,48.712,31.94,20.0,846.96,0.81187,0,Normal
24.0,2.819,67.659,38.13,95.0,1100.0,1.12765,0,Normal
20.719,0.245,5.072,33.25,61.86,561.72,0.08454,1,Low Current
19.867,1.22,24.245,16.11,41.36,386.51,0.40408,0,Normal
20.316,0.733,14.898,38.13,66.15,718.9,0.24829,1,Low Current
20.302,1.472,29.892,29.95,61.41,425.36,0.49821,0,Normal
24.0,2.898,69.547,28.64,69.18,1064.95,1.15912,0,Normal
21.786,1.561,34.001,51.53,79.77,570.7,0.56669,1,Over Temperature
21.07,1.187,25.019,26.59,52.78,491.64,0.41698,0,Normal
20.455,1.213,24.804,30.59,42.16,518.03,0.41341,0,Normal
13.175,2.425,31.949,24.86,72.9,851.16,0.53248,1,Low Voltage
21.228,1.524,32.348,37.92,72.44,605.83,0.53913,0,Normal
21.844,1.532,33.475,28.2,59.81,470.33,0.55792,0,Normal
23.88,2.811,67.119,26.32,95.0,1100.0,1.11865,0,Normal
19.999,1.241,24.81,22.53,50.12,410.27,0.41349,0,Normal
21.22,1.651,35.024,30.88,41.8,659.96,0.58373,0,Normal
21.826,2.165,47.256,30.31,65.53,832.65,0.7876,0,Normal
18.335,0.633,11.599,31.72,45.85,193.23,0.19332,0,Normal
14.467,2.085,30.17,21.81,66.92,784.47,0.50283,1,Low Voltage
19.809,0.911,18.04,17.79,43.01,354.57,0.30067,0,Normal
20.373,2.288,46.612,33.38,50.8,880.38,0.77687,0,Normal
20.675,1.364,28.192,39.39,92.04,380.46,0.46987,0,Normal
21.965,2.263,49.712,21.82,50.7,843.98,0.82853,0,Normal
23.792,2.635,62.699,40.13,43.62,959.63,1.04498,0,Normal
23.219,2.437,56.577,48.25,79.07,891.2,0.94294,1,Over Temperature
23.706,2.045,48.476,28.95,39.08,720.37,0.80794,0,Normal
22.179,1.525,33.823,26.22,45.53,585.24,0.56372,0,Normal
20.721,1.344,27.841,19.31,68.38,488.6,0.46401,0,Normal
23.607,2.996,70.716,35.91,74.89,1061.89,1.17859,0,Normal
21.812,1.119,24.408,23.57,79.97,454.14,0.4068,0,Normal
19.161,1.205,23.093,23.54,44.55,359.62,0.38489,0,Normal
22.878,2.517,57.574,35.94,68.73,836.3,0.95957,0,Normal
20.7,1.321,27.355,50.18,49.61,427.08,0.45591,1,Over Temperature
20.23,1.098,22.222,18.33,47.1,383.98,0.37037,0,Normal
19.625,0.146,2.863,28.87,79.66,245.79,0.04772,0,Normal
21.07,1.505,31.704,31.05,48.11,514.79,0.5284,0,Normal
21.896,1.665,36.463,32.39,63.01,626.84,0.60772,0,Normal
22.358,1.961,43.835,26.89,60.8,718.07,0.73059,0,Normal
23.248,2.141,49.767,46.71,38.73,916.37,0.82945,0,Normal
22.79,2.314,52.734,27.4,75.39,797.53,0.8789,0,Normal
21.058,1.404,29.558,27.38,68.09,596.56,0.49263,0,Normal
21.609,1.69,36.517,23.42,22.25,594.51,0.60862,0,Normal
22.135,2.367,52.385,29.87,62.99,792.84,0.87309,0,Normal
23.284,2.698,62.823,33.3,44.09,1006.32,1.04705,0,Normal
21.566,2.102,45.336,37.43,77.75,685.37,0.75559,0,Normal
21.189,1.332,28.218,18.58,31.98,518.64,0.4703,0,Normal
20.2,1.146,23.151,50.06,51.58,372.0,0.38585,1,Over Temperature
19.935,0.445,8.866,32.13,64.52,245.34,0.14777,0,Normal
22.468,0.645,14.484,33.11,58.98,836.56,0.2414,1,Low Current
22.908,2.417,55.368,29.05,71.73,811.83,0.9228,0,Normal
22.758,2.33,53.034,32.8,30.67,811.66,0.8839,0,Normal
21.299,1.653,35.2,23.34,87.73,613.98,0.58667,0,Normal
23.943,2.605,62.378,39.91,67.45,1043.94,1.03964,0,Normal
21.515,1.346,28.969,49.66,82.47,514.45,0.48282,1,Over Temperature
23.771,2.79,66.312,19.59,73.74,917.48,1.1052,0,Normal
22.082,1.822,40.243,21.47,57.79,639.15,0.67072,0,Normal
20.467,1.07,21.905,21.67,34.88,479.66,0.36508,0,Normal
24.0,3.214,77.146,33.75,47.86,26.29,1.28577,1,Sensor Anomaly
14.081,2.383,33.552,20.01,86.61,764.7,0.5592,1,Low Voltage
21.29,2.182,46.464,26.68,82.94,749.95,0.77439,0,Normal
13.226,1.641,21.708,32.18,46.85,672.76,0.36179,1,Low Voltage
21.668,1.463,31.698,28.54,20.0,639.39,0.52831,0,Normal
24.0,2.941,70.575,30.81,54.17,1100.0,1.17626,0,Normal
23.594,2.429,57.322,21.54,52.82,981.59,0.95536,0,Normal
24.0,2.329,55.906,33.16,53.5,852.39,0.93177,0,Normal
22.343,2.35,52.502,24.71,67.51,681.3,0.87503,0,Normal
23.934,2.315,55.416,46.56,73.77,932.0,0.9236,1,Over Temperature
22.742,2.174,49.436,30.66,75.83,795.04,0.82393,0,Normal
22.015,2.064,45.431,29.72,66.02,657.34,0.75719,0,Normal
22.265,1.707,38.005,29.17,25.59,565.0,0.63342,0,Normal
21.62,1.733,37.469,23.75,51.86,627.34,0.62449,0,Normal
17.053,0.05,0.853,26.9,95.0,20.0,0.01421,0,Normal
22.761,1.765,40.175,29.02,64.74,708.97,0.66959,0,Normal
21.568,1.401,30.216,19.37,64.62,513.23,0.5036,0,Normal
24.0,3.109,74.615,25.76,64.47,1095.95,1.24359,0,Normal
22.094,2.016,44.533,31.71,65.48,655.42,0.74222,0,Normal
19.767,0.783,15.473,20.06,20.0,317.09,0.25789,0,Normal
14.693,1.714,25.19,37.1,53.69,636.03,0.41984,1,Low Voltage
19.728,0.81,15.973,37.89,57.32,357.09,0.26622,0,Normal
22.399,2.247,50.336,20.28,81.07,782.55,0.83893,0,Normal
22.884,2.148,49.147,38.5,58.86,731.47,0.81912,0,Normal
22.446,2.673,59.991,27.99,28.36,918.2,0.99986,0,Normal
22.051,0.977,21.54,31.93,65.74,428.55,0.359,0,Normal
22.558,1.872,42.221,25.52,43.53,659.52,0.70368,0,Normal
18.101,0.616,11.153,35.46,36.1,267.79,0.18588,0,Normal
22.751,2.528,57.505,31.84,42.99,846.42,0.95842,0,Normal
22.696,2.203,50.01,23.3,67.77,795.28,0.83349,0,Normal
23.111,1.949,45.043,20.84,80.66,788.83,0.75072,0,Normal
21.366,1.799,38.431,18.78,66.69,650.45,0.64051,0,Normal
22.486,2.211,49.708,30.32,69.38,766.14,0.82847,0,Normal
24.0,0.549,13.187,33.01,66.51,1099.21,0.21978,1,Low Current
20.691,1.484,30.702,33.56,59.82,570.17,0.51171,0,Normal
21.44,1.814,38.895,28.17,70.54,688.82,0.64826,0,Normal
20.821,0.797,16.588,20.9,20.0,345.88,0.27646,0,Normal
19.273,1.07,20.614,24.23,60.0,406.89,0.34356,0,Normal
22.097,1.708,37.749,37.07,39.19,677.39,0.62916,0,Normal
24.0,2.858,68.584,25.61,78.93,959.1,1.14306,0,Normal
21.191,1.445,30.616,30.0,55.35,578.24,0.51026,0,Normal
21.629,1.666,36.027,21.47,58.56,583.94,0.60045,0,Normal
21.872,1.496,32.731,31.36,30.91,536.07,0.54551,0,Normal
20.488,1.569,32.152,25.8,76.3,500.27,0.53587,0,Normal
21.691,2.212,47.992,36.33,69.29,732.59,0.79986,0,Normal
18.802,0.762,14.333,34.41,68.03,230.77,0.23888,0,Normal
24.0,2.886,69.253,25.53,43.37,1008.66,1.15422,0,Normal
21.609,1.103,23.845,28.11,44.07,463.68,0.39742,0,Normal
22.132,0.59,13.066,25.14,62.02,852.13,0.21777,1,Low Current
20.619,0.679,14.009,19.06,45.5,294.4,0.23349,0,Normal
23.647,2.487,58.804,23.0,65.83,837.28,0.98007,0,Normal
23.982,2.341,56.142,30.39,20.0,838.14,0.9357,0,Normal
22.658,2.258,51.153,31.28,49.22,757.58,0.85255,0,Normal
20.072,1.213,24.348,30.04,90.34,371.56,0.4058,0,Normal
23.074,1.879,43.362,26.89,65.91,719.87,0.72269,0,Normal
20.138,0.884,17.806,35.53,61.0,318.74,0.29676,0,Normal
22.936,1.609,36.896,29.44,93.73,579.23,0.61494,0,Normal
24.0,2.533,60.79,33.92,20.0,938.24,1.01316,0,Normal
12.549,2.379,29.857,16.58,43.32,873.08,0.49762,1,Low Voltage
21.354,2.073,44.258,15.0,50.78,654.25,0.73764,0,Normal
19.706,1.056,20.802,30.99,73.45,377.05,0.3467,0,Normal
22.129,2.349,51.988,19.03,73.76,830.76,0.86647,0,Normal
21.719,1.684,36.57,27.51,42.41,655.43,0.6095,0,Normal
18.721,0.177,3.321,49.82,75.96,20.0,0.05535,1,Over Temperature
22.834,2.197,50.179,40.11,50.74,869.14,0.83631,0,Normal
22.404,1.865,41.774,31.8,79.81,643.21,0.69623,0,Normal
24.0,2.828,67.875,30.16,39.41,986.69,1.13125,0,Normal
19.531,0.873,17.048,34.86,55.78,343.32,0.28413,0,Normal
18.017,0.113,2.029,31.58,49.18,20.0,0.03382,0,Normal
22.679,2.07,46.942,25.8,77.01,728.14,0.78236,0,Normal
22.2,2.006,44.536,36.5,48.59,731.64,0.74227,0,Normal
19.259,0.5,9.623,21.23,57.24,176.61,0.16038,0,Normal
19.561,1.054,20.619,31.26,67.12,376.02,0.34365,0,Normal
24.0,3.135,75.239,18.17,67.81,1100.0,1.25398,0,Normal
22.832,0.309,7.047,30.43,73.97,564.43,0.11745,1,Low Current
14.644,2.175,31.852,30.35,61.8,854.67,0.53087,1,Low Voltage
19.382,1.252,24.258,40.74,50.47,467.82,0.40429,0,Normal
16.905,0.231,3.901,18.05,51.71,64.72,0.06502,0,Normal
21.672,1.705,36.942,24.79,58.46,602.33,0.6157,0,Normal
21.835,1.76,38.427,34.76,62.49,575.63,0.64045,0,Normal
20.706,1.604,33.207,31.35,55.35,538.03,0.55345,0,Normal
22.291,1.56,34.769,30.26,58.35,617.9,0.57949,0,Normal
22.453,2.005,45.027,22.31,30.69,724.0,0.75045,0,Normal
21.537,1.647,35.463,24.86,70.01,607.97,0.59105,0,Normal
19.988,0.812,16.239,37.72,61.26,296.08,0.27064,0,Normal
22.253,2.189,48.704,28.64,76.03,786.13,0.81174,0,Normal
18.259,0.399,7.283,31.63,58.0,104.18,0.12138,0,Normal
18.845,0.243,4.587,28.19,26.71,75.9,0.07645,0,Normal
23.227,2.636,61.236,20.72,51.55,856.97,1.0206,0,Normal
23.825,2.226,53.029,35.54,54.4,791.97,0.88382,0,Normal
22.101,1.605,35.483,32.52,71.37,633.93,0.59138,0,Normal
19.492,0.62,12.084,45.14,20.74,259.27,0.2014,0,Normal
20.754,1.38,28.631,21.89,58.74,451.78,0.47719,0,Normal
21.827,1.3,28.371,34.76,67.25,576.43,0.47286,0,Normal
19.123,0.331,6.329,19.82,46.09,203.15,0.10549,0,Normal
20.729,1.233,25.559,30.1,59.34,443.07,0.42598,0,Normal
22.084,2.465,54.429,35.84,46.71,832.65,0.90716,0,Normal
24.0,3.218,77.241,15.0,44.87,1049.65,1.28734,0,Normal
21.335,1.446,30.857,27.57,50.65,532.56,0.51429,0,Normal
24.0,2.604,62.492,25.06,45.21,861.82,1.04153,0,Normal
11.521,0.333,3.834,24.09,70.31,114.06,0.06391,1,Low Voltage
23.375,2.038,47.635,31.7,44.77,834.65,0.79392,0,Normal
20.301,1.167,23.694,36.84,41.75,424.89,0.3949,0,Normal
21.677,1.94,42.056,28.07,89.82,736.06,0.70093,0,Normal
21.981,1.778,39.078,30.44,75.29,580.63,0.65129,0,Normal
24.0,2.83,67.921,29.8,24.49,1019.72,1.13201,0,Normal
20.707,0.898,18.587,29.01,44.23,405.16,0.30978,0,Normal
24.0,2.055,49.312,21.37,62.36,825.73,0.82187,0,Normal
20.559,1.569,32.255,36.76,63.83,571.74,0.53758,0,Normal
20.835,1.245,25.936,31.07,31.17,605.67,0.43227,0,Normal
21.257,1.566,33.279,31.76,78.85,598.52,0.55465,0,Normal
21.095,1.201,25.345,23.35,72.85,413.21,0.42241,0,Normal
22.245,1.617,35.96,25.79,66.67,646.05,0.59934,0,Normal
21.099,1.942,40.983,49.02,82.42,632.46,0.68305,1,Over Temperature
23.003,2.244,51.615,18.26,66.14,717.55,0.86026,0,Normal
21.397,3.543,75.807,17.18,66.07,44.0,1.26345,1,Sensor Anomaly
22.659,2.393,54.218,50.44,86.04,873.44,0.90363,1,Over Temperature
23.179,2.694,62.441,32.66,77.82,908.58,1.04069,0,Normal
19.762,0.997,19.701,24.43,42.85,355.83,0.32835,0,Normal
24.0,2.262,54.285,21.87,69.4,893.26,0.90474,0,Normal
20.15,0.866,17.458,23.3,46.04,317.83,0.29096,0,Normal
24.0,2.125,50.99,25.81,67.07,814.6,0.84983,0,Normal
22.73,2.5,56.827,26.52,66.58,823.53,0.94712,0,Normal
18.124,0.421,7.637,44.16,33.1,114.83,0.12728,0,Normal
22.619,1.804,40.807,36.38,55.81,676.03,0.68011,0,Normal
20.77,1.454,30.198,36.17,62.77,518.82,0.5033,0,Normal
21.367,0.967,20.668,37.18,50.15,437.55,0.34446,0,Normal
24.0,2.756,66.151,22.01,63.66,1028.24,1.10252,0,Normal
19.269,1.596,30.754,54.19,72.51,466.97,0.51256,1,Over Temperature
21.463,1.204,25.844,21.25,57.45,424.21,0.43074,0,Normal
22.333,2.009,44.869,38.34,62.04,671.19,0.74782,0,Normal
23.713,2.399,56.881,25.17,82.9,841.97,0.94801,0,Normal
20.443,1.958,40.022,20.24,66.52,610.34,0.66704,0,Normal
23.371,2.371,55.403,25.98,61.61,976.58,0.92339,0,Normal
22.322,2.195,48.987,27.33,40.75,798.67,0.81645,0,Normal
11.801,0.407,4.807,30.88,70.08,40.1,0.08012,1,Low Voltage
22.086,1.565,34.562,30.76,63.94,501.75,0.57603,0,Normal
20.993,1.622,34.046,23.2,81.11,492.68,0.56744,0,Normal
22.46,2.166,48.639,33.8,58.84,784.22,0.81065,0,Normal
18.518,0.05,0.926,24.53,25.31,20.0,0.01543,0,Normal
24.0,2.882,69.16,27.91,27.4,1100.0,1.15267,0,Normal
20.238,4.138,83.739,33.81,71.24,35.89,1.39565,1,Sensor Anomaly
21.71,2.083,45.231,24.51,47.74,691.69,0.75385,0,Normal
22.896,2.839,64.993,25.01,65.86,980.84,1.08322,0,Normal
24.0,3.03,72.73,33.14,60.06,1100.0,1.21216,0,Normal
23.211,2.602,60.387,23.0,55.0,893.81,1.00644,0,Normal
23.472,2.584,60.663,26.31,56.27,915.67,1.01106,0,Normal
10.451,2.073,21.664,32.89,42.42,686.59,0.36107,1,Low Voltage
20.986,1.833,38.476,43.38,57.72,610.37,0.64126,0,Normal
21.675,1.237,26.818,33.24,47.48,516.78,0.44696,0,Normal
21.316,1.209,25.765,32.31,51.3,418.69,0.42942,0,Normal
14.642,0.966,14.147,32.72,52.17,457.64,0.23578,1,Low Voltage
18.784,0.789,14.823,21.49,53.92,271.84,0.24705,0,Normal
22.534,1.857,41.836,29.81,74.6,628.76,0.69727,0,Normal
19.482,0.26,5.064,28.79,55.66,178.29,0.08439,0,Normal
21.982,1.876,41.244,31.25,76.43,703.46,0.68741,0,Normal
20.301,1.78,36.142,29.82,85.68,639.83,0.60236,0,Normal
22.648,1.958,44.344,31.66,73.39,691.14,0.73907,0,Normal
20.563,1.357,27.897,26.82,67.62,503.8,0.46494,0,Normal
24.0,2.849,68.367,29.41,63.88,1100.0,1.13945,0,Normal
24.0,2.897,69.516,20.41,73.58,1030.83,1.1586,0,Normal
20.842,0.545,11.352,26.76,59.61,301.53,0.18919,0,Normal
21.86,1.919,41.959,38.74,75.72,715.2,0.69932,0,Normal
20.712,1.251,25.918,31.23,69.05,479.76,0.43196,0,Normal
21.204,0.995,21.089,28.85,51.52,365.95,0.35148,0,Normal
18.756,0.095,1.781,42.27,74.13,274.78,0.02968,1,Low Current
23.334,1.905,44.46,19.47,59.65,771.02,0.74101,0,Normal
20.71,1.227,25.414,21.23,56.09,459.21,0.42357,0,Normal
22.424,2.684,60.198,40.99,49.43,920.99,1.0033,0,Normal
23.462,2.809,65.914,29.32,60.99,928.26,1.09856,0,Normal
24.0,3.326,79.829,27.3,75.94,1034.7,1.33049,0,Normal
21.525,1.464,31.509,20.61,74.0,411.33,0.52516,0,Normal
23.553,1.954,46.016,32.13,64.36,783.1,0.76694,0,Normal
22.561,2.215,49.977,32.81,68.79,827.09,0.83295,0,Normal
20.504,1.452,29.774,21.34,80.89,517.23,0.49623,0,Normal
20.305,1.194,24.245,28.02,55.3,433.9,0.40408,0,Normal
23.732,3.085,73.209,26.65,37.92,1100.0,1.22016,0,Normal
21.985,2.414,53.08,30.79,81.42,713.7,0.88467,0,Normal
22.825,2.137,48.781,21.17,48.46,828.07,0.81302,0,Normal
20.709,1.025,21.218,50.97,45.57,419.82,0.35363,1,Over Temperature
18.047,1.146,20.691,35.41,25.67,308.6,0.34484,0,Normal
20.393,1.26,25.689,26.46,68.28,490.55,0.42815,0,Normal
21.122,1.787,37.748,27.49,28.81,615.27,0.62914,0,Normal
20.867,1.167,24.36,28.05,44.5,352.02,0.406,0,Normal
21.14,1.904,40.246,23.55,68.59,647.24,0.67077,0,Normal
19.2,0.53,10.177,25.9,70.99,177.22,0.16962,0,Normal
19.876,1.108,22.02,27.11,46.27,336.39,0.36699,0,Normal
23.375,2.131,49.822,40.29,55.59,837.86,0.83037,0,Normal
23.066,2.167,49.994,35.63,42.29,819.06,0.83324,0,Normal
21.063,1.585,33.39,50.46,48.13,540.27,0.5565,1,Over Temperature
19.637,0.639,12.557,31.59,62.79,365.03,0.20929,0,Normal
18.973,1.275,24.196,21.18,48.97,362.33,0.40327,0,Normal
21.353,1.573,33.599,28.71,53.6,545.48,0.55998,0,Normal
23.084,2.315,53.445,35.79,31.64,830.47,0.89075,0,Normal
15.428,2.273,35.062,20.19,78.39,909.91,0.58436,1,Low Voltage
9.39,1.181,11.09,33.46,67.18,510.97,0.18483,1,Low Voltage
19.632,0.816,16.022,45.26,72.27,327.02,0.26703,0,Normal
22.302,2.141,47.737,36.43,81.23,725.0,0.79561,0,Normal
19.476,0.776,15.115,38.9,43.15,419.41,0.25191,0,Normal
20.489,1.544,31.633,30.53,51.55,504.89,0.52721,0,Normal
22.572,2.748,62.027,35.78,23.89,1021.08,1.03378,0,Normal
24.0,2.432,58.369,23.98,95.0,881.59,0.97281,0,Normal
21.016,1.962,41.225,34.57,55.31,694.23,0.68709,0,Normal
19.928,0.861,17.152,33.58,76.7,293.86,0.28587,0,Normal
22.08,1.84,40.617,31.03,35.71,709.19,0.67695,0,Normal
24.0,2.713,65.113,38.21,75.93,947.54,1.08521,0,Normal
20.709,1.107,22.935,25.23,91.44,544.82,0.38224,0,Normal
24.0,2.787,66.878,27.69,56.91,1028.31,1.11463,0,Normal
22.766,2.841,64.686,29.67,39.8,1011.97,1.07811,0,Normal
23.323,3.033,70.733,21.79,55.5,1100.0,1.17888,0,Normal
22.691,1.713,38.874,30.59,20.0,735.47,0.64789,0,Normal
21.838,4.376,95.568,16.97,57.32,54.77,1.5928,1,Sensor Anomaly
23.833,2.654,63.258,36.33,72.78,1045.97,1.0543,0,Normal
23.251,2.145,49.863,29.33,57.36,775.27,0.83105,0,Normal
21.572,1.454,31.361,25.35,52.89,509.65,0.52269,0,Normal
20.727,1.476,30.593,23.16,67.5,524.41,0.50988,0,Normal
21.13,2.21,46.704,27.36,68.87,716.8,0.77841,0,Normal
19.868,0.788,15.654,33.82,28.12,288.64,0.26091,0,Normal
22.403,1.765,39.532,32.83,59.6,609.89,0.65886,0,Normal
23.302,2.673,62.296,24.06,95.0,957.03,1.03827,0,Normal
17.704,0.213,3.765,23.08,33.97,36.45,0.06276,0,Normal
23.896,3.235,77.299,33.6,56.46,1079.65,1.28832,0,Normal
16.024,2.729,43.729,23.94,92.95,964.26,0.72881,1,Low Voltage
21.877,1.591,34.798,50.57,77.88,521.27,0.57996,1,Over Temperature
21.824,2.492,54.375,29.87,48.76,802.15,0.90625,0,Normal
20.702,2.05,42.436,31.18,61.71,650.88,0.70726,0,Normal
24.0,2.673,64.156,35.01,57.96,994.4,1.06927,0,Normal
23.548,2.796,65.835,20.16,44.53,925.15,1.09725,0,Normal
9.763,0.777,7.589,15.62,56.66,257.98,0.12648,1,Low Voltage
22.402,0.423,9.467,25.03,52.96,814.43,0.15778,1,Low Current
21.482,1.72,36.945,41.61,60.03,592.42,0.61576,0,Normal
22.257,1.883,41.916,43.16,44.53,673.19,0.69859,0,Normal
20.466,1.296,26.518,41.82,35.02,446.11,0.44197,0,Normal
24.0,3.114,74.729,27.65,57.26,1100.0,1.24548,0,Normal
23.63,2.722,64.319,54.81,88.87,941.22,1.07199,1,Over Temperature
20.723,1.23,25.49,15.0,59.48,442.86,0.42484,0,Normal
19.827,0.729,14.448,24.7,52.03,276.31,0.2408,0,Normal
21.512,1.829,39.347,27.61,71.57,542.01,0.65578,0,Normal
22.462,2.204,49.509,38.1,55.15,771.66,0.82515,0,Normal
21.153,1.875,39.656,35.07,91.62,717.26,0.66094,0,Normal
15.933,2.729,43.482,30.59,57.93,1000.88,0.72471,1,Low Voltage
12.534,2.638,33.059,22.77,70.61,871.18,0.55098,1,Low Voltage
23.19,2.458,57.006,22.27,44.42,921.48,0.9501,0,Normal
22.327,1.791,39.999,30.78,67.06,741.52,0.66666,0,Normal
18.671,0.468,8.729,33.88,62.95,261.0,0.14549,0,Normal
20.608,1.338,27.584,31.74,56.98,595.2,0.45973,0,Normal
21.931,2.43,53.298,21.76,48.97,946.83,0.88829,0,Normal
22.823,1.544,35.243,33.55,46.52,635.57,0.58738,0,Normal
22.96,2.441,56.035,31.98,63.08,790.87,0.93391,0,Normal
21.37,1.57,33.552,21.51,69.32,560.75,0.55919,0,Normal
19.74,0.95,18.743,23.51,55.71,361.65,0.31239,0,Normal
19.459,1.441,28.034,33.82,63.17,615.46,0.46724,0,Normal
21.85,2.029,44.339,27.36,57.32,736.53,0.73899,0,Normal
20.921,0.964,20.16,40.12,59.77,466.41,0.336,0,Normal
21.976,1.55,34.069,32.51,54.39,584.0,0.56782,0,Normal
20.756,1.454,30.182,25.59,58.32,386.95,0.50303,0,Normal
23.793,2.801,66.646,28.93,95.0,963.39,1.11077,0,Normal
22.207,1.541,34.216,29.44,63.61,567.55,0.57027,0,Normal
24.0,3.089,74.148,23.9,69.62,1056.77,1.2358,0,Normal
24.0,2.935,70.451,22.61,65.88,1078.05,1.17419,0,Normal
21.272,1.589,33.798,33.91,53.27,627.31,0.5633,0,Normal
19.341,1.321,25.546,34.92,81.29,367.63,0.42576,0,Normal
17.486,0.05,0.874,33.23,52.76,65.95,0.01457,0,Normal
18.317,0.588,10.763,39.61,76.99,237.83,0.17938,0,Normal
9.818,0.798,7.832,25.21,51.98,265.33,0.13054,1,Low Voltage
12.959,2.664,34.519,40.72,40.72,1035.97,0.57532,1,Low Voltage
21.429,2.035,43.598,22.69,64.58,682.43,0.72664,0,Normal
23.131,2.08,48.116,21.91,38.12,759.09,0.80193,0,Normal
18.607,0.2,3.716,16.68,67.64,28.28,0.06193,0,Normal
20.539,0.985,20.233,25.88,36.51,314.57,0.33722,0,Normal
23.737,2.47,58.63,25.47,52.26,898.38,0.97716,0,Normal
21.663,2.329,50.456,32.68,32.23,730.3,0.84094,0,Normal
21.563,1.57,33.859,30.71,95.0,608.78,0.56432,0,Normal
23.045,2.52,58.083,50.35,28.23,808.16,0.96806,1,Over Temperature
23.925,3.286,78.612,26.25,58.18,1100.0,1.31019,0,Normal
11.494,1.962,22.552,26.4,78.58,588.11,0.37587,1,Low Voltage
21.751,0.249,5.406,16.57,76.65,669.42,0.09009,1,Low Current
23.721,0.583,13.841,22.13,73.32,703.93,0.23068,1,Low Current
24.0,3.46,83.047,23.6,52.29,1100.0,1.38411,0,Normal
18.885,0.11,2.081,39.04,82.32,62.18,0.03468,0,Normal
22.586,2.19,49.472,30.34,74.44,841.3,0.82453,0,Normal
12.491,1.673,20.903,33.64,61.82,617.86,0.34839,1,Low Voltage
23.646,2.11,49.886,18.51,62.33,808.7,0.83144,0,Normal
21.153,1.375,29.089,37.36,52.53,465.94,0.48482,0,Normal
21.762,1.638,35.636,47.07,41.63,636.29,0.59393,1,Over Temperature
24.0,2.362,56.679,15.01,80.27,849.19,0.94465,0,Normal
24.0,3.259,78.205,24.06,81.62,1100.0,1.30341,0,Normal
24.0,2.538,60.919,32.47,42.09,876.25,1.01531,0,Normal
19.129,1.143,21.867,33.51,55.23,412.54,0.36445,0,Normal
